Record_ID,Order_ID,Production_Date,Plant_Location,Machine_ID,Machine_Type,Machine_Age_Years,Shift,Operator_ID,Supervisor_Name,Product_Line,Raw_Material,Supplier_Name,Batch_Size,Planned_Quantity,Actual_Quantity_Produced,Defect_Count,Quality_Grade,Inspection_Passed,Downtime_Minutes,Cycle_Time_Sec,Temperature_C,Humidity_Pct,Vibration_mm_s,Energy_Consumption_kWh,Unit_Cost_USD,Scrap_Cost_USD,Labor_Hours,OEE_Percent,Last_Maintenance_Days_Ago,Maintenance_Status,Remarks,Yield_Percent,Defect_Rate_Percent
1,ORD-69000,2025-12-21,Plant A,MC-023,CNC Lathe,4.5,Night,OP0037,Unknown,Packaging Unit,Polycarbonate,Unknown,150,626,456,5,Not Graded,No,42.8,52.24,56.3,39.6,0.83,124.46,7.23,30.1,6.04,41.8,18,OK,OK,72.84,1.1
2,ORD-88724,2026-01-22,Plant B,MC-010,3D Printer,7.8,Morning,OP0044,Unknown,Medical Device Part,Steel,SteelCorp Ltd,200,539,523,11,C,Yes,0.6,33.8,65.7,63.1,4.97,124.39,18.34,181.44,6.81,82.5,39,Not Scheduled,No Remarks,97.03,2.1
3,ORD-59417,2025-12-14,Plant A,MC-014,Injection Molder,4.5,Morning,Unknown,A. Iyer,Medical Device Part,Polycarbonate,Global Alloys,100,449,342,7,C,Yes,42.7,44.17,56.7,47.2,1.49,159.64,40.68,232.27,9.61,76.5,41,Scheduled,No Remarks,76.17,2.05
4,ORD-69099,2026-03-21,Plant D,MC-019,3D Printer,7.0,Evening,OP0112,P. Rao,Metal Bracket,Polycarbonate,MetalWorks Pvt Ltd,150,262,234,7,B,Not Recorded,5.9,44.14,60.0,46.7,2.76,143.47,14.76,83.04,7.76,54.4,52,Due,Late shift start,89.31,2.99
5,ORD-18675,2026-02-20,Plant B,MC-024,Injection Molder,4.4,Morning,OP0088,A. Iyer,Consumer Plastics,Unknown,Poly Materials Inc,100,348,354,10,A,Not Recorded,12.1,41.39,54.7,36.4,1.5,157.0,36.59,323.51,8.2,44.3,1,Overdue,No Remarks,101.72,2.82
6,ORD-39899,2026-08-23,Plant A,MC-015,CNC Lathe,1.5,Evening,OP0056,Unknown,Electronics Housing,Aluminum,MetalWorks Pvt Ltd,300,411,365,6,A,Yes,5.5,47.01,75.9,55.1,3.77,149.34,16.93,63.17,8.63,94.7,13,Scheduled,Line stopped briefly,88.81,1.64
7,ORD-28289,2026-02-25,Plant B,MC-022,Press Brake,13.9,Night,OP0049,P. Rao,Medical Device Part,Polycarbonate,SteelCorp Ltd,200,251,210,4,B,Not Recorded,9.7,41.15,64.5,47.7,3.96,116.12,35.74,140.45,8.59,95.4,0,Scheduled,No Remarks,83.67,1.9
8,ORD-73249,2026-08-15,Plant A,MC-024,Assembly Line,13.6,Evening,OP0002,Unknown,Industrial Fastener,Cast Iron,MetalWorks Pvt Ltd,200,549,547,8,A,Yes,18.2,38.83,64.1,47.6,2.16,151.67,35.44,181.28,7.52,69.2,5,Due,Routine check,99.64,1.46
9,ORD-72804,2026-08-11,Plant A,MC-030,Press Brake,14.6,Night,OP0089,S. Kumar,Consumer Plastics,Unknown,Global Alloys,300,398,344,4,Not Graded,Yes,31.9,23.85,53.6,37.0,3.22,97.18,4.05,15.05,7.84,84.0,21,Overdue,OK,86.43,1.16
10,ORD-91019,2026-09-05,Unknown,MC-009,Laser Cutter,13.9,Morning,OP0095,P. Rao,Home Appliance Component,Aluminum,Unknown,250,401,369,6,Not Graded,No,1.7,39.24,76.7,33.5,4.59,84.4,17.38,63.18,9.78,100.0,25,Not Scheduled,customer complaint logged,92.02,1.63
11,ORD-73393,2026-07-11,Plant D,MC-040,Injection Molder,5.2,Night,OP0051,Unknown,Automotive Parts,ABS Plastic,Precision Components Co,200,427,316,4,Not Graded,Yes,2.1,58.3,80.8,43.4,0.3,101.67,12.45,37.39,6.49,88.1,2,Not Scheduled,Routine check,74.0,1.27
12,ORD-89050,2026-07-13,Plant E,MC-017,Laser Cutter,9.1,Morning,OP0024,N. Fernandes,Electronics Housing,Steel,Precision Components Co,100,437,431,9,B,Yes,5.3,41.1,66.3,43.2,1.08,125.01,9.28,52.27,9.9,50.2,18,Not Scheduled,Routine check,98.63,2.09
13,ORD-21149,2026-08-25,Plant B,MC-037,Assembly Line,1.5,Morning,OP0078,Unknown,Medical Device Part,Aluminum,MetalWorks Pvt Ltd,100,644,621,15,B,Not Recorded,6.6,53.58,64.7,49.2,1.43,102.74,13.51,144.11,9.65,89.2,36,Overdue,Material shortage,96.43,2.42
14,ORD-67732,2025-12-09,Plant D,MC-032,3D Printer,4.5,Morning,OP0010,P. Rao,Medical Device Part,Steel,Precision Components Co,50,509,462,10,B,No,26.7,57.7,66.4,54.3,2.67,94.34,40.76,265.92,8.37,85.9,77,Due,Power fluctuation,90.77,2.16
15,ORD-17705,2026-04-14,Plant D,MC-007,Conveyor Unit,10.0,Evening,OP0108,A. Iyer,Medical Device Part,Aluminum,Poly Materials Inc,50,621,693,14,A+,No,29.0,28.73,65.8,45.1,2.79,149.97,42.25,564.38,7.1,90.0,25,Due,Routine check,111.59,2.02
16,ORD-31455,2026-06-07,Plant C,MC-011,CNC Lathe,7.9,Evening,OP0097,M. Naidu,Aerospace Component,Aluminum,Precision Components Co,250,493,409,12,B,Not Recorded,67.1,32.91,64.9,47.8,3.12,100.42,27.19,257.82,7.4,82.3,18,Due,Late shift start,82.96,2.93
17,ORD-94620,2026-05-25,Plant C,MC-012,CNC Lathe,5.8,Evening,OP0098,N. Fernandes,Automotive Parts,ABS Plastic,Unknown,150,499,531,14,A+,No,11.3,34.71,49.3,51.9,3.1,79.73,34.84,282.47,8.89,61.8,61,Due,Power fluctuation,106.41,2.64
18,ORD-72344,2026-01-17,Plant C,MC-023,Injection Molder,6.4,Night,OP0026,N. Fernandes,Industrial Fastener,Copper,SteelCorp Ltd,150,346,320,9,A,Yes,4.6,33.9,83.5,52.7,5.8,103.63,36.1,191.82,6.9,86.7,26,OK,Material shortage,92.49,2.81
19,ORD-82641,2026-09-07,Plant D,MC-034,Laser Cutter,2.1,Morning,OP0072,Unknown,Metal Bracket,ABS Plastic,MetalWorks Pvt Ltd,200,677,633,9,C,Yes,13.8,62.45,71.9,32.0,0.83,94.05,34.02,285.2,8.3,69.0,32,OK,No Remarks,93.5,1.42
20,ORD-78762,2026-01-02,Plant C,MC-034,Assembly Line,6.6,Morning,OP0027,A. Iyer,Consumer Plastics,Steel,SteelCorp Ltd,100,521,437,4,A,Yes,34.8,41.58,57.4,50.2,3.54,146.43,11.46,43.31,7.6,53.8,17,OK,No Remarks,83.88,0.92
21,ord1259,2026-08-21,Plant D,MC-024,Stamping Press,4.7,Morning,OP0096,P. Rao,Consumer Plastics,Steel,Poly Materials Inc,150,356,308,5,B,Yes,1.4,68.61,81.2,50.1,1.13,140.44,3.02,10.18,7.21,50.1,2,Due,OK,86.52,1.62
22,ord6318,2026-02-02,Plant B,MC-031,Press Brake,3.6,Night,OP0086,R. Sharma,Home Appliance Component,ABS Plastic,Precision Components Co,100,682,517,8,B,Yes,36.3,36.81,56.0,47.8,1.55,141.91,11.64,83.35,2.6,55.8,24,Due,Routine check,75.81,1.55
23,ORD-36644,2026-04-16,Plant D,MC-028,Laser Cutter,3.3,Evening,OP0084,N. Fernandes,Metal Bracket,Aluminum,Precision Components Co,175,483,479,7,Not Graded,Yes,32.6,43.53,82.8,75.5,3.02,127.98,28.16,166.91,8.35,49.5,15,Not Scheduled,Routine check,99.17,1.46
24,ORD-69863,2025-10-02,Plant A,MC-006,Injection Molder,7.3,Morning,OP0012,M. Naidu,Metal Bracket,Steel,Global Alloys,175,396,409,11,Reject,Yes,18.6,42.92,68.0,72.4,2.02,117.25,31.47,335.28,9.45,59.7,34,Not Scheduled,No Remarks,103.28,2.69
25,ORD-61789,2026-04-20,Plant B,MC-013,Assembly Line,12.7,Evening,OP0076,Unknown,Packaging Unit,Steel,Unknown,200,314,290,5,B,Yes,16.7,55.67,63.0,56.1,2.12,122.29,33.84,145.29,7.11,78.0,24,Due,Line stopped briefly,92.36,1.72
26,ORD-64123,2025-10-30,Plant B,MC-009,CNC Mill,14.0,Night,OP0056,A. Iyer,Electronics Housing,Aluminum,SteelCorp Ltd,300,562,526,13,B,Yes,5.1,33.68,75.7,53.6,0.74,122.77,4.91,61.64,8.13,71.1,27,OK,Line stopped briefly,93.59,2.47
27,ORD-25647,2026-05-20,Plant A,MC-031,Welding Robot,7.0,Morning,OP0062,L. D'Souza,Industrial Fastener,Unknown,SteelCorp Ltd,100,402,345,8,A+,Yes,8.5,60.5,71.8,42.7,2.67,51.68,22.57,111.26,8.97,46.1,63,Overdue,Routine check,85.82,2.32
28,ORD-22990,2025-11-22,Plant E,MC-031,Laser Cutter,3.0,Night,OP0036,L. D'Souza,Medical Device Part,Aluminum,SteelCorp Ltd,200,495,471,9,B,Yes,2.1,57.42,64.2,45.4,2.77,163.9,27.0,204.92,6.74,71.8,12,Due,Material shortage,95.15,1.91
29,ORD-10423,2025-10-07,Plant A,MC-021,3D Printer,13.8,Evening,OP0075,S. Kumar,Home Appliance Component,Steel,Precision Components Co,250,480,424,8,C,No,0.2,37.89,76.5,51.3,3.27,166.85,20.27,141.04,6.18,52.0,15,Not Scheduled,Routine check,88.33,1.89
30,ORD-21869,2025-12-15,Plant A,MC-029,Stamping Press,9.6,Evening,Unknown,Unknown,Industrial Fastener,Aluminum,Global Alloys,300,536,463,16,Reject,Yes,37.5,48.96,72.9,58.2,1.46,147.77,9.67,133.45,9.95,56.1,73,Not Scheduled,unknown issue,86.38,3.46
31,ORD-30898,2025-10-26,Plant E,MC-034,3D Printer,8.3,Night,OP0039,R. Sharma,Home Appliance Component,Polycarbonate,SteelCorp Ltd,300,663,619,15,B,Not Recorded,10.3,55.29,65.2,41.9,4.83,140.91,23.86,326.13,8.12,68.5,85,OK,Routine check,93.36,2.42
32,ORD-27713,2026-05-13,Plant A,MC-022,CNC Lathe,3.0,Evening,OP0074,M. Naidu,Industrial Fastener,Aluminum,Poly Materials Inc,50,458,341,8,A,No,22.4,52.16,70.7,29.3,1.85,138.66,20.23,118.53,9.03,55.5,28,Not Scheduled,unknown issue,74.45,2.35
33,ORD-77739,2026-05-27,Plant C,MC-004,Welding Robot,0.9,Morning,OP0087,A. Iyer,Consumer Plastics,Steel,Unknown,50,491,457,8,A+,Yes,18.8,65.38,60.4,54.5,2.71,143.29,27.77,144.52,6.61,87.0,13,OK,No Remarks,93.08,1.75
34,ORD-60353,2026-06-21,Plant C,MC-026,CNC Mill,1.5,Morning,OP0069,K. Verma,Aerospace Component,Polycarbonate,Global Alloys,300,480,454,8,A+,No,51.1,45.2,75.1,60.6,2.31,78.15,4.19,24.46,5.31,55.9,1,OK,Material shortage,94.58,1.76
35,ORD-63967,2026-07-04,Plant B,MC-029,Welding Robot,10.8,Evening,Unknown,Unknown,Consumer Plastics,Steel,Poly Materials Inc,250,522,504,10,B,No,47.2,37.1,72.1,33.2,2.18,135.64,7.45,66.97,6.94,75.5,26,Not Scheduled,No Remarks,96.55,1.98
36,ORD-30484,2026-07-06,Plant A,MC-032,Injection Molder,9.9,Morning,OP0063,M. Naidu,Automotive Parts,Steel,SteelCorp Ltd,150,628,662,20,A,No,22.0,43.3,62.8,49.9,1.41,116.42,36.99,474.6,6.91,70.1,16,OK,Late shift start,105.41,3.02
37,ORD-58908,2026-04-14,Plant C,MC-020,Conveyor Unit,4.9,Night,OP0060,P. Rao,Home Appliance Component,Polycarbonate,Unknown,200,704,592,14,A+,No,0.7,41.67,58.7,42.6,2.05,143.09,15.68,164.72,10.38,87.1,29,Not Scheduled,customer complaint logged,84.09,2.36
38,ORD-64358,2026-04-27,Plant B,MC-034,3D Printer,10.6,Morning,OP0046,A. Iyer,Metal Bracket,Polycarbonate,Poly Materials Inc,200,368,367,9,Not Graded,Yes,19.6,27.45,70.6,1.6,3.15,81.37,29.87,243.07,7.52,81.4,51,Not Scheduled,No Remarks,99.73,2.45
39,ORD-46582,2026-04-04,Plant B,MC-039,Press Brake,14.3,Night,OP0073,K. Verma,Aerospace Component,Steel,Global Alloys,100,320,281,4,A+,No,550.0,46.89,62.1,35.8,1.54,106.51,43.06,169.1,9.85,53.4,71,OK,Power fluctuation,87.81,1.42
40,ORD-20929,2026-02-03,Plant A,MC-030,Injection Molder,14.3,Morning,OP0096,N. Fernandes,Medical Device Part,ABS Plastic,SteelCorp Ltd,200,444,376,11,B,Yes,0.4,49.79,56.1,42.1,3.77,118.0,28.14,162.68,9.95,58.1,5,OK,Power fluctuation,84.68,2.93
41,ORD-91075,2025-10-20,Plant C,MC-019,Injection Molder,14.0,Night,OP0018,N. Fernandes,Electronics Housing,Polycarbonate,Poly Materials Inc,100,535,505,9,A+,Not Recorded,21.5,37.94,76.3,59.8,2.38,100.04,33.5,295.38,6.89,78.7,26,Due,No Remarks,94.39,1.78
42,ORD-15156,2025-10-16,Plant A,MC-037,Stamping Press,13.6,Unknown,OP0051,P. Rao,Consumer Plastics,Aluminum,Unknown,150,589,551,11,A,Not Recorded,24.5,65.23,64.6,49.9,4.33,134.82,29.83,296.34,9.54,62.9,30,Not Scheduled,Power fluctuation,93.55,2.0
43,ORD-61288,2026-07-23,Plant D,MC-022,Welding Robot,7.0,Evening,OP0081,K. Verma,Consumer Plastics,Copper,SteelCorp Ltd,50,451,412,5,A+,Not Recorded,33.7,43.66,76.5,37.1,1.65,107.24,4.66,20.45,7.69,74.6,37,OK,Late shift start,91.35,1.21
44,ORD-82580,2026-02-03,Plant B,MC-016,Conveyor Unit,9.0,Night,OP0090,A. Iyer,Home Appliance Component,ABS Plastic,MetalWorks Pvt Ltd,100,594,554,5,B,Yes,27.7,58.59,50.0,40.0,3.67,107.52,16.78,62.03,6.64,88.9,6,Not Scheduled,Line stopped briefly,93.27,0.9
45,ORD-85660,2026-04-16,Plant A,MC-022,Press Brake,1.9,Morning,OP0098,P. Rao,Medical Device Part,ABS Plastic,Unknown,300,530,416,4,B,Yes,41.2,10.76,65.2,63.5,2.77,164.34,19.37,46.02,6.23,83.1,24,Overdue,Late shift start,78.49,0.96
46,ORD-64708,2026-03-08,Plant A,MC-003,Stamping Press,1.7,Night,OP0058,A. Iyer,Medical Device Part,Copper,Unknown,150,453,424,8,A,Yes,57.6,56.08,76.3,49.4,2.88,76.87,11.69,90.61,9.91,62.7,85,Due,Late shift start,93.6,1.89
47,ORD-96766,2026-03-08,Plant C,MC-013,CNC Lathe,3.3,Morning,OP0074,M. Naidu,Electronics Housing,Steel,SteelCorp Ltd,250,466,486,13,B,Yes,26.6,61.11,65.5,60.5,0.5,157.89,30.42,365.64,5.65,73.5,67,OK,Routine check,104.29,2.67
48,ORD-34625,2026-03-16,Plant E,MC-027,CNC Mill,8.0,Evening,OP0073,N. Fernandes,Consumer Plastics,Copper,Precision Components Co,100,772,616,12,A+,Yes,34.6,46.31,51.1,46.1,2.54,43.28,30.5,341.04,9.07,85.2,3,Due,No Remarks,79.79,1.95
49,ORD-95877,2026-07-21,Plant C,MC-038,CNC Lathe,5.9,Morning,OP0051,Unknown,Industrial Fastener,Aluminum,MetalWorks Pvt Ltd,100,440,433,10,Not Graded,Not Recorded,18.1,33.97,58.1,36.8,4.75,105.55,33.73,324.78,9.2,97.1,45,Overdue,Power fluctuation,98.41,2.31
50,ORD-52762,2026-06-09,Plant A,MC-010,Welding Robot,7.8,Evening,OP0115,K. Verma,Medical Device Part,Aluminum,Unknown,150,825,749,14,B,Not Recorded,25.4,62.9,78.5,42.5,1.92,155.12,3.31,29.93,8.29,67.7,46,Overdue,customer complaint logged,90.79,1.87
51,ORD-86095,2026-04-21,Plant C,MC-033,Press Brake,4.7,Night,OP0107,P. Rao,Packaging Unit,Polycarbonate,Global Alloys,150,452,400,8,B,Yes,49.6,49.25,75.0,46.7,1.99,124.67,36.61,174.69,4.73,69.8,3,OK,No Remarks,88.5,2.0
52,ORD-71153,2025-11-23,Plant D,MC-036,Press Brake,10.4,Morning,OP0048,P. Rao,Electronics Housing,Copper,Poly Materials Inc,100,565,524,9,A,No,15.7,41.34,66.2,40.2,3.21,126.79,29.65,167.35,8.73,73.4,30,Overdue,customer complaint logged,92.74,1.72
53,ORD-44676,2026-08-28,Plant B,MC-006,CNC Mill,6.6,Morning,OP0114,M. Naidu,Electronics Housing,ABS Plastic,SteelCorp Ltd,150,302,283,9,Not Graded,Not Recorded,28.9,33.59,67.9,47.1,2.05,182.76,18.09,118.55,4.07,83.4,33,Not Scheduled,customer complaint logged,93.71,3.18
54,ORD-83048,2026-07-24,Plant B,MC-006,Welding Robot,5.3,Evening,OP0070,K. Verma,Industrial Fastener,ABS Plastic,Global Alloys,150,804,781,14,B,Yes,41.8,38.01,75.7,17.2,1.8,141.98,12.05,147.96,10.5,66.2,21,Not Scheduled,unknown issue,97.14,1.79
55,ORD-11856,2025-11-03,Plant E,MC-032,Conveyor Unit,7.8,Morning,OP0020,Unknown,Consumer Plastics,Aluminum,Global Alloys,250,592,555,9,A,Yes,54.8,35.78,74.9,46.4,0.79,101.35,11.08,87.43,8.02,63.7,1,Scheduled,Late shift start,93.75,1.62
56,ORD-98842,2026-04-04,Plant B,MC-010,Press Brake,10.6,Morning,OP0014,A. Iyer,Industrial Fastener,Unknown,Poly Materials Inc,200,615,538,11,B,No,0.3,42.77,61.4,68.7,0.07,219.17,10.54,60.75,6.75,73.3,47,Not Scheduled,Material shortage,87.48,2.04
57,ORD-39423,2026-09-04,Plant A,MC-015,Laser Cutter,0.8,Morning,OP0073,A. Iyer,Automotive Parts,Aluminum,Global Alloys,100,496,430,8,Not Graded,Yes,8.9,37.92,79.7,17.3,3.71,100.95,30.02,139.6,6.28,96.0,19,OK,Line stopped briefly,86.69,1.86
58,ORD-20919,2026-07-10,Plant B,MC-040,CNC Lathe,6.0,Morning,OP0061,M. Naidu,Packaging Unit,Steel,Precision Components Co,200,483,434,8,B,Yes,1.2,40.22,58.4,26.5,4.01,147.84,21.64,168.18,9.33,77.5,33,Not Scheduled,Power fluctuation,89.86,1.84
59,ORD-26548,2026-01-25,Plant C,MC-028,Assembly Line,3.5,Morning,OP0109,K. Verma,Automotive Parts,Aluminum,Poly Materials Inc,300,402,346,8,A,Not Recorded,8.8,38.93,67.1,31.5,1.93,77.78,2.54,17.92,8.31,90.4,1,Not Scheduled,Line stopped briefly,86.07,2.31
60,ORD-63559,2026-01-22,Plant E,MC-020,Laser Cutter,2.3,Morning,OP0012,K. Verma,Packaging Unit,Copper,Global Alloys,200,574,659,14,A,Yes,51.9,35.72,74.2,40.6,1.43,94.34,44.97,598.58,7.07,100.0,22,Due,No Remarks,114.81,2.12
61,ORD-15613,2026-06-23,Plant D,MC-016,CNC Mill,11.1,Evening,OP0079,S. Kumar,Home Appliance Component,Steel,Unknown,300,546,468,11,B,Not Recorded,9.7,46.79,76.2,64.7,0.21,120.9,36.16,301.32,8.99,56.4,37,OK,unknown issue,85.71,2.35
62,ORD-90065,2025-10-28,Plant B,MC-022,Stamping Press,4.1,Night,OP0015,A. Iyer,Metal Bracket,Steel,MetalWorks Pvt Ltd,100,434,433,4,Reject,Yes,34.8,44.8,70.3,40.5,4.37,84.36,5.5,12.81,7.58,50.8,23,Scheduled,customer complaint logged,99.77,0.92
63,ORD-74007,2025-11-27,Plant B,MC-026,CNC Mill,12.7,Morning,OP0048,R. Sharma,Medical Device Part,Aluminum,Unknown,100,496,463,3,A+,No,64.5,57.12,67.3,43.0,1.61,70.61,7.69,21.2,5.64,79.5,0,Not Scheduled,unknown issue,93.35,0.65
64,ORD-36179,2026-03-15,Plant E,MC-016,CNC Mill,3.4,Morning,OP0054,A. Iyer,Packaging Unit,Polycarbonate,SteelCorp Ltd,100,264,214,2,B,No,59.2,51.02,63.0,36.4,2.09,80.57,8.61,11.38,7.35,81.2,25,OK,unknown issue,81.06,0.93
65,ord4287,2025-12-31,Plant B,MC-027,Press Brake,13.1,Evening,OP0010,Unknown,Metal Bracket,Aluminum,Global Alloys,150,196,177,6,A,Yes,14.2,38.19,54.3,47.9,2.45,181.92,7.8,41.5,7.41,86.1,37,Overdue,Power fluctuation,90.31,3.39
66,ORD-89244,2026-06-12,Plant C,MC-012,3D Printer,8.3,Night,OP0077,K. Verma,Home Appliance Component,Copper,Precision Components Co,100,350,293,5,B,No,50.5,48.25,53.5,51.1,0.59,169.24,33.05,84.07,7.63,91.3,29,Overdue,No Remarks,83.71,1.71
68,ORD-66980,2026-05-16,Plant C,MC-026,CNC Mill,14.5,Night,OP0083,R. Sharma,Packaging Unit,Copper,SteelCorp Ltd,300,595,590,10,C,Yes,29.0,47.25,77.0,36.6,3.09,156.9,31.05,187.18,7.57,82.3,5,OK,unknown issue,99.16,1.69
69,ORD-98095,2026-07-09,Plant E,MC-005,CNC Lathe,10.7,Evening,OP0049,R. Sharma,Industrial Fastener,Unknown,SteelCorp Ltd,200,305,289,5,B,Yes,30.5,42.81,65.6,56.4,1.4,129.05,23.69,61.09,8.69,50.9,30,Overdue,Line stopped briefly,94.75,1.73
70,ORD-39976,2025-12-30,Plant B,MC-036,CNC Mill,5.6,Evening,OP0014,K. Verma,Automotive Parts,Cast Iron,SteelCorp Ltd,150,446,429,10,B,Not Recorded,58.5,37.71,78.0,57.2,3.5,75.65,28.13,277.17,8.69,83.5,25,Not Scheduled,Line stopped briefly,96.19,2.33
71,ORD-16788,2026-08-28,Plant E,MC-033,CNC Mill,13.1,Evening,OP0092,L. D'Souza,Medical Device Part,Aluminum,Global Alloys,150,663,637,12,A,Not Recorded,8.7,39.38,74.3,56.9,2.39,93.75,15.75,129.87,10.89,91.5,32,Due,Material shortage,96.08,1.88
72,ORD-81919,2026-06-22,Plant B,MC-020,CNC Mill,8.4,Night,OP0103,K. Verma,Consumer Plastics,Copper,Global Alloys,50,436,402,3,B,Not Recorded,13.2,46.46,73.6,44.1,1.04,117.79,31.34,80.38,9.15,69.5,18,Scheduled,customer complaint logged,92.2,0.75
73,ORD-55706,2025-10-15,Plant E,MC-037,Press Brake,0.2,Morning,OP0053,Unknown,Industrial Fastener,Steel,SteelCorp Ltd,200,385,371,9,Not Graded,No,32.3,14.3,61.4,32.7,0.76,93.78,34.03,131.32,6.28,89.2,46,Overdue,customer complaint logged,96.36,2.43
74,ORD-96054,2026-01-26,Plant D,MC-027,Injection Molder,3.1,Evening,OP0071,A. Iyer,Automotive Parts,Aluminum,Unknown,100,580,486,14,A,Yes,58.3,68.68,60.5,56.6,0.9,125.84,40.14,461.46,10.77,83.8,3,Not Scheduled,customer complaint logged,83.79,2.88
75,ORD-86200,2025-11-08,Plant B,MC-002,CNC Mill,1.8,Morning,OP0104,N. Fernandes,Aerospace Component,Aluminum,Global Alloys,300,498,461,8,Not Graded,No,46.3,30.93,56.2,63.3,1.28,126.91,16.17,124.57,9.09,68.4,61,OK,OK,92.57,1.74
76,ORD-30503,2025-12-04,Unknown,MC-031,CNC Mill,7.3,Morning,OP0114,R. Sharma,Industrial Fastener,Steel,Precision Components Co,250,619,588,16,A,Yes,11.9,60.81,59.3,56.8,3.77,81.57,24.08,367.33,9.76,84.5,9,OK,OK,94.99,2.72
77,ORD-78995,2026-04-28,Plant D,MC-025,3D Printer,7.8,Morning,OP0040,L. D'Souza,Packaging Unit,Steel,Precision Components Co,50,580,506,8,Not Graded,Not Recorded,3.5,47.85,68.7,48.4,1.01,117.52,29.51,196.33,6.13,49.5,0,Scheduled,Late shift start,87.24,1.58
78,ORD-46564,2026-03-07,Plant C,MC-038,Welding Robot,6.2,Morning,OP0068,Unknown,Home Appliance Component,Aluminum,Global Alloys,50,506,477,6,A,Not Recorded,1.6,38.73,59.9,60.9,0.58,115.03,6.66,23.61,6.57,85.8,31,Not Scheduled,Late shift start,94.27,1.26
79,ORD-82133,2026-06-18,Plant D,MC-036,Laser Cutter,2.1,Morning,OP0038,N. Fernandes,Medical Device Part,Aluminum,Global Alloys,300,333,325,6,B,No,24.2,18.93,80.0,68.8,0.39,156.84,13.42,78.24,8.66,63.6,44,Due,Power fluctuation,97.6,1.85
80,ORD-42126,2026-07-30,Plant C,MC-019,Welding Robot,0.4,Evening,Unknown,Unknown,Consumer Plastics,Copper,SteelCorp Ltd,200,501,537,8,A,Yes,40.4,48.63,62.4,43.8,2.79,123.02,35.05,194.75,6.35,58.8,10,Overdue,Material shortage,107.19,1.49
81,ORD-76256,2026-05-19,Plant C,MC-017,Assembly Line,10.4,Evening,OP0085,Unknown,Home Appliance Component,ABS Plastic,Global Alloys,150,541,527,9,B,No,33.1,48.69,68.5,29.1,1.64,98.42,40.78,281.0,7.11,96.2,35,Due,No Remarks,97.41,1.71
82,ORD-71491,2025-11-01,Plant E,MC-034,Assembly Line,5.6,Night,Unknown,Unknown,Industrial Fastener,Copper,Unknown,200,669,597,9,A,Yes,50.8,47.41,79.6,67.8,0.63,164.65,9.37,131.32,6.5,40.8,58,Not Scheduled,Power fluctuation,89.24,1.51
83,ORD-69318,2026-08-12,Plant A,MC-036,Assembly Line,8.4,Morning,OP0090,S. Kumar,Industrial Fastener,ABS Plastic,Unknown,200,229,234,4,B,Yes,9.7,40.03,69.0,45.6,3.76,173.95,28.09,87.82,7.36,78.4,35,Overdue,customer complaint logged,102.18,1.71
84,ORD-33467,2025-10-22,Plant C,MC-033,Laser Cutter,11.5,Night,OP0067,K. Verma,Industrial Fastener,Aluminum,Precision Components Co,50,240,240,5,B,Yes,6.0,56.21,73.9,47.6,2.39,79.72,29.05,85.72,10.42,83.9,34,Not Scheduled,customer complaint logged,100.0,2.08
85,ORD-71942,2025-11-29,Plant A,MC-015,Welding Robot,11.4,Evening,OP0060,R. Sharma,Automotive Parts,Aluminum,SteelCorp Ltd,100,454,444,13,A,Not Recorded,6.9,34.1,74.5,43.9,3.18,132.35,10.8,108.1,6.55,63.7,57,Due,No Remarks,97.8,2.93
86,ORD-61306,2026-05-16,Plant B,MC-017,CNC Mill,3.2,Night,OP0020,R. Sharma,Medical Device Part,Aluminum,Unknown,200,487,466,8,B,Yes,34.1,43.3,70.2,57.0,0.86,126.22,33.58,197.77,5.49,66.7,28,Not Scheduled,unknown issue,95.69,1.72
87,ORD-22568,2026-02-20,Plant A,MC-036,CNC Lathe,8.3,Evening,OP0079,A. Iyer,Metal Bracket,ABS Plastic,SteelCorp Ltd,50,676,642,11,B,No,36.8,57.38,70.8,46.6,2.88,137.33,32.76,288.21,6.23,79.2,56,Not Scheduled,No Remarks,94.97,1.71
88,ORD-94308,2026-03-28,Plant C,MC-029,Welding Robot,12.7,Evening,OP0118,S. Kumar,Electronics Housing,ABS Plastic,Precision Components Co,50,426,432,9,A,Yes,22.8,53.33,63.4,47.0,2.45,165.04,28.43,190.67,9.1,42.2,18,OK,No Remarks,101.41,2.08
89,ORD-74299,2026-01-16,Plant B,MC-025,3D Printer,11.3,Night,OP0065,A. Iyer,Consumer Plastics,ABS Plastic,MetalWorks Pvt Ltd,150,490,412,12,A+,No,27.3,37.2,83.0,18.7,1.21,161.01,16.65,171.54,6.54,96.0,21,Scheduled,No Remarks,84.08,2.91
90,ORD-84340,2026-02-25,Plant B,MC-010,Welding Robot,8.0,Morning,OP0020,N. Fernandes,Consumer Plastics,Steel,Poly Materials Inc,50,514,487,10,A,Yes,31.5,37.63,81.9,46.5,2.98,149.42,23.52,148.74,9.5,74.5,63,OK,OK,94.75,2.05
91,ORD-68166,2025-10-16,Plant C,MC-035,Injection Molder,14.9,Evening,OP0097,P. Rao,Electronics Housing,Steel,Global Alloys,250,705,557,15,B,Yes,4.9,50.09,79.5,18.4,2.75,32.74,19.33,170.35,6.76,47.7,39,Not Scheduled,Routine check,79.01,2.69
92,ORD-61352,2026-04-02,Unknown,MC-035,Injection Molder,12.2,Evening,OP0062,S. Kumar,Packaging Unit,ABS Plastic,Precision Components Co,100,450,413,8,A,Yes,45.2,34.05,59.7,48.3,2.66,83.75,9.75,69.43,5.43,58.1,57,Due,Line stopped briefly,91.78,1.94
93,ORD-15053,2026-01-17,Plant B,MC-003,Press Brake,10.4,Evening,OP0067,A. Iyer,Industrial Fastener,Unknown,SteelCorp Ltd,250,613,556,4,B,Yes,13.4,53.97,59.0,60.8,4.97,60.97,33.18,74.05,7.26,53.6,45,Due,Late shift start,90.7,0.72
94,ORD-96105,2025-10-12,Plant B,MC-010,3D Printer,8.0,Evening,OP0072,Unknown,Aerospace Component,Cast Iron,MetalWorks Pvt Ltd,300,650,695,9,Reject,No,7.1,25.08,75.6,41.7,3.33,129.84,37.44,281.51,6.68,51.3,28,Scheduled,customer complaint logged,106.92,1.29
95,ORD-13864,2026-08-15,Plant E,MC-010,CNC Lathe,1.5,Night,OP0119,M. Naidu,Metal Bracket,Unknown,Poly Materials Inc,250,528,446,9,B,No,7.5,39.73,80.9,41.8,2.46,63.6,11.48,93.52,7.78,61.3,2,Not Scheduled,Late shift start,84.47,2.02
96,ORD-29420,2026-01-29,Plant E,MC-040,Laser Cutter,5.3,Morning,OP0003,S. Kumar,Packaging Unit,Copper,Poly Materials Inc,50,509,538,12,C,Yes,14.9,44.86,70.2,49.9,4.32,206.56,20.28,169.28,8.42,81.4,83,OK,customer complaint logged,105.7,2.23
97,ORD-67272,2026-05-26,Plant D,MC-009,CNC Mill,1.4,Evening,OP0006,N. Fernandes,Automotive Parts,Steel,SteelCorp Ltd,200,667,669,11,B,Yes,47.9,47.37,86.7,36.7,4.36,126.93,36.06,353.19,7.21,78.2,4,Not Scheduled,Line stopped briefly,100.3,1.64
98,ORD-93841,2025-10-14,Plant A,MC-017,Laser Cutter,1.1,Evening,OP0094,K. Verma,Metal Bracket,Steel,SteelCorp Ltd,200,405,325,6,B,Yes,17.0,37.74,61.2,52.4,2.69,139.3,19.16,96.74,7.81,70.5,40,Not Scheduled,No Remarks,80.25,1.85
99,ORD-95752,2026-04-07,Plant B,MC-020,Injection Molder,14.2,Evening,Unknown,Unknown,Automotive Parts,Steel,SteelCorp Ltd,100,369,294,6,Not Graded,Yes,9.4,40.23,72.6,21.9,1.42,167.82,27.94,89.95,9.4,47.5,37,OK,unknown issue,79.67,2.04
100,ORD-68190,2025-12-25,Plant A,MC-032,CNC Lathe,3.6,Morning,OP0006,K. Verma,Electronics Housing,Aluminum,Precision Components Co,200,255,238,5,Reject,Yes,69.5,54.02,59.6,45.3,2.53,83.03,11.77,44.68,10.5,68.6,32,Due,OK,93.33,2.1
101,ORD-29398,2026-05-12,Plant A,MC-013,Assembly Line,11.8,Night,OP0112,R. Sharma,Automotive Parts,Steel,Global Alloys,150,313,330,8,B,No,12.3,58.35,74.2,61.8,1.71,167.11,23.17,108.47,7.91,66.8,47,OK,Material shortage,105.43,2.42
102,ORD-49056,2026-03-24,Plant B,MC-038,Welding Robot,8.1,Night,OP0090,S. Kumar,Metal Bracket,Cast Iron,Global Alloys,200,402,381,6,C,No,574.1,34.55,62.9,33.2,1.71,144.45,5.08,28.78,9.64,44.3,41,OK,Late shift start,94.78,1.57
103,ORD-88914,2026-08-29,Plant C,MC-035,Stamping Press,11.2,Night,OP0066,P. Rao,Consumer Plastics,Polycarbonate,Unknown,200,530,508,10,B,Not Recorded,7.0,48.38,67.5,68.4,3.29,129.96,21.89,185.18,7.96,46.5,38,OK,No Remarks,95.85,1.97
104,ORD-88494,2026-03-17,Plant A,MC-013,Conveyor Unit,7.9,Night,OP0028,A. Iyer,Packaging Unit,Steel,Global Alloys,200,441,466,4,C,Yes,12.2,62.3,64.7,38.9,1.9,184.87,10.88,35.9,7.16,52.4,45,OK,Routine check,105.67,0.86
105,ORD-86936,2026-05-10,Plant D,MC-004,Press Brake,6.0,Evening,OP0027,K. Verma,Home Appliance Component,Aluminum,Unknown,50,761,710,18,C,Yes,14.1,51.47,72.6,56.5,3.21,118.8,26.87,375.46,6.23,59.4,47,Scheduled,OK,93.3,2.54
106,ORD-81188,2026-08-27,Plant E,MC-006,Welding Robot,11.5,Night,OP0119,N. Fernandes,Electronics Housing,Aluminum,SteelCorp Ltd,150,472,493,11,B,Yes,17.6,61.66,74.5,45.7,3.09,106.2,10.99,101.76,7.24,61.5,37,Scheduled,Material shortage,104.45,2.23
107,ORD-57934,2026-06-13,Unknown,MC-021,Stamping Press,2.3,Morning,OP0046,M. Naidu,Home Appliance Component,Cast Iron,Unknown,50,584,542,8,Reject,Yes,50.5,52.11,61.6,53.6,2.01,109.95,4.37,17.91,9.9,88.5,54,Not Scheduled,unknown issue,92.81,1.48
108,ORD-60067,2025-10-27,Plant A,MC-014,Stamping Press,10.1,Morning,OP0091,Unknown,Metal Bracket,ABS Plastic,Global Alloys,300,511,432,9,A+,Yes,38.5,30.32,70.8,30.2,1.73,142.41,16.8,88.96,6.24,52.3,41,Due,OK,84.54,2.08
109,ORD-92283,2025-10-01,Plant A,MC-001,CNC Lathe,10.0,Night,OP0038,M. Naidu,Packaging Unit,Copper,Unknown,100,473,416,6,B,Yes,20.5,42.98,69.8,54.3,3.1,150.01,25.2,106.31,9.39,100.0,43,OK,Line stopped briefly,87.95,1.44
110,ORD-95809,2026-02-15,Plant D,MC-001,CNC Mill,5.2,Morning,OP0116,Unknown,Metal Bracket,Steel,Global Alloys,300,367,313,8,A,Not Recorded,58.3,37.54,50.4,26.3,1.23,138.7,12.29,91.58,6.15,73.6,14,Overdue,No Remarks,85.29,2.56
111,ORD-33485,2026-02-07,Plant B,MC-008,CNC Mill,10.5,Night,OP0001,P. Rao,Home Appliance Component,Cast Iron,Global Alloys,150,508,372,10,Reject,Yes,2.2,39.68,68.7,38.3,0.25,127.53,17.12,112.28,9.31,97.4,8,Not Scheduled,Routine check,73.23,2.69
112,ORD-84072,2025-10-16,Plant A,MC-004,Laser Cutter,12.1,Night,OP0032,R. Sharma,Packaging Unit,Copper,Unknown,200,590,520,10,Reject,Yes,4.8,51.45,76.5,47.3,4.26,113.75,21.49,128.89,8.24,50.0,37,Due,Routine check,88.14,1.92
113,ORD-44870,2026-09-09,Plant A,MC-016,Stamping Press,10.6,Morning,OP0037,R. Sharma,Automotive Parts,Aluminum,Global Alloys,50,438,386,8,B,Yes,6.0,46.47,68.8,36.2,2.42,76.51,10.26,57.71,6.39,75.6,45,Overdue,Material shortage,88.13,2.07
114,ORD-61374,2026-04-05,Plant A,MC-025,3D Printer,11.2,Night,OP0083,K. Verma,Automotive Parts,Steel,SteelCorp Ltd,100,583,492,17,B,Yes,40.2,63.38,62.2,50.8,1.62,90.83,37.87,509.48,7.41,69.4,39,Not Scheduled,unknown issue,84.39,3.46
115,ORD-64294,2026-03-18,Plant D,MC-021,Laser Cutter,9.4,Night,OP0059,Unknown,Metal Bracket,Unknown,Precision Components Co,100,286,272,6,A,Yes,19.3,38.84,58.7,40.9,3.01,121.53,27.53,136.41,9.48,48.3,6,OK,OK,95.1,2.21
116,ORD-95124,2026-05-22,Plant B,MC-030,Laser Cutter,12.2,Evening,OP0051,S. Kumar,Consumer Plastics,Steel,Global Alloys,50,464,480,10,Not Graded,Yes,3.1,47.4,54.6,46.1,1.17,65.29,42.14,338.06,8.91,41.2,56,Not Scheduled,Line stopped briefly,103.45,2.08
117,ORD-96375,2026-02-27,Plant C,MC-031,Injection Molder,1.7,Morning,OP0058,Unknown,Industrial Fastener,Aluminum,MetalWorks Pvt Ltd,250,469,398,9,B,Yes,47.6,56.69,75.5,40.9,2.28,105.28,3.72,21.21,9.48,81.5,40,OK,No Remarks,84.86,2.26
118,ORD-53158,2026-03-05,Plant D,MC-003,Press Brake,2.4,Morning,OP0066,Unknown,Aerospace Component,Unknown,Precision Components Co,150,363,339,9,A,Not Recorded,18.1,51.08,64.4,60.6,1.58,51.43,4.11,21.65,7.43,48.8,53,OK,Routine check,93.39,2.65
119,ORD-36490,2026-02-23,Plant A,MC-040,CNC Mill,7.2,Unknown,OP0089,Unknown,Automotive Parts,Steel,Unknown,150,655,599,15,C,Yes,13.9,55.59,55.2,28.6,4.65,158.91,27.52,341.96,8.18,43.8,38,Not Scheduled,No Remarks,91.45,2.5
120,ORD-41558,2025-11-01,Plant A,MC-001,CNC Mill,12.7,Morning,OP0074,N. Fernandes,Home Appliance Component,Aluminum,SteelCorp Ltd,250,308,318,8,A,Yes,27.4,52.62,71.6,20.8,0.97,118.96,31.97,180.6,8.14,94.5,34,Overdue,Late shift start,103.25,2.52
121,ORD-82001,2025-12-20,Plant E,MC-029,3D Printer,3.8,Evening,OP0006,R. Sharma,Electronics Housing,Unknown,MetalWorks Pvt Ltd,200,447,413,10,Reject,No,2.9,27.67,59.0,69.6,3.68,49.49,16.79,162.59,7.67,84.8,20,OK,unknown issue,92.39,2.42
122,ORD-60150,2025-11-29,Plant A,MC-032,Laser Cutter,14.7,Evening,OP0103,R. Sharma,Industrial Fastener,Steel,Global Alloys,200,509,493,8,B,Yes,48.0,25.63,81.4,42.0,0.61,111.34,8.58,39.45,6.56,59.1,50,Due,unknown issue,96.86,1.62
123,ORD-95477,2026-05-31,Plant B,MC-007,3D Printer,3.6,Evening,OP0083,A. Iyer,Automotive Parts,Aluminum,SteelCorp Ltd,250,476,454,12,Reject,Not Recorded,2.7,56.08,83.4,55.5,2.11,107.21,31.86,367.65,8.71,62.4,3,Due,No Remarks,95.38,2.64
124,ORD-64738,2026-02-11,Plant B,MC-011,Welding Robot,4.8,Evening,OP0055,R. Sharma,Industrial Fastener,Polycarbonate,Global Alloys,200,460,371,4,A+,Not Recorded,30.5,56.75,79.9,29.1,1.1,89.3,26.42,76.12,8.93,51.6,14,Not Scheduled,Power fluctuation,80.65,1.08
125,ORD-71849,2026-06-15,Plant C,MC-008,Injection Molder,13.7,Evening,OP0021,S. Kumar,Medical Device Part,Aluminum,SteelCorp Ltd,50,633,585,18,B,Yes,6.6,45.03,65.5,39.5,1.2,136.37,31.07,492.95,9.15,40.3,37,Due,No Remarks,92.42,3.08
126,ord3227,2026-06-11,Plant E,MC-009,Injection Molder,3.4,Unknown,OP0071,S. Kumar,Electronics Housing,Aluminum,Precision Components Co,300,372,365,10,A,Yes,34.6,41.85,58.0,28.8,1.43,206.53,30.28,224.08,9.83,62.3,1,Scheduled,unknown issue,98.12,2.74
127,ORD-98543,2026-05-04,Plant B,MC-014,Assembly Line,5.9,Morning,OP0072,L. D'Souza,Electronics Housing,Steel,MetalWorks Pvt Ltd,150,584,509,12,Reject,Yes,19.2,37.79,43.1,52.4,2.12,165.53,26.99,298.47,7.43,45.4,39,Not Scheduled,No Remarks,87.16,2.36
128,ORD-65279,2026-01-25,Plant E,MC-012,Conveyor Unit,14.4,Unknown,OP0078,K. Verma,Home Appliance Component,Unknown,Global Alloys,150,525,510,9,Not Graded,Yes,8.1,42.16,75.4,51.7,0.94,146.48,40.01,236.36,6.03,97.4,72,Not Scheduled,Late shift start,97.14,1.76
129,ORD-18326,2026-03-30,Plant E,MC-010,Injection Molder,3.2,Morning,OP0066,Unknown,Consumer Plastics,Polycarbonate,Unknown,200,525,498,8,A,Yes,44.7,46.1,61.9,27.7,1.5,163.27,33.36,201.84,10.33,79.6,21,Overdue,Power fluctuation,94.86,1.61
130,ORD-25665,2026-03-15,Plant A,MC-003,Assembly Line,7.9,Morning,OP0100,K. Verma,Industrial Fastener,Copper,MetalWorks Pvt Ltd,200,717,632,14,A+,Yes,20.3,36.65,89.0,49.3,3.4,112.58,11.84,140.94,7.31,96.6,75,OK,No Remarks,88.15,2.22
131,ORD-23801,2026-06-07,Plant B,MC-019,3D Printer,2.8,Morning,OP0066,Unknown,Home Appliance Component,Steel,Global Alloys,150,622,460,2,B,Not Recorded,3.9,49.33,66.1,33.7,3.83,152.51,39.2,68.25,7.33,84.8,46,Not Scheduled,No Remarks,73.95,0.43
132,ORD-12715,2025-12-30,Plant B,MC-028,Injection Molder,14.3,Morning,OP0010,A. Iyer,Industrial Fastener,Polycarbonate,SteelCorp Ltd,250,398,364,7,C,Yes,24.2,24.49,75.9,51.2,2.69,151.08,43.63,272.87,8.03,89.1,51,Due,Late shift start,91.46,1.92
133,ORD-24536,2026-07-02,Unknown,MC-038,Stamping Press,7.9,Night,OP0017,N. Fernandes,Aerospace Component,ABS Plastic,SteelCorp Ltd,100,595,536,14,Reject,No,21.8,44.75,71.7,48.7,3.4,147.78,15.44,193.74,9.37,42.1,41,Not Scheduled,customer complaint logged,90.08,2.61
134,ORD-49263,2026-01-01,Plant B,MC-017,Press Brake,12.9,Evening,OP0060,K. Verma,Industrial Fastener,Cast Iron,Unknown,300,412,392,12,Not Graded,Yes,66.0,52.78,67.1,30.6,2.37,91.33,44.74,411.26,10.11,78.5,11,Not Scheduled,unknown issue,95.15,3.06
135,ORD-59727,2026-07-16,Unknown,MC-003,Assembly Line,3.3,Evening,OP0062,S. Kumar,Electronics Housing,Steel,Global Alloys,300,521,450,7,B,Yes,16.1,50.4,61.6,38.5,1.16,80.6,31.03,133.34,7.99,70.3,20,OK,Routine check,86.37,1.56
136,ORD-17369,2025-11-27,Plant A,MC-035,Welding Robot,7.6,Morning,OP0049,L. D'Souza,Aerospace Component,Polycarbonate,Global Alloys,100,467,416,12,Reject,No,12.0,22.35,66.8,57.5,0.56,146.15,40.46,403.0,7.69,67.8,27,Not Scheduled,Routine check,89.08,2.88
137,ORD-43511,2026-06-04,Plant C,MC-039,CNC Mill,5.8,Morning,OP0004,Unknown,Automotive Parts,Aluminum,Global Alloys,150,485,369,9,A+,Yes,36.4,16.27,84.3,43.6,3.29,117.89,15.7,79.22,8.01,90.3,26,Overdue,No Remarks,76.08,2.44
138,ORD-37477,2025-12-23,Plant A,MC-015,Press Brake,0.5,Morning,OP0049,R. Sharma,Aerospace Component,Copper,Unknown,50,415,366,8,A+,Yes,12.9,72.05,66.2,42.8,0.23,153.11,41.99,197.37,8.56,81.6,23,OK,Line stopped briefly,88.19,2.19
139,ORD-92709,2025-11-11,Plant B,MC-013,Injection Molder,7.1,Evening,OP0018,Unknown,Consumer Plastics,Aluminum,Global Alloys,300,599,484,5,A,No,15.6,17.67,66.9,40.5,2.74,82.44,43.13,146.12,7.73,52.5,39,OK,No Remarks,80.8,1.03
140,ORD-74336,2026-07-19,Plant B,MC-004,Welding Robot,12.0,Morning,OP0078,M. Naidu,Electronics Housing,Aluminum,SteelCorp Ltd,200,371,396,4,B,Not Recorded,2.2,34.88,70.0,45.9,2.11,150.05,14.05,39.41,7.55,87.3,15,Overdue,Material shortage,106.74,1.01
141,ORD-91818,2026-01-04,Plant B,MC-022,Assembly Line,6.9,Unknown,OP0016,N. Fernandes,Automotive Parts,Polycarbonate,Global Alloys,150,620,617,5,A+,Yes,0.5,41.28,55.4,33.5,3.22,130.56,40.54,126.29,8.66,48.9,14,Overdue,customer complaint logged,99.52,0.81
142,ORD-38257,2026-08-03,Plant C,MC-024,Assembly Line,6.1,Evening,OP0011,A. Iyer,Consumer Plastics,ABS Plastic,Precision Components Co,200,287,242,4,C,Yes,67.5,28.61,68.8,51.6,2.18,76.87,23.79,47.76,7.86,48.7,5,OK,customer complaint logged,84.32,1.65
143,ORD-31233,2026-08-06,Plant A,MC-032,Assembly Line,0.7,Night,OP0048,Unknown,Medical Device Part,Aluminum,SteelCorp Ltd,50,440,448,14,Not Graded,Not Recorded,45.2,48.23,59.9,40.0,2.47,113.4,28.72,272.94,6.45,71.0,12,OK,Material shortage,101.82,3.12
144,ORD-31871,2026-09-02,Plant A,MC-007,Welding Robot,4.3,Evening,OP0060,Unknown,Electronics Housing,Copper,Global Alloys,200,529,493,12,A,No,16.6,51.61,63.9,55.6,0.52,30.99,27.16,181.16,5.49,76.9,64,Not Scheduled,No Remarks,93.19,2.43
145,ORD-12026,2026-07-04,Plant C,MC-033,Injection Molder,4.5,Unknown,Unknown,N. Fernandes,Packaging Unit,Steel,Unknown,150,440,375,9,Not Graded,Yes,18.4,52.35,73.1,45.9,1.78,153.68,7.36,49.56,5.65,71.9,34,Not Scheduled,Material shortage,85.23,2.4
146,ORD-51525,2026-06-04,Plant C,MC-035,Press Brake,4.9,Evening,OP0009,P. Rao,Industrial Fastener,Polycarbonate,Global Alloys,100,593,623,17,A+,Yes,9.0,56.09,53.9,25.3,1.59,88.89,7.76,111.91,9.3,77.5,20,Due,Power fluctuation,105.06,2.73
147,ORD-13385,2026-06-04,Plant C,MC-039,CNC Mill,6.3,Morning,OP0076,K. Verma,Metal Bracket,Aluminum,Precision Components Co,175,515,443,10,Not Graded,Yes,31.8,36.86,73.5,33.7,2.73,119.08,30.12,205.05,5.73,66.6,31,Not Scheduled,No Remarks,86.02,2.26
148,ORD-51486,2026-09-08,Plant E,MC-004,CNC Mill,3.6,Night,OP0045,M. Naidu,Consumer Plastics,Cast Iron,Unknown,50,375,361,10,C,No,535.2,41.22,80.9,42.3,2.69,154.57,7.46,40.2,6.3,55.8,6,Not Scheduled,No Remarks,96.27,2.77
149,ORD-26827,2026-01-05,Plant C,MC-026,Press Brake,11.9,Morning,OP0054,R. Sharma,Metal Bracket,Cast Iron,SteelCorp Ltd,50,594,460,4,Not Graded,Not Recorded,17.5,25.08,48.7,51.4,3.46,103.66,42.99,165.46,7.62,59.0,43,Overdue,OK,77.44,0.87
150,ORD-20567,2025-10-01,Plant A,MC-032,Welding Robot,10.6,Morning,OP0101,R. Sharma,Home Appliance Component,ABS Plastic,Unknown,50,387,285,6,Reject,Yes,15.1,66.44,83.2,45.4,1.21,97.79,23.07,94.8,8.19,66.7,9,Scheduled,Material shortage,73.64,2.11
151,ORD-68978,2025-10-05,Plant E,MC-023,3D Printer,8.4,Morning,OP0066,S. Kumar,Automotive Parts,Copper,Precision Components Co,150,714,664,8,A,Yes,88.4,32.12,64.1,50.0,2.88,153.53,8.38,60.06,10.5,78.6,11,OK,customer complaint logged,93.0,1.2
152,ORD-33189,2026-08-16,Plant A,MC-038,CNC Mill,2.7,Night,OP0110,S. Kumar,Aerospace Component,Steel,Poly Materials Inc,100,416,417,6,B,No,22.4,37.94,81.1,31.6,2.44,128.61,35.39,150.44,7.85,85.5,73,Overdue,OK,100.24,1.44
153,ORD-31758,2026-03-17,Plant A,MC-001,Injection Molder,1.0,Morning,OP0037,R. Sharma,Industrial Fastener,Aluminum,Global Alloys,200,171,164,3,Not Graded,Yes,27.0,56.7,61.4,34.1,2.05,97.45,10.97,28.58,10.13,71.6,9,Not Scheduled,No Remarks,95.91,1.83
154,ORD-71081,2025-12-08,Plant A,MC-015,Laser Cutter,14.4,Morning,OP0114,S. Kumar,Automotive Parts,Cast Iron,MetalWorks Pvt Ltd,200,572,617,7,A,Yes,30.3,41.05,84.4,47.3,1.68,101.09,10.9,58.83,6.44,47.5,7,OK,No Remarks,107.87,1.13
155,ORD-22780,2026-08-03,Plant C,MC-016,CNC Lathe,13.7,Evening,OP0090,R. Sharma,Home Appliance Component,Copper,Unknown,300,461,448,5,A+,Yes,49.4,54.15,62.3,33.1,1.2,75.42,23.33,112.84,8.75,41.7,69,Scheduled,Material shortage,97.18,1.12
156,ORD-67043,2026-09-02,Plant A,MC-021,CNC Mill,12.9,Night,OP0073,K. Verma,Metal Bracket,Unknown,MetalWorks Pvt Ltd,150,512,439,8,B,Yes,12.6,52.91,75.2,47.1,0.45,182.53,6.14,44.39,8.74,50.6,61,Not Scheduled,unknown issue,85.74,1.82
157,ORD-90996,2025-10-04,Plant A,MC-011,Laser Cutter,12.5,Morning,OP0093,S. Kumar,Aerospace Component,Steel,Poly Materials Inc,250,605,589,15,B,No,18.9,24.36,79.0,37.6,1.87,130.83,10.95,117.21,6.11,69.4,8,OK,No Remarks,97.36,2.55
158,ORD-64815,2026-08-06,Plant C,MC-018,Press Brake,8.9,Morning,OP0096,Unknown,Electronics Housing,Steel,SteelCorp Ltd,250,619,495,10,A,Yes,17.6,17.23,83.1,50.3,3.7,64.68,13.53,134.6,9.06,44.9,82,OK,No Remarks,79.97,2.02
159,ORD-50729,2026-07-09,Plant D,MC-023,3D Printer,0.9,Evening,Unknown,L. D'Souza,Industrial Fastener,Aluminum,Precision Components Co,200,712,604,10,C,Yes,17.1,45.53,81.6,54.3,1.07,150.57,41.38,367.71,7.78,48.1,25,OK,OK,84.83,1.66
160,ord6914,2026-01-30,Plant A,MC-021,CNC Lathe,5.1,Morning,OP0083,A. Iyer,Home Appliance Component,Aluminum,Global Alloys,100,515,471,12,A,Not Recorded,50.9,34.36,74.1,30.9,3.93,128.58,42.69,399.96,11.89,83.4,26,Scheduled,Power fluctuation,91.46,2.55
161,ORD-93523,2026-08-09,Plant E,MC-014,CNC Lathe,13.4,Morning,OP0059,S. Kumar,Metal Bracket,Aluminum,Precision Components Co,100,443,462,12,B,No,375.1,49.83,66.4,51.6,2.32,137.64,8.01,76.99,6.89,66.7,31,OK,Line stopped briefly,104.29,2.6
162,ORD-22705,2026-05-31,Plant D,MC-001,Laser Cutter,9.3,Evening,OP0043,L. D'Souza,Medical Device Part,Polycarbonate,Poly Materials Inc,50,500,526,9,A,Yes,26.4,43.68,61.6,52.8,3.19,42.71,35.12,169.5,7.79,69.3,64,Due,No Remarks,105.2,1.71
163,ORD-68316,2026-08-03,Plant A,MC-029,Assembly Line,4.9,Morning,OP0012,Unknown,Industrial Fastener,Steel,Global Alloys,100,507,447,11,B,Yes,36.4,49.78,71.6,39.9,2.69,118.49,4.36,31.19,8.11,81.8,14,Due,Late shift start,88.17,2.46
164,ORD-37710,2026-02-13,Plant A,MC-008,CNC Lathe,3.6,Night,OP0028,R. Sharma,Automotive Parts,ABS Plastic,Global Alloys,50,573,526,15,Not Graded,No,12.2,45.18,62.6,50.2,2.55,151.53,40.79,388.7,6.43,81.7,39,Not Scheduled,Routine check,91.8,2.85
165,ORD-20752,2025-12-09,Plant E,MC-030,Press Brake,8.3,Unknown,OP0067,M. Naidu,Packaging Unit,Cast Iron,Precision Components Co,50,419,359,8,B,Yes,32.7,48.0,67.6,45.3,2.74,118.99,30.45,227.34,7.28,53.3,20,Not Scheduled,Late shift start,85.68,2.23
166,ORD-51286,2026-08-21,Plant B,MC-017,3D Printer,0.5,Evening,OP0077,L. D'Souza,Aerospace Component,Aluminum,MetalWorks Pvt Ltd,150,417,327,3,A,No,3.8,52.06,74.5,37.2,1.93,89.46,6.33,15.18,6.48,91.5,62,Not Scheduled,OK,78.42,0.92
167,ORD-85227,2026-07-08,Plant A,MC-003,CNC Lathe,13.4,Night,OP0033,R. Sharma,Consumer Plastics,Cast Iron,SteelCorp Ltd,200,558,467,7,A,No,37.6,46.67,56.8,43.0,1.43,112.77,17.36,108.91,6.9,67.5,45,Overdue,Late shift start,83.69,1.5
168,ORD-63404,2026-09-13,Plant D,MC-018,Assembly Line,13.6,Evening,OP0087,S. Kumar,Automotive Parts,Aluminum,MetalWorks Pvt Ltd,100,706,584,15,Not Graded,Not Recorded,6.7,46.0,78.4,17.9,3.3,116.92,32.99,351.65,9.7,62.9,19,Due,customer complaint logged,82.72,2.57
169,ORD-64374,2025-10-09,Unknown,MC-002,Assembly Line,13.1,Night,OP0115,R. Sharma,Electronics Housing,Aluminum,Global Alloys,250,712,672,15,A,No,6.6,35.24,66.3,33.2,2.78,98.8,43.02,527.46,4.34,71.1,36,Scheduled,Line stopped briefly,94.38,2.23
170,ORD-79341,2025-12-01,Plant A,MC-036,Laser Cutter,0.9,Evening,OP0027,K. Verma,Consumer Plastics,ABS Plastic,Global Alloys,200,313,288,6,A+,No,23.7,40.96,72.5,62.8,3.02,148.33,26.02,128.24,8.52,77.4,23,Not Scheduled,unknown issue,92.01,2.08
171,ORD-41363,2026-02-18,Plant E,MC-035,3D Printer,1.2,Evening,OP0103,S. Kumar,Metal Bracket,Steel,Global Alloys,100,568,602,9,B,Yes,0.5,32.82,62.2,30.3,2.14,93.05,25.45,221.38,9.05,91.0,14,Due,OK,105.99,1.5
172,ORD-38738,2026-03-13,Plant E,MC-001,Stamping Press,0.4,Night,OP0063,P. Rao,Packaging Unit,Cast Iron,Global Alloys,100,604,523,10,A+,Yes,38.2,47.4,70.4,38.2,2.75,149.86,23.85,218.24,5.93,70.6,43,Due,No Remarks,86.59,1.91
173,ORD-43381,2026-01-24,Plant B,MC-036,CNC Mill,9.7,Evening,OP0053,M. Naidu,Home Appliance Component,Steel,SteelCorp Ltd,150,502,465,9,A,Yes,15.8,49.97,58.0,46.2,4.76,107.83,19.71,162.51,6.53,67.0,39,OK,unknown issue,92.63,1.94
174,ORD-27713,2026-05-13,Plant A,MC-022,CNC Lathe,3.0,Evening,OP0074,M. Naidu,Industrial Fastener,Aluminum,Poly Materials Inc,50,458,341,8,A,No,22.4,52.16,70.7,29.3,1.85,138.66,20.23,118.53,9.03,55.5,28,Not Scheduled,unknown issue,74.45,2.35
175,ORD-61098,2026-04-15,Plant A,MC-005,Assembly Line,13.9,Evening,OP0120,Unknown,Industrial Fastener,Cast Iron,Unknown,50,511,515,9,Reject,Yes,43.4,49.77,57.1,62.1,1.33,116.23,39.55,244.26,6.77,64.4,33,Due,Material shortage,100.78,1.75
176,ORD-88213,2026-01-29,Plant B,MC-013,Laser Cutter,0.3,Night,OP0074,L. D'Souza,Medical Device Part,Aluminum,SteelCorp Ltd,150,276,251,7,A,Yes,43.4,52.3,71.7,43.4,1.5,147.49,40.32,208.86,6.53,96.1,3,Scheduled,No Remarks,90.94,2.79
177,ORD-31433,2025-10-21,Plant B,MC-020,CNC Lathe,7.8,Morning,OP0107,P. Rao,Aerospace Component,Aluminum,Unknown,150,511,524,6,B,Not Recorded,64.9,63.12,61.1,46.7,2.53,127.13,29.81,171.02,8.36,79.1,41,Not Scheduled,unknown issue,102.54,1.15
178,ORD-85184,2025-10-15,Plant D,MC-020,3D Printer,6.4,Morning,OP0033,Unknown,Aerospace Component,Copper,SteelCorp Ltd,100,446,339,7,A,Yes,38.7,42.84,72.3,45.9,1.98,86.86,38.26,233.1,8.6,78.9,60,Due,Late shift start,76.01,2.06
179,ORD-44463,2026-03-19,Plant A,MC-030,Conveyor Unit,10.8,Evening,OP0045,R. Sharma,Medical Device Part,Polycarbonate,MetalWorks Pvt Ltd,250,391,408,10,B,Yes,0.4,31.68,73.4,56.3,1.66,173.29,29.39,243.84,7.24,96.6,2,Not Scheduled,Routine check,104.35,2.45
180,ORD-49158,2026-08-06,Plant B,MC-023,CNC Mill,9.4,Morning,OP0119,P. Rao,Metal Bracket,Unknown,Unknown,175,573,543,14,Not Graded,Yes,8.2,43.8,62.8,72.2,4.01,157.21,25.95,285.94,7.24,68.4,50,Due,unknown issue,94.76,2.58
181,ORD-84806,2026-02-01,Plant B,MC-040,CNC Lathe,8.5,Unknown,OP0090,P. Rao,Aerospace Component,Aluminum,Global Alloys,50,347,360,4,B,Yes,8.2,46.95,66.1,39.4,2.38,77.87,34.55,112.95,7.87,84.3,49,Due,customer complaint logged,103.75,1.11
182,ORD-85479,2026-04-24,Plant B,MC-034,Stamping Press,5.9,Morning,OP0005,P. Rao,Industrial Fastener,Polycarbonate,Global Alloys,150,359,361,4,Reject,Yes,3.3,64.96,71.7,42.9,1.27,67.69,15.35,39.62,6.95,90.1,10,Scheduled,Power fluctuation,100.56,1.11
183,ORD-56695,2026-01-13,Unknown,MC-019,Welding Robot,10.0,Night,OP0020,A. Iyer,Electronics Housing,Copper,SteelCorp Ltd,200,492,475,13,B,Yes,51.5,45.03,71.8,33.8,0.6,75.09,9.13,86.96,7.78,85.8,63,Due,Late shift start,96.54,2.74
184,ord3245,2026-07-20,Plant B,MC-029,Stamping Press,5.2,Evening,OP0085,S. Kumar,Electronics Housing,Aluminum,Precision Components Co,150,433,386,7,A,Yes,17.3,55.81,81.2,49.6,1.92,128.62,40.81,144.57,7.9,45.2,49,OK,No Remarks,89.15,1.81
185,ORD-35293,2026-02-27,Plant E,MC-039,Assembly Line,12.1,Morning,OP0030,A. Iyer,Aerospace Component,Steel,Unknown,150,536,453,8,Reject,Yes,8.5,66.05,55.0,43.5,2.33,89.11,26.08,187.94,5.64,92.7,16,Not Scheduled,customer complaint logged,84.51,1.77
186,ORD-65744,2026-03-03,Plant A,MC-010,Assembly Line,9.4,Morning,OP0079,S. Kumar,Home Appliance Component,Unknown,Global Alloys,250,535,529,9,Not Graded,No,28.1,24.04,64.5,39.0,4.09,131.8,40.91,210.79,10.04,63.8,25,Not Scheduled,No Remarks,98.88,1.7
187,ORD-96787,2026-03-08,Plant B,MC-006,CNC Lathe,9.6,Morning,OP0043,Unknown,Medical Device Part,ABS Plastic,MetalWorks Pvt Ltd,200,531,502,9,Reject,Not Recorded,24.8,43.76,70.4,38.0,1.07,115.3,30.82,246.09,6.78,96.0,43,Overdue,Line stopped briefly,94.54,1.79
188,ORD-23895,2026-05-11,Plant A,MC-012,Press Brake,1.8,Evening,OP0026,R. Sharma,Home Appliance Component,Aluminum,Unknown,50,449,361,8,C,No,22.4,46.63,64.2,25.1,2.71,164.52,24.18,138.8,8.71,70.7,1,Due,unknown issue,80.4,2.22
189,ORD-87386,2026-07-16,Plant B,MC-033,Injection Molder,7.3,Morning,OP0068,M. Naidu,Metal Bracket,ABS Plastic,Precision Components Co,150,602,541,6,Not Graded,Yes,515.5,31.68,66.8,43.6,0.35,140.01,25.51,131.1,7.5,77.6,33,Due,Power fluctuation,89.87,1.11
190,ORD-62246,2026-05-04,Plant A,MC-002,CNC Mill,13.7,Evening,OP0080,N. Fernandes,Automotive Parts,Steel,MetalWorks Pvt Ltd,150,630,577,10,C,Yes,2.2,35.42,79.1,53.4,0.54,103.69,31.83,192.1,6.97,80.0,40,OK,Material shortage,91.59,1.73
191,ORD-80551,2026-07-07,Plant E,MC-007,3D Printer,14.0,Night,OP0012,N. Fernandes,Packaging Unit,Steel,Poly Materials Inc,100,401,416,8,A,Yes,2.7,33.21,75.7,42.8,2.36,125.73,21.11,109.61,9.02,69.6,49,Not Scheduled,No Remarks,103.74,1.92
192,ord4648,2026-09-08,Plant A,MC-008,Injection Molder,13.1,Morning,OP0117,P. Rao,Packaging Unit,Steel,Global Alloys,50,484,392,6,A,Yes,11.3,55.15,67.1,39.1,2.15,212.28,31.4,166.03,7.14,78.8,36,Scheduled,Line stopped briefly,80.99,1.53
193,ORD-30032,2026-06-28,Plant D,MC-001,CNC Mill,11.4,Night,OP0044,A. Iyer,Consumer Plastics,Aluminum,Global Alloys,150,543,571,4,C,Not Recorded,20.5,57.51,76.1,45.2,1.41,67.67,42.01,92.96,7.25,86.9,9,Not Scheduled,No Remarks,105.16,0.7
194,ORD-92239,2025-11-17,Plant A,MC-038,Injection Molder,10.3,Morning,OP0004,S. Kumar,Electronics Housing,Steel,Unknown,50,394,375,2,C,Yes,5.9,51.05,72.7,61.0,1.99,130.73,43.46,59.89,7.04,71.3,26,OK,Line stopped briefly,95.18,0.53
195,ORD-72498,2025-10-09,Plant A,MC-009,CNC Mill,1.5,Evening,OP0019,Unknown,Home Appliance Component,Copper,Precision Components Co,150,392,397,8,A,Yes,23.4,39.56,60.4,55.6,2.7,76.86,30.53,239.96,6.83,76.2,68,OK,unknown issue,101.28,2.02
196,ORD-33028,2026-05-06,Plant A,MC-027,Welding Robot,4.9,Night,OP0037,Unknown,Metal Bracket,Unknown,Unknown,100,316,292,6,B,Yes,12.0,57.64,67.6,53.2,2.14,121.04,7.62,40.33,8.75,44.5,5,OK,Power fluctuation,92.41,2.05
197,ORD-32271,2026-01-11,Plant E,MC-025,Injection Molder,5.9,Night,OP0025,K. Verma,Industrial Fastener,Steel,Unknown,300,229,220,3,Not Graded,Yes,8.4,51.68,84.8,19.3,1.19,112.67,32.02,53.38,11.76,43.2,38,Due,No Remarks,96.07,1.36
198,ORD-12845,2026-01-26,Plant A,MC-031,Assembly Line,11.2,Unknown,OP0116,Unknown,Medical Device Part,Steel,Global Alloys,250,491,423,6,A+,Yes,14.8,36.53,68.9,48.7,2.63,113.26,10.98,37.34,5.8,96.3,9,Scheduled,Late shift start,86.15,1.42
199,ORD-68478,2026-02-18,Plant D,MC-006,Assembly Line,11.5,Night,OP0064,M. Naidu,Aerospace Component,Copper,Precision Components Co,200,358,361,6,B,Yes,0.9,40.55,66.6,40.8,1.68,107.99,18.63,88.73,7.53,69.4,30,Overdue,Power fluctuation,100.84,1.66
200,ORD-50895,2026-06-01,Plant D,MC-012,Laser Cutter,14.4,Morning,OP0055,N. Fernandes,Metal Bracket,Aluminum,MetalWorks Pvt Ltd,300,607,552,16,B,Yes,31.9,47.19,68.1,51.7,0.16,107.01,14.51,120.79,6.36,56.2,36,Scheduled,Late shift start,90.94,2.9
201,ORD-14067,2026-09-05,Plant E,MC-028,Injection Molder,2.0,Morning,OP0028,L. D'Souza,Consumer Plastics,Steel,Global Alloys,100,448,423,11,A+,Yes,35.9,63.84,65.3,44.9,1.21,118.31,34.21,376.29,6.76,73.8,38,Due,unknown issue,94.42,2.6
202,ORD-93164,2026-02-12,Unknown,MC-018,CNC Mill,7.4,Morning,OP0042,S. Kumar,Industrial Fastener,Polycarbonate,Global Alloys,300,443,466,12,Not Graded,Yes,21.8,44.31,72.9,28.9,1.13,115.94,39.56,312.73,10.85,56.8,33,Due,unknown issue,105.19,2.58
203,ORD-73556,2025-12-23,Plant A,MC-027,Assembly Line,8.8,Evening,OP0099,S. Kumar,Electronics Housing,ABS Plastic,SteelCorp Ltd,200,516,371,3,Reject,Yes,18.9,44.49,68.6,12.4,2.43,136.92,21.92,51.95,8.47,67.6,39,Scheduled,No Remarks,71.9,0.81
204,ORD-65465,2026-03-17,Plant E,MC-039,Injection Molder,4.7,Night,OP0086,N. Fernandes,Consumer Plastics,Aluminum,SteelCorp Ltd,300,463,375,6,A,Yes,8.3,45.83,69.5,44.6,1.88,88.72,29.15,137.13,7.83,59.5,25,OK,Routine check,80.99,1.6
205,ORD-42202,2026-07-15,Plant B,MC-006,CNC Mill,6.2,Evening,OP0113,S. Kumar,Aerospace Component,Copper,MetalWorks Pvt Ltd,300,390,355,2,B,Yes,65.3,49.63,70.6,33.5,0.7,130.43,29.27,51.58,10.57,89.1,23,Due,OK,91.03,0.56
206,ORD-60941,2026-02-20,Plant C,MC-028,Stamping Press,12.2,Morning,OP0101,N. Fernandes,Electronics Housing,Steel,MetalWorks Pvt Ltd,300,531,476,11,A+,Yes,53.3,62.23,69.1,38.8,3.88,95.69,13.08,94.76,9.08,66.9,62,Due,No Remarks,89.64,2.31
207,ORD-68491,2026-03-15,Plant A,MC-011,CNC Mill,4.3,Morning,OP0091,M. Naidu,Metal Bracket,Aluminum,Poly Materials Inc,150,402,376,7,A+,No,27.6,62.87,88.4,40.1,2.74,139.94,4.21,17.37,6.78,63.5,43,OK,Late shift start,93.53,1.86
208,ORD-42208,2026-02-23,Plant A,MC-034,CNC Mill,3.1,Evening,OP0066,M. Naidu,Industrial Fastener,Copper,Global Alloys,150,556,523,9,C,Yes,14.6,54.91,61.1,62.1,2.48,79.79,6.16,31.18,7.82,41.8,56,OK,Power fluctuation,94.06,1.72
209,ORD-88049,2026-05-09,Plant C,MC-030,CNC Lathe,10.2,Morning,OP0014,A. Iyer,Medical Device Part,Steel,Precision Components Co,250,553,446,6,C,No,1.4,47.34,63.0,32.3,0.57,174.68,38.51,227.97,8.68,68.5,5,OK,OK,80.65,1.35
210,ORD-96284,2026-09-15,Plant A,MC-010,3D Printer,10.1,Evening,OP0087,P. Rao,Home Appliance Component,Steel,Unknown,150,711,688,11,B,Not Recorded,41.4,36.17,54.7,28.1,0.15,74.54,3.72,31.41,7.51,67.3,6,OK,OK,96.77,1.6
211,ORD-36772,2026-09-14,Plant B,MC-005,Assembly Line,0.7,Night,OP0061,Unknown,Medical Device Part,Cast Iron,Global Alloys,250,175,153,1,Reject,Yes,2.8,52.6,68.2,28.1,0.82,126.95,13.65,7.35,7.68,64.5,59,Due,Material shortage,87.43,0.65
212,ORD-35139,2026-02-15,Plant B,MC-017,Injection Molder,6.8,Morning,OP0026,A. Iyer,Packaging Unit,Cast Iron,Unknown,250,575,545,21,Not Graded,Yes,4.1,50.64,67.0,44.1,2.62,83.84,43.67,901.97,9.64,42.9,14,Due,OK,94.78,3.85
213,ORD-71769,2026-06-05,Plant B,MC-004,Welding Robot,14.4,Night,OP0084,R. Sharma,Medical Device Part,Aluminum,MetalWorks Pvt Ltd,100,394,342,3,A,Yes,13.2,61.49,67.0,31.1,1.04,94.48,43.74,91.39,7.8,86.1,18,Not Scheduled,OK,86.8,0.88
214,ORD-54778,2026-08-20,Plant A,MC-033,Welding Robot,12.7,Morning,OP0051,A. Iyer,Electronics Housing,Unknown,Poly Materials Inc,100,617,504,9,B,Yes,17.1,36.26,83.7,57.5,1.14,73.29,26.41,235.27,7.32,84.2,42,Not Scheduled,unknown issue,81.69,1.79
215,ORD-84155,2025-12-01,Plant A,MC-003,Stamping Press,14.2,Evening,OP0063,R. Sharma,Metal Bracket,ABS Plastic,Poly Materials Inc,200,481,501,9,A+,Yes,22.4,49.72,68.4,29.7,5.14,124.04,4.64,32.31,11.52,43.6,59,OK,Power fluctuation,104.16,1.8
216,ORD-16744,2026-09-06,Plant B,MC-009,Welding Robot,9.3,Night,OP0029,L. D'Souza,Home Appliance Component,Copper,MetalWorks Pvt Ltd,150,453,434,8,Not Graded,Not Recorded,51.1,44.14,56.1,48.1,3.17,119.11,10.51,71.76,9.86,54.8,7,Due,Power fluctuation,95.81,1.84
217,ORD-73877,2026-06-18,Plant B,MC-019,3D Printer,6.7,Morning,OP0036,L. D'Souza,Aerospace Component,Steel,Unknown,150,518,452,12,A,Yes,13.2,50.95,57.5,49.2,3.26,102.49,24.43,224.06,9.82,57.0,2,OK,No Remarks,87.26,2.65
218,ORD-11952,2025-10-10,Plant D,MC-025,3D Printer,2.1,Night,OP0015,L. D'Souza,Packaging Unit,Steel,SteelCorp Ltd,200,568,555,7,Reject,Yes,1.8,36.48,71.5,25.2,2.87,115.9,8.58,52.63,9.75,89.8,12,OK,No Remarks,97.71,1.26
219,ORD-27249,2025-11-23,Plant E,MC-037,Laser Cutter,0.7,Morning,OP0031,K. Verma,Industrial Fastener,Aluminum,SteelCorp Ltd,300,561,574,12,B,Not Recorded,19.7,39.05,79.1,54.4,4.74,144.31,26.44,183.66,8.8,94.7,31,Overdue,Line stopped briefly,102.32,2.09
220,ORD-64519,2025-10-17,Plant A,MC-013,CNC Mill,12.3,Morning,OP0068,Unknown,Packaging Unit,Steel,Global Alloys,200,556,505,9,Reject,Yes,12.5,37.77,71.9,50.6,1.18,95.07,39.5,191.96,7.08,44.8,19,OK,No Remarks,90.83,1.78
221,ORD-28939,2026-09-15,Plant E,MC-037,CNC Mill,13.7,Evening,OP0018,R. Sharma,Industrial Fastener,Aluminum,SteelCorp Ltd,200,530,524,8,B,Not Recorded,2.3,26.36,72.4,52.2,2.2,167.59,32.62,243.45,7.31,71.3,7,OK,No Remarks,98.87,1.53
222,ORD-54433,2026-04-17,Plant D,MC-006,Welding Robot,9.4,Unknown,OP0026,A. Iyer,Industrial Fastener,Aluminum,Unknown,50,675,642,13,Not Graded,Not Recorded,44.1,92.31,57.2,50.1,1.36,191.67,11.43,108.66,5.71,90.8,20,OK,Line stopped briefly,95.11,2.02
223,ORD-30022,2026-06-22,Plant D,MC-029,Press Brake,9.6,Evening,OP0028,A. Iyer,Home Appliance Component,Aluminum,Global Alloys,100,317,261,5,B,Yes,32.5,46.87,71.0,44.6,0.78,92.16,15.46,60.41,5.87,75.8,66,Not Scheduled,No Remarks,82.33,1.92
224,ORD-66903,2026-04-05,Plant C,MC-032,Laser Cutter,9.3,Morning,OP0084,P. Rao,Medical Device Part,Steel,Precision Components Co,50,490,570,12,B,No,28.7,31.78,71.2,45.4,1.71,161.04,33.69,399.79,6.64,76.1,23,Overdue,No Remarks,116.33,2.11
225,ORD-58904,2026-07-07,Plant A,MC-028,CNC Mill,10.0,Night,OP0088,K. Verma,Metal Bracket,Steel,Unknown,100,525,549,9,A+,Yes,13.1,57.01,70.0,56.8,3.44,140.72,36.63,289.43,4.26,61.7,38,Not Scheduled,Routine check,104.57,1.64
226,ORD-87189,2026-05-03,Plant A,MC-004,Injection Molder,2.1,Morning,OP0061,P. Rao,Metal Bracket,Aluminum,SteelCorp Ltd,250,481,488,11,C,Yes,34.9,22.52,73.8,31.8,3.73,125.65,42.72,437.49,6.41,64.1,34,Due,No Remarks,101.46,2.25
227,ORD-32304,2026-05-12,Plant A,MC-021,Injection Molder,13.6,Evening,OP0069,Unknown,Consumer Plastics,Unknown,Unknown,250,625,634,19,C,Yes,66.0,57.54,73.9,60.5,4.29,173.13,11.4,182.7,7.92,40.5,11,Not Scheduled,customer complaint logged,101.44,3.0
228,ORD-19839,2026-07-08,Plant E,MC-028,CNC Lathe,2.5,Morning,OP0061,R. Sharma,Electronics Housing,Polycarbonate,Poly Materials Inc,100,538,503,14,C,Yes,27.4,30.64,63.8,58.1,0.83,113.97,11.09,82.86,8.24,53.6,7,OK,Late shift start,93.49,2.78
229,ORD-13396,2026-03-10,Plant D,MC-027,Stamping Press,5.0,Morning,OP0107,P. Rao,Automotive Parts,Steel,SteelCorp Ltd,100,434,425,7,A,Yes,27.8,49.26,63.4,41.7,1.52,116.42,19.47,123.68,8.05,52.8,41,OK,No Remarks,97.93,1.65
230,ORD-56822,2026-09-11,Plant A,MC-017,Injection Molder,10.4,Morning,Unknown,Unknown,Industrial Fastener,Steel,Unknown,150,406,407,4,Not Graded,Yes,13.2,53.42,70.7,36.7,1.91,152.55,20.62,61.91,9.32,56.3,15,OK,Power fluctuation,100.25,0.98
231,ORD-41217,2026-07-16,Plant B,MC-016,Laser Cutter,4.4,Unknown,OP0070,N. Fernandes,Industrial Fastener,Steel,Poly Materials Inc,200,574,516,17,A+,Yes,24.4,44.65,78.1,44.4,0.2,118.49,18.93,266.67,6.91,69.7,45,OK,Line stopped briefly,89.9,3.29
232,ORD-42243,2025-11-15,Plant D,MC-031,Press Brake,2.4,Morning,OP0083,R. Sharma,Automotive Parts,Steel,Global Alloys,150,511,440,10,A+,Yes,1.3,66.48,70.7,46.9,1.62,175.68,5.7,43.47,10.07,81.7,25,Scheduled,unknown issue,86.11,2.27
233,ORD-19667,2026-05-05,Plant A,MC-017,CNC Mill,7.8,Night,OP0016,Unknown,Medical Device Part,Aluminum,Unknown,200,350,327,4,C,Not Recorded,48.3,40.93,75.4,27.8,0.22,103.1,38.48,78.51,8.68,59.6,42,OK,OK,93.43,1.22
234,ORD-33480,2026-05-22,Plant C,MC-028,Conveyor Unit,10.2,Night,OP0045,Unknown,Medical Device Part,Cast Iron,SteelCorp Ltd,150,632,578,7,B,Not Recorded,36.9,30.21,70.3,33.7,0.1,147.46,21.73,103.37,8.48,58.5,22,Overdue,Power fluctuation,91.46,1.21
235,ORD-71894,2026-01-11,Plant C,MC-005,3D Printer,8.1,Night,OP0033,A. Iyer,Automotive Parts,Unknown,Global Alloys,150,350,311,6,Reject,Yes,25.9,75.28,62.7,43.6,0.31,137.02,6.57,23.91,5.63,60.6,58,Due,OK,88.86,1.93
236,ORD-93909,2026-05-22,Plant C,MC-028,Injection Molder,5.6,Morning,OP0090,N. Fernandes,Consumer Plastics,Unknown,Global Alloys,50,525,474,8,C,Yes,5.4,47.43,67.8,33.3,2.04,76.84,20.79,105.62,8.51,55.9,7,Not Scheduled,customer complaint logged,90.29,1.69
237,ORD-68868,2026-04-18,Plant A,MC-026,CNC Lathe,11.4,Night,OP0055,Unknown,Consumer Plastics,Copper,Global Alloys,100,481,440,7,B,No,8.6,38.93,79.5,37.9,4.33,159.87,40.31,209.97,10.55,80.6,45,Not Scheduled,customer complaint logged,91.48,1.59
238,ORD-93857,2026-06-28,Plant C,MC-027,Injection Molder,11.6,Morning,OP0112,R. Sharma,Packaging Unit,Aluminum,Unknown,200,359,356,8,A,Yes,0.8,23.78,75.9,29.4,2.9,87.64,43.36,273.37,6.72,51.2,38,Not Scheduled,unknown issue,99.16,2.25
239,ORD-75226,2025-11-13,Plant B,MC-025,Injection Molder,6.0,Night,Unknown,N. Fernandes,Packaging Unit,Unknown,Global Alloys,300,627,597,11,C,No,13.0,46.36,61.2,38.2,3.89,190.28,9.74,79.45,8.22,47.0,42,Due,customer complaint logged,95.22,1.84
240,ORD-56009,2026-07-30,Plant A,MC-015,CNC Mill,0.8,Morning,OP0055,R. Sharma,Industrial Fastener,Aluminum,MetalWorks Pvt Ltd,300,585,533,9,A,Yes,42.5,40.43,78.7,63.9,3.43,101.33,19.43,132.01,9.64,68.8,30,Not Scheduled,Late shift start,91.11,1.69
241,ORD-33992,2025-11-22,Plant C,MC-021,Press Brake,4.3,Evening,OP0082,K. Verma,Aerospace Component,Aluminum,Precision Components Co,150,452,387,11,B,Yes,3.4,47.41,70.5,41.9,2.86,103.38,24.29,212.44,9.52,57.7,64,Scheduled,Routine check,85.62,2.84
242,ORD-67343,2026-04-05,Plant A,MC-020,Stamping Press,9.7,Morning,OP0059,M. Naidu,Aerospace Component,Steel,Precision Components Co,300,499,503,9,Reject,No,44.9,40.87,69.2,26.4,1.4,159.31,36.26,260.24,7.57,45.7,18,Not Scheduled,unknown issue,100.8,1.79
243,ORD-55022,2026-08-05,Plant B,MC-030,Laser Cutter,7.7,Morning,OP0076,K. Verma,Home Appliance Component,Steel,Global Alloys,50,540,517,9,A,Yes,36.5,31.84,75.7,39.3,1.04,98.65,12.76,59.63,6.92,81.0,46,OK,No Remarks,95.74,1.74
244,ORD-33693,2026-01-11,Plant C,MC-004,CNC Lathe,6.5,Night,OP0043,R. Sharma,Aerospace Component,Steel,SteelCorp Ltd,150,288,243,1,A,Yes,23.0,43.23,59.6,40.3,4.33,159.19,35.78,21.82,9.26,69.1,57,Scheduled,customer complaint logged,84.38,0.41
245,ORD-71290,2026-07-12,Plant B,MC-034,Injection Molder,3.1,Night,OP0111,S. Kumar,Industrial Fastener,Unknown,Global Alloys,200,538,477,11,B,No,41.2,67.08,74.7,51.0,1.82,128.5,22.72,125.84,6.55,84.0,52,Overdue,Late shift start,88.66,2.31
246,ORD-95105,2026-09-04,Plant B,MC-037,Stamping Press,3.5,Morning,OP0024,Unknown,Metal Bracket,Unknown,SteelCorp Ltd,50,489,494,10,C,No,0.2,47.54,78.8,39.1,0.34,141.69,5.42,35.06,5.79,61.4,1,Not Scheduled,Power fluctuation,101.02,2.02
247,ORD-92938,2025-12-19,Plant A,MC-002,CNC Mill,10.6,Night,OP0109,Unknown,Automotive Parts,Polycarbonate,SteelCorp Ltd,300,495,463,12,A,No,12.6,40.86,54.0,35.0,0.09,162.3,6.37,53.62,8.04,79.9,50,Due,Power fluctuation,93.54,2.59
248,ORD-17790,2026-02-26,Plant B,MC-004,Assembly Line,3.0,Unknown,OP0093,R. Sharma,Medical Device Part,Cast Iron,MetalWorks Pvt Ltd,50,418,432,9,A+,Yes,30.6,45.75,69.0,44.6,0.03,129.15,3.43,27.76,6.31,65.8,26,Not Scheduled,Routine check,103.35,2.08
249,ORD-97938,2026-03-03,Plant B,MC-036,3D Printer,13.5,Morning,OP0008,L. D'Souza,Home Appliance Component,ABS Plastic,Poly Materials Inc,250,634,579,10,A+,Yes,47.8,41.59,66.9,48.9,4.52,112.1,18.17,111.53,7.98,71.9,5,Not Scheduled,Routine check,91.32,1.73
250,ORD-75012,2026-06-21,Plant D,MC-013,Laser Cutter,11.5,Morning,OP0042,S. Kumar,Packaging Unit,Unknown,Poly Materials Inc,200,325,298,7,A,Yes,17.5,57.35,64.1,29.0,0.52,74.79,39.79,225.96,8.14,57.2,17,Not Scheduled,No Remarks,91.69,2.35
251,ORD-80187,2026-08-19,Plant C,MC-031,CNC Lathe,3.3,Morning,OP0046,P. Rao,Consumer Plastics,Steel,Global Alloys,150,516,477,6,A,No,64.6,61.1,70.7,32.5,2.26,125.39,28.83,140.4,6.22,89.3,25,OK,Late shift start,92.44,1.26
252,ORD-56727,2026-06-02,Plant C,MC-023,Injection Molder,9.3,Night,OP0111,L. D'Souza,Medical Device Part,Unknown,Poly Materials Inc,200,476,471,2,Not Graded,Yes,10.0,71.32,52.9,39.0,2.46,154.51,21.41,24.62,8.1,98.0,7,Overdue,Line stopped briefly,98.95,0.42
253,ORD-18106,2026-01-23,Plant B,MC-003,Laser Cutter,11.4,Morning,OP0030,K. Verma,Automotive Parts,Aluminum,SteelCorp Ltd,300,577,635,9,Reject,No,12.0,33.56,86.0,41.1,1.24,114.45,16.19,113.51,7.32,89.0,74,Overdue,OK,110.05,1.42
254,ORD-10356,2026-02-10,Plant A,MC-025,Conveyor Unit,8.8,Unknown,OP0034,Unknown,Aerospace Component,Copper,Global Alloys,50,593,601,15,Reject,Yes,24.4,58.2,80.9,49.1,1.85,130.93,18.61,151.44,7.84,81.1,68,Not Scheduled,No Remarks,101.35,2.5
255,ORD-93519,2025-12-04,Plant B,MC-028,Laser Cutter,11.9,Morning,OP0102,Unknown,Metal Bracket,Polycarbonate,SteelCorp Ltd,200,521,494,17,A+,Yes,32.9,48.02,71.4,46.6,0.68,202.88,22.32,304.9,6.37,57.3,20,Not Scheduled,customer complaint logged,94.82,3.44
256,ORD-88142,2025-11-11,Plant C,MC-008,Press Brake,2.5,Morning,OP0018,K. Verma,Consumer Plastics,Copper,SteelCorp Ltd,150,316,287,5,A+,Not Recorded,8.7,31.98,53.9,25.3,1.43,133.75,9.05,27.04,10.9,89.4,57,Not Scheduled,No Remarks,90.82,1.74
257,ORD-16797,2026-09-03,Plant A,MC-039,Conveyor Unit,3.0,Night,OP0120,Unknown,Electronics Housing,Unknown,MetalWorks Pvt Ltd,200,419,382,5,B,No,22.8,66.39,53.3,45.7,1.18,138.25,13.02,61.29,7.5,100.0,14,OK,unknown issue,91.17,1.31
258,ORD-31289,2025-10-15,Plant B,MC-007,Laser Cutter,7.0,Morning,OP0022,Unknown,Packaging Unit,ABS Plastic,SteelCorp Ltd,300,273,269,7,B,Yes,12.8,45.5,57.4,44.2,4.14,105.33,18.12,99.77,6.98,44.0,17,Due,Routine check,98.53,2.6
259,ORD-23611,2025-11-15,Plant D,MC-036,Press Brake,2.2,Morning,OP0056,L. D'Souza,Automotive Parts,Cast Iron,MetalWorks Pvt Ltd,200,556,565,7,B,Not Recorded,21.1,34.96,84.1,40.3,3.15,157.95,11.8,60.89,8.02,90.5,67,Overdue,unknown issue,101.62,1.24
260,ORD-65182,2026-05-23,Plant D,MC-039,CNC Lathe,10.9,Morning,OP0063,M. Naidu,Medical Device Part,Aluminum,Unknown,150,659,612,8,C,Yes,12.4,54.68,72.6,44.2,2.76,124.99,8.54,56.03,10.36,70.1,46,Overdue,No Remarks,92.87,1.31
261,ORD-70226,2026-01-30,Plant E,MC-037,Laser Cutter,14.0,Morning,OP0075,K. Verma,Industrial Fastener,Aluminum,Poly Materials Inc,150,292,290,4,Reject,Not Recorded,9.1,67.19,61.8,41.8,1.2,95.57,8.4,18.2,7.88,44.6,16,Scheduled,Power fluctuation,99.32,1.38
262,ORD-70539,2026-02-07,Plant B,MC-003,Conveyor Unit,5.6,Morning,OP0019,Unknown,Home Appliance Component,Cast Iron,Global Alloys,200,695,645,15,B,Yes,2.1,52.87,60.9,48.9,2.36,147.67,28.85,317.04,9.87,68.2,43,OK,No Remarks,92.81,2.33
263,ORD-52964,2026-05-20,Plant A,MC-013,Injection Molder,4.6,Night,OP0058,L. D'Souza,Home Appliance Component,Aluminum,Global Alloys,100,634,637,15,B,Yes,9.3,28.44,62.4,55.3,3.34,137.96,8.57,108.37,9.07,83.7,42,Scheduled,No Remarks,100.47,2.35
264,ORD-84112,2025-11-15,Plant C,MC-025,Assembly Line,9.0,Unknown,OP0005,R. Sharma,Consumer Plastics,Copper,Precision Components Co,300,635,671,16,Reject,No,6.4,37.36,61.0,52.7,2.4,117.3,11.43,147.81,9.22,85.5,14,Scheduled,Line stopped briefly,105.67,2.38
265,ORD-20517,2026-02-27,Plant D,MC-032,CNC Lathe,1.5,Night,OP0033,N. Fernandes,Home Appliance Component,Unknown,Global Alloys,150,331,262,1,A,Not Recorded,24.3,34.43,77.8,24.8,3.35,148.73,3.92,2.62,8.48,45.3,36,Not Scheduled,unknown issue,79.15,0.38
266,ORD-97350,2026-06-18,Plant B,MC-025,Assembly Line,12.7,Unknown,OP0095,N. Fernandes,Automotive Parts,Unknown,Precision Components Co,150,512,463,10,B,Not Recorded,7.6,61.75,66.5,60.0,1.36,131.12,8.67,55.86,9.03,58.3,8,Scheduled,Line stopped briefly,90.43,2.16
267,ORD-59868,2026-05-05,Plant C,MC-017,Conveyor Unit,3.6,Morning,OP0035,A. Iyer,Packaging Unit,ABS Plastic,Precision Components Co,100,727,624,15,A,Yes,4.3,34.55,74.5,50.4,1.89,87.87,42.47,578.62,8.16,92.5,11,Not Scheduled,unknown issue,85.83,2.4
268,ORD-13574,2026-08-30,Plant A,MC-003,Laser Cutter,5.8,Morning,OP0013,Unknown,Home Appliance Component,Aluminum,Poly Materials Inc,250,292,227,1,A+,Yes,13.6,48.18,52.6,46.3,3.01,101.52,6.23,4.55,7.74,74.5,59,OK,unknown issue,77.74,0.44
269,ORD-45160,2026-01-29,Plant A,MC-013,CNC Lathe,13.0,Evening,OP0047,Unknown,Electronics Housing,Aluminum,Unknown,300,524,428,9,A,No,16.9,55.67,90.9,65.5,1.42,69.21,40.44,304.84,7.29,50.8,55,Scheduled,customer complaint logged,81.68,2.1
270,ORD-23455,2026-06-30,Plant C,MC-011,3D Printer,13.8,Evening,OP0034,N. Fernandes,Metal Bracket,Polycarbonate,Global Alloys,100,577,599,13,C,Yes,5.9,36.09,61.2,46.0,2.24,93.06,38.56,401.53,6.62,95.4,34,Due,No Remarks,103.81,2.17
271,ORD-47679,2026-08-08,Plant C,MC-014,Welding Robot,11.4,Morning,OP0116,M. Naidu,Aerospace Component,Unknown,Global Alloys,150,577,516,9,B,No,55.2,31.31,64.1,26.0,2.26,98.18,6.25,43.15,5.35,51.7,10,Scheduled,Line stopped briefly,89.43,1.74
272,ORD-33426,2026-06-30,Plant A,MC-006,Injection Molder,11.8,Evening,OP0105,Unknown,Consumer Plastics,Aluminum,Unknown,150,350,352,4,A,Yes,20.9,0.74,60.7,40.3,4.06,82.2,11.03,27.63,9.25,56.7,90,Not Scheduled,No Remarks,100.57,1.14
273,ORD-62876,2026-05-27,Plant C,MC-028,CNC Mill,6.9,Evening,OP0006,L. D'Souza,Medical Device Part,Steel,SteelCorp Ltd,150,625,587,12,Reject,No,19.7,58.82,72.7,30.1,3.4,105.51,19.33,122.93,8.4,97.0,17,OK,No Remarks,93.92,2.04
274,ORD-13918,2026-06-23,Plant E,MC-009,Laser Cutter,2.9,Night,OP0082,A. Iyer,Industrial Fastener,Steel,SteelCorp Ltd,300,384,333,4,A+,No,3.2,49.1,60.7,32.3,3.01,167.91,19.03,62.15,9.12,54.3,69,Not Scheduled,Power fluctuation,86.72,1.2
275,ORD-87158,2026-08-29,Plant A,MC-037,CNC Lathe,10.0,Morning,OP0112,N. Fernandes,Aerospace Component,Cast Iron,Poly Materials Inc,200,503,419,7,A+,No,23.6,59.87,57.4,31.7,1.8,122.37,37.31,238.09,7.93,49.9,41,Overdue,Line stopped briefly,83.3,1.67
276,ORD-97253,2026-04-03,Plant B,MC-036,CNC Lathe,11.7,Morning,OP0103,K. Verma,Electronics Housing,Cast Iron,SteelCorp Ltd,300,526,487,7,A+,Yes,4.2,34.65,76.6,39.9,2.34,112.63,29.47,134.83,8.0,49.1,7,Not Scheduled,Line stopped briefly,92.59,1.44
277,ORD-26148,2026-07-08,Plant E,MC-029,Laser Cutter,11.3,Night,OP0097,N. Fernandes,Metal Bracket,ABS Plastic,Precision Components Co,100,594,598,14,A+,No,5.3,38.99,61.7,39.6,1.14,114.57,6.31,78.86,10.1,91.6,39,OK,Routine check,100.67,2.34
278,ORD-29908,2025-10-01,Plant D,MC-012,3D Printer,12.3,Evening,OP0060,K. Verma,Packaging Unit,Aluminum,Precision Components Co,100,523,439,8,Reject,Yes,36.3,60.13,67.5,28.0,2.73,90.05,39.83,168.67,10.66,100.0,17,Not Scheduled,OK,83.94,1.82
279,ORD-30325,2026-05-10,Plant B,MC-039,Injection Molder,11.0,Morning,OP0063,L. D'Souza,Metal Bracket,Cast Iron,Precision Components Co,200,410,374,8,B,Yes,33.1,46.64,79.1,44.9,4.41,103.87,29.59,179.12,6.38,44.1,18,Not Scheduled,unknown issue,91.22,2.14
280,ord8812,2025-12-03,Plant A,MC-001,3D Printer,6.0,Night,OP0039,S. Kumar,Home Appliance Component,Aluminum,Global Alloys,50,462,401,8,Reject,Yes,17.6,19.05,67.8,57.9,1.58,97.15,41.07,288.35,5.62,81.4,15,Due,Line stopped briefly,86.8,2.0
281,ORD-88059,2026-02-10,Unknown,MC-020,3D Printer,1.0,Morning,OP0034,Unknown,Automotive Parts,Aluminum,Global Alloys,100,332,289,9,A,Yes,50.7,39.97,74.8,22.0,2.96,91.86,39.66,142.76,8.62,60.4,21,Due,unknown issue,87.05,3.11
282,ORD-63714,2026-03-27,Plant D,MC-031,Laser Cutter,5.7,Night,OP0065,N. Fernandes,Automotive Parts,Steel,Precision Components Co,100,501,488,10,Reject,No,56.0,57.94,75.3,42.7,3.74,142.63,14.02,104.13,8.42,56.6,23,Due,No Remarks,97.41,2.05
283,ORD-18444,2026-08-16,Plant E,MC-036,Injection Molder,5.1,Morning,OP0074,L. D'Souza,Medical Device Part,Cast Iron,MetalWorks Pvt Ltd,300,293,251,9,B,Not Recorded,42.1,64.25,71.8,63.7,1.84,58.15,26.7,209.83,8.29,76.6,53,Not Scheduled,customer complaint logged,85.67,3.59
284,ORD-86605,2026-03-28,Plant A,MC-039,CNC Lathe,7.3,Evening,OP0012,A. Iyer,Home Appliance Component,Copper,Unknown,300,492,409,8,C,Yes,14.3,60.66,76.4,26.6,1.68,77.79,4.43,27.57,7.94,95.2,41,Not Scheduled,No Remarks,83.13,1.96
285,ORD-71917,2026-04-03,Plant A,MC-018,CNC Lathe,9.0,Evening,OP0085,Unknown,Aerospace Component,Unknown,Unknown,250,355,325,7,A,Yes,52.5,41.3,54.7,56.6,0.1,88.39,27.14,140.0,6.64,48.5,60,Due,No Remarks,91.55,2.15
286,ORD-17262,2026-03-31,Plant C,MC-029,Assembly Line,7.5,Morning,OP0056,N. Fernandes,Metal Bracket,Cast Iron,Precision Components Co,100,594,478,7,A,Not Recorded,19.5,45.52,67.8,35.4,0.79,107.93,3.32,12.02,6.83,82.3,31,Due,Power fluctuation,80.47,1.46
287,ORD-99374,2026-07-04,Plant B,MC-019,Welding Robot,8.3,Morning,OP0108,Unknown,Automotive Parts,Unknown,Unknown,200,588,531,7,Reject,No,10.7,57.22,73.6,26.0,1.54,97.66,23.39,123.41,6.33,84.8,48,OK,No Remarks,90.31,1.32
288,ORD-38887,2026-01-06,Plant A,MC-015,Welding Robot,3.2,Morning,OP0072,R. Sharma,Packaging Unit,Steel,Precision Components Co,150,379,374,4,Not Graded,Not Recorded,1.8,31.47,63.9,21.0,1.25,86.12,29.49,103.17,9.43,62.5,48,Overdue,Routine check,98.68,1.07
289,ORD-53352,2025-10-27,Plant C,MC-034,Injection Molder,3.5,Night,OP0013,L. D'Souza,Automotive Parts,Copper,Poly Materials Inc,100,625,539,14,Reject,Yes,15.1,52.02,70.1,50.8,1.54,128.11,16.9,224.81,7.06,87.5,58,Due,Routine check,86.24,2.6
290,ORD-25331,2025-12-05,Plant B,MC-007,CNC Mill,12.7,Evening,OP0009,Unknown,Home Appliance Component,Steel,SteelCorp Ltd,100,491,456,9,B,Yes,15.5,32.61,85.8,50.0,3.13,156.68,17.8,121.86,5.82,95.8,39,Not Scheduled,Routine check,92.87,1.97
291,ORD-79397,2026-08-24,Plant C,MC-026,Assembly Line,13.7,Morning,OP0019,Unknown,Home Appliance Component,Steel,Unknown,150,526,533,10,C,No,42.0,44.54,66.4,55.6,2.95,64.83,29.34,212.7,6.12,82.5,43,Due,Line stopped briefly,101.33,1.88
292,ORD-63589,2025-10-20,Plant A,MC-001,Welding Robot,1.5,Morning,OP0009,A. Iyer,Consumer Plastics,Polycarbonate,Poly Materials Inc,200,566,523,11,A+,Yes,10.1,52.76,57.5,36.8,1.63,143.6,44.7,477.59,6.73,48.4,32,Due,Late shift start,92.4,2.1
293,ORD-49642,2026-02-01,Plant A,MC-012,Injection Molder,13.6,Morning,OP0012,Unknown,Electronics Housing,Aluminum,Precision Components Co,200,343,269,7,A,Yes,14.7,42.37,72.8,59.6,4.93,106.33,44.18,268.01,8.45,80.9,64,Due,Power fluctuation,78.43,2.6
294,ORD-22942,2025-10-24,Plant C,MC-002,Assembly Line,5.4,Evening,OP0033,A. Iyer,Medical Device Part,Aluminum,SteelCorp Ltd,150,397,384,8,C,Yes,10.3,24.75,68.0,37.1,1.77,86.16,9.02,58.25,8.91,61.3,46,Due,No Remarks,96.73,2.08
295,ORD-93321,2026-01-29,Plant A,MC-030,Stamping Press,9.8,Evening,OP0004,Unknown,Industrial Fastener,ABS Plastic,SteelCorp Ltd,50,524,485,10,B,Yes,3.3,54.36,74.4,26.3,2.32,150.7,37.66,260.59,9.26,64.2,11,Not Scheduled,No Remarks,92.56,2.06
296,ORD-86253,2025-10-22,Plant C,MC-001,3D Printer,13.3,Night,OP0057,P. Rao,Electronics Housing,Unknown,Precision Components Co,200,654,757,9,B,Not Recorded,8.6,52.87,68.7,23.8,2.7,102.82,34.74,252.7,9.71,45.7,24,OK,Routine check,115.75,1.19
297,ORD-74798,2026-08-29,Plant A,MC-003,CNC Lathe,9.4,Morning,OP0009,P. Rao,Home Appliance Component,Steel,Poly Materials Inc,100,562,586,18,Not Graded,Yes,33.0,40.97,67.0,44.9,0.49,106.4,4.22,72.86,11.03,78.1,26,OK,unknown issue,104.27,3.07
298,ORD-13931,2026-04-06,Plant B,MC-007,CNC Lathe,4.0,Morning,OP0054,M. Naidu,Industrial Fastener,Polycarbonate,Global Alloys,300,467,410,8,Not Graded,Yes,18.5,25.23,67.5,40.4,0.44,130.19,30.26,216.22,4.83,77.6,15,OK,No Remarks,87.79,1.95
299,ORD-14203,2025-12-17,Plant C,MC-023,CNC Lathe,7.7,Morning,OP0024,A. Iyer,Packaging Unit,Aluminum,MetalWorks Pvt Ltd,100,681,643,14,A+,No,29.8,63.65,77.7,46.6,1.91,155.13,40.54,323.38,4.72,85.7,2,Not Scheduled,Routine check,94.42,2.18
300,ORD-31349,2026-03-02,Plant D,MC-037,Conveyor Unit,1.7,Evening,OP0059,M. Naidu,Industrial Fastener,Aluminum,Precision Components Co,150,278,219,4,C,Yes,2.9,22.68,76.9,33.8,0.66,118.49,8.36,30.48,9.18,69.0,6,Due,Late shift start,78.78,1.83
301,ORD-50697,2026-04-08,Plant C,MC-020,CNC Mill,4.9,Morning,OP0034,N. Fernandes,Electronics Housing,Aluminum,Precision Components Co,250,525,451,7,A+,Yes,25.0,62.12,80.6,50.1,2.32,66.85,7.0,35.29,6.51,73.1,37,OK,unknown issue,85.9,1.55
302,ORD-46038,2025-12-31,Plant B,MC-030,Assembly Line,8.5,Morning,OP0118,N. Fernandes,Medical Device Part,Steel,Precision Components Co,300,774,610,9,C,Yes,14.5,42.03,64.1,44.9,0.63,156.02,19.8,170.7,7.22,53.5,8,OK,Late shift start,78.81,1.48
303,ORD-55321,2026-08-01,Plant C,MC-023,CNC Lathe,6.6,Evening,OP0116,L. D'Souza,Home Appliance Component,Steel,Unknown,200,524,544,9,A,Yes,4.7,60.6,61.4,44.3,0.12,160.36,26.83,196.47,6.35,64.5,76,Due,OK,103.82,1.65
304,ORD-40005,2025-11-28,Plant E,MC-010,Welding Robot,6.8,Morning,OP0077,Unknown,Home Appliance Component,Cast Iron,Global Alloys,300,784,709,13,B,Yes,36.3,33.14,68.3,56.6,0.84,122.78,13.94,94.22,8.31,61.9,10,Not Scheduled,Late shift start,90.43,1.83
305,ORD-59533,2025-12-27,Plant A,MC-038,3D Printer,1.3,Night,OP0104,P. Rao,Packaging Unit,Steel,MetalWorks Pvt Ltd,300,707,664,12,B,No,20.1,35.69,60.8,39.0,4.37,204.17,10.53,103.05,10.22,67.2,53,Due,No Remarks,93.92,1.81
306,ORD-90321,2026-04-06,Plant B,MC-020,Stamping Press,5.1,Evening,OP0032,K. Verma,Home Appliance Component,Cast Iron,Global Alloys,50,617,517,5,C,Yes,54.7,44.04,65.2,54.0,4.9,134.2,12.31,32.17,5.16,69.8,31,Overdue,Line stopped briefly,83.79,0.97
307,ORD-27891,2025-11-26,Plant E,MC-016,3D Printer,11.0,Evening,OP0075,L. D'Souza,Industrial Fastener,Aluminum,SteelCorp Ltd,50,393,284,6,C,Yes,39.0,50.55,57.4,47.1,2.97,173.48,30.06,178.16,9.3,44.0,16,OK,OK,72.26,2.11
308,ORD-52317,2025-11-05,Plant B,MC-027,Welding Robot,6.4,Morning,OP0100,K. Verma,Packaging Unit,Steel,Unknown,200,569,550,12,A+,Yes,2.1,54.84,59.4,53.4,1.43,84.19,14.0,135.91,9.79,41.7,51,Due,No Remarks,96.66,2.18
309,ORD-29372,2025-11-06,Plant D,MC-028,Stamping Press,1.7,Night,OP0105,S. Kumar,Metal Bracket,Copper,SteelCorp Ltd,300,538,540,15,Reject,Yes,84.6,56.78,57.5,35.8,5.06,112.5,34.06,325.7,9.0,53.6,95,Not Scheduled,No Remarks,100.37,2.78
310,ORD-98030,2026-03-27,Plant B,MC-022,3D Printer,0.6,Morning,OP0110,Unknown,Industrial Fastener,Steel,Global Alloys,250,480,462,9,B,Not Recorded,35.5,22.77,69.0,39.2,4.05,124.33,18.25,155.96,10.27,96.0,32,Due,Material shortage,96.25,1.95
311,ORD-68636,2026-01-05,Plant C,MC-017,Injection Molder,14.5,Evening,OP0006,Unknown,Automotive Parts,Aluminum,Global Alloys,150,717,765,14,Not Graded,Yes,1.1,55.55,78.8,53.0,2.79,202.64,14.72,165.72,7.28,75.6,10,Scheduled,unknown issue,106.69,1.83
312,ORD-58979,2026-05-13,Plant D,MC-023,CNC Lathe,12.8,Morning,OP0082,P. Rao,Electronics Housing,Unknown,SteelCorp Ltd,50,711,743,14,A,Yes,7.6,36.37,64.8,60.6,1.4,108.07,28.92,302.16,8.88,55.0,20,Scheduled,Late shift start,104.5,1.88
313,ORD-33580,2026-05-06,Plant B,MC-017,Stamping Press,10.3,Evening,OP0064,A. Iyer,Industrial Fastener,Cast Iron,Global Alloys,250,509,468,12,Reject,Yes,11.1,55.09,63.4,61.3,2.23,151.08,39.86,309.16,6.86,50.3,36,Scheduled,No Remarks,91.94,2.56
315,ORD-19335,2026-09-06,Plant A,MC-022,Stamping Press,14.1,Morning,OP0031,R. Sharma,Consumer Plastics,ABS Plastic,Unknown,150,423,404,5,Reject,Not Recorded,24.4,62.88,75.6,60.4,0.76,90.83,10.89,52.06,8.27,66.0,31,Scheduled,Line stopped briefly,95.51,1.24
316,ORD-48949,2025-11-21,Plant C,MC-010,CNC Lathe,1.6,Morning,OP0016,K. Verma,Medical Device Part,ABS Plastic,Poly Materials Inc,50,608,525,8,A,No,1.1,54.1,75.8,52.2,0.74,104.36,37.48,279.8,8.08,65.3,38,Overdue,OK,86.35,1.52
317,ORD-92221,2026-01-18,Plant A,MC-009,Press Brake,13.4,Evening,OP0036,P. Rao,Automotive Parts,Polycarbonate,Unknown,300,662,662,14,A,Yes,35.7,35.84,77.9,44.8,2.01,121.58,8.45,93.3,7.71,78.9,71,Overdue,unknown issue,100.0,2.11
318,ORD-76577,2026-02-12,Plant C,MC-032,Stamping Press,5.3,Morning,OP0048,A. Iyer,Aerospace Component,Steel,MetalWorks Pvt Ltd,150,483,419,6,A,Yes,7.4,37.24,87.4,38.7,1.51,181.4,44.29,176.42,8.79,61.6,40,Scheduled,Routine check,86.75,1.43
319,ORD-45041,2026-08-31,Plant B,MC-003,Laser Cutter,13.4,Morning,OP0016,N. Fernandes,Electronics Housing,Steel,MetalWorks Pvt Ltd,200,540,474,4,A+,Not Recorded,35.0,25.6,58.5,32.2,3.34,179.87,3.97,12.68,7.03,73.8,48,Overdue,Late shift start,87.78,0.84
320,ORD-82116,2026-06-29,Plant B,MC-020,Welding Robot,2.4,Morning,OP0092,A. Iyer,Consumer Plastics,Unknown,Poly Materials Inc,150,598,572,7,B,Yes,19.5,33.53,62.7,59.9,2.03,133.14,37.87,209.72,7.44,66.6,79,Scheduled,Late shift start,95.65,1.22
321,ORD-30885,2026-08-07,Plant C,MC-012,Stamping Press,8.0,Morning,OP0058,R. Sharma,Medical Device Part,ABS Plastic,Global Alloys,50,565,532,14,A,No,8.7,27.52,75.8,51.0,2.24,136.48,29.59,302.47,6.47,71.1,11,OK,Material shortage,94.16,2.63
322,ORD-44406,2025-10-17,Plant A,MC-031,3D Printer,14.6,Evening,OP0069,A. Iyer,Consumer Plastics,Cast Iron,SteelCorp Ltd,150,598,512,12,Not Graded,No,42.7,41.45,78.9,23.9,4.98,122.01,39.18,355.34,7.04,67.9,32,OK,Line stopped briefly,85.62,2.34
323,ORD-63761,2026-02-28,Plant D,MC-029,CNC Mill,2.7,Unknown,OP0049,N. Fernandes,Electronics Housing,Steel,MetalWorks Pvt Ltd,250,578,536,9,B,Yes,21.9,54.97,68.9,28.6,0.74,151.8,7.47,54.92,8.42,61.1,24,Not Scheduled,Late shift start,92.73,1.68
324,ORD-13248,2025-12-16,Plant C,MC-024,Conveyor Unit,10.6,Night,OP0116,R. Sharma,Automotive Parts,Copper,Global Alloys,100,629,637,11,A,No,27.9,51.17,72.6,91.2,2.84,159.74,16.86,114.68,8.26,61.8,35,Due,Material shortage,101.27,1.73
325,ORD-74512,2026-03-30,Unknown,MC-003,Welding Robot,6.5,Night,OP0076,R. Sharma,Metal Bracket,ABS Plastic,SteelCorp Ltd,300,552,485,11,B,Not Recorded,55.6,35.26,69.0,37.8,2.93,116.88,37.09,373.14,4.96,93.2,12,Overdue,Line stopped briefly,87.86,2.27
326,ORD-87376,2025-11-17,Plant D,MC-031,Conveyor Unit,11.1,Morning,OP0017,N. Fernandes,Industrial Fastener,Aluminum,Unknown,250,752,715,13,A+,Yes,40.0,32.5,57.8,38.8,3.4,107.13,5.68,54.34,7.59,42.9,46,OK,Power fluctuation,95.08,1.82
327,ORD-51383,2026-01-16,Plant E,MC-024,Assembly Line,10.4,Evening,OP0074,N. Fernandes,Home Appliance Component,Polycarbonate,SteelCorp Ltd,150,567,559,4,A,Not Recorded,30.9,31.59,52.6,26.4,1.75,118.8,10.35,29.43,7.09,59.8,9,Not Scheduled,unknown issue,98.59,0.72
328,ORD-64746,2025-12-21,Plant A,MC-034,Press Brake,10.1,Morning,OP0095,Unknown,Consumer Plastics,Aluminum,Global Alloys,150,496,443,6,A+,Yes,12.6,48.12,75.0,55.1,2.85,102.59,4.02,18.1,10.93,69.8,64,Not Scheduled,No Remarks,89.31,1.35
329,ORD-15463,2026-04-26,Plant C,MC-036,Press Brake,0.6,Morning,OP0067,M. Naidu,Electronics Housing,Unknown,Precision Components Co,300,650,601,10,A+,Yes,34.6,53.31,82.1,53.0,1.97,136.88,20.9,158.98,9.15,68.3,9,Due,Line stopped briefly,92.46,1.66
330,ORD-13862,2026-06-06,Plant C,MC-012,Press Brake,14.9,Night,OP0119,Unknown,Automotive Parts,Steel,Global Alloys,250,670,537,10,Not Graded,Yes,7.9,37.57,67.7,48.3,3.49,123.19,16.39,162.15,8.51,57.7,61,Not Scheduled,Late shift start,80.15,1.86
331,ORD-11076,2026-04-13,Plant A,MC-029,3D Printer,5.8,Night,Unknown,R. Sharma,Medical Device Part,Aluminum,Unknown,300,521,472,9,B,No,20.5,52.08,75.8,53.4,2.32,90.82,35.7,171.26,7.4,49.4,21,Due,Power fluctuation,90.6,1.91
332,ORD-65435,2026-03-23,Plant C,MC-007,Assembly Line,5.5,Night,OP0088,L. D'Souza,Metal Bracket,Aluminum,SteelCorp Ltd,175,279,230,2,B,No,6.3,47.38,55.1,52.0,0.12,92.05,26.57,41.49,9.58,67.6,5,Due,unknown issue,82.44,0.87
333,ORD-29285,2025-12-20,Plant C,MC-027,Injection Molder,2.2,Morning,OP0015,M. Naidu,Packaging Unit,Copper,SteelCorp Ltd,300,508,439,7,A,Yes,396.4,41.91,75.4,48.2,1.46,143.61,38.23,204.33,8.31,62.9,2,Overdue,Material shortage,86.42,1.59
334,ORD-69929,2025-10-26,Plant A,MC-034,Injection Molder,9.9,Night,OP0009,N. Fernandes,Home Appliance Component,Aluminum,Precision Components Co,150,723,699,16,A,No,9.4,54.45,78.4,35.2,3.35,134.45,18.13,248.92,8.22,55.4,8,OK,unknown issue,96.68,2.29
335,ORD-39377,2025-11-11,Unknown,MC-018,Injection Molder,2.4,Morning,OP0064,R. Sharma,Consumer Plastics,Unknown,Global Alloys,150,483,414,7,A+,No,26.3,50.02,58.2,56.2,0.28,106.1,37.6,163.47,5.49,61.1,46,Not Scheduled,Late shift start,85.71,1.69
336,ORD-80513,2025-11-28,Plant B,MC-040,Conveyor Unit,11.3,Morning,OP0102,A. Iyer,Metal Bracket,Polycarbonate,Precision Components Co,250,711,645,15,B,Yes,9.8,70.32,70.4,63.2,3.92,134.51,8.46,120.45,10.12,78.9,32,OK,Line stopped briefly,90.72,2.33
337,ord5458,2026-05-16,Plant A,MC-023,Press Brake,7.5,Night,OP0087,K. Verma,Industrial Fastener,Steel,Precision Components Co,100,703,659,10,Not Graded,No,20.0,44.21,61.6,56.1,0.52,167.14,31.18,280.75,6.68,85.2,3,OK,OK,93.74,1.52
338,ORD-99065,2026-03-20,Plant A,MC-016,Welding Robot,1.5,Morning,OP0110,L. D'Souza,Packaging Unit,Copper,MetalWorks Pvt Ltd,200,519,447,5,Not Graded,Yes,7.3,40.98,82.0,46.5,2.81,75.52,25.48,118.76,7.02,77.0,31,Scheduled,unknown issue,86.13,1.12
339,ord8098,2025-10-11,Plant B,MC-003,Conveyor Unit,3.2,Evening,OP0066,M. Naidu,Home Appliance Component,ABS Plastic,SteelCorp Ltd,300,598,601,11,A,Yes,9.7,42.47,74.2,46.6,3.8,80.05,2.59,18.2,8.46,94.0,6,Scheduled,OK,100.5,1.83
340,ORD-86881,2026-08-02,Plant E,MC-027,CNC Lathe,9.4,Night,OP0102,K. Verma,Packaging Unit,Steel,Poly Materials Inc,100,401,401,8,B,Yes,57.1,37.25,63.7,51.2,4.21,101.81,41.86,216.37,5.59,87.3,30,Due,No Remarks,100.0,2.0
341,ORD-44155,2025-10-28,Plant A,MC-037,Stamping Press,6.8,Evening,OP0120,N. Fernandes,Medical Device Part,Copper,Global Alloys,50,590,480,9,A+,Yes,0.5,23.06,72.4,29.2,2.4,152.83,18.1,156.31,9.17,75.0,46,OK,Power fluctuation,81.36,1.88
342,ORD-83253,2026-06-07,Plant A,MC-030,CNC Lathe,1.8,Morning,Unknown,A. Iyer,Industrial Fastener,Steel,Poly Materials Inc,150,477,475,8,A,Yes,35.6,48.29,57.7,37.0,2.52,143.01,26.91,196.78,6.65,75.9,72,Due,Material shortage,99.58,1.68
343,ORD-95435,2026-06-27,Plant A,MC-040,Injection Molder,1.7,Morning,OP0020,K. Verma,Medical Device Part,Aluminum,Global Alloys,50,347,313,8,A+,Yes,17.7,58.55,73.8,37.5,2.88,107.15,9.93,50.39,6.77,49.2,44,Overdue,Late shift start,90.2,2.56
344,ORD-67233,2026-07-04,Plant B,MC-007,Stamping Press,3.0,Morning,OP0063,R. Sharma,Automotive Parts,Aluminum,Precision Components Co,300,656,532,7,A,Yes,15.3,29.84,56.2,44.7,1.06,167.11,33.38,181.47,5.16,67.9,47,Due,No Remarks,81.1,1.32
345,ORD-31370,2026-02-20,Plant E,MC-004,CNC Mill,11.0,Morning,OP0072,P. Rao,Industrial Fastener,ABS Plastic,Unknown,100,398,415,8,A,Yes,9.5,40.13,72.8,23.7,1.79,115.3,7.93,33.88,5.25,86.5,19,OK,No Remarks,104.27,1.93
346,ORD-61044,2026-01-07,Plant C,MC-019,Injection Molder,7.3,Morning,OP0019,P. Rao,Industrial Fastener,ABS Plastic,SteelCorp Ltd,150,550,577,15,A,Yes,9.0,49.35,65.4,59.1,2.3,169.99,36.59,348.69,9.97,45.8,21,OK,No Remarks,104.91,2.6
347,ORD-16246,2026-09-02,Plant B,MC-022,Welding Robot,3.7,Night,OP0023,Unknown,Industrial Fastener,Aluminum,Unknown,200,394,311,7,B,Yes,6.8,60.88,64.5,30.2,1.49,107.45,42.19,259.5,8.61,48.4,52,Not Scheduled,Late shift start,78.93,2.25
348,ORD-15784,2026-03-11,Plant C,MC-001,Laser Cutter,3.3,Morning,OP0008,K. Verma,Automotive Parts,Unknown,Precision Components Co,50,679,624,19,Reject,Yes,29.4,66.73,64.1,43.5,2.07,38.96,27.4,266.54,6.05,53.9,30,Not Scheduled,OK,91.9,3.04
349,ORD-34112,2026-01-16,Plant B,MC-024,Injection Molder,14.5,Evening,OP0110,P. Rao,Automotive Parts,ABS Plastic,Precision Components Co,50,679,627,12,Not Graded,Yes,17.5,35.1,74.6,27.5,1.92,68.42,16.68,196.83,8.32,97.5,37,Not Scheduled,OK,92.34,1.91
350,ORD-96606,2025-12-08,Plant E,MC-021,CNC Mill,13.2,Evening,OP0110,L. D'Souza,Aerospace Component,Steel,SteelCorp Ltd,150,484,444,12,B,Not Recorded,18.2,36.28,70.4,37.6,3.4,174.69,4.07,48.47,7.64,46.5,49,Overdue,Routine check,91.74,2.7
351,ORD-39100,2026-02-21,Plant B,MC-036,CNC Mill,0.5,Morning,OP0118,P. Rao,Metal Bracket,Copper,Precision Components Co,300,365,297,6,B,Yes,10.4,60.81,54.4,40.5,3.18,150.91,23.47,73.67,9.5,87.1,30,Not Scheduled,Routine check,81.37,2.02
352,ORD-21069,2026-06-08,Plant A,MC-021,3D Printer,13.6,Unknown,OP0033,Unknown,Medical Device Part,Cast Iron,SteelCorp Ltd,300,413,404,6,A,Yes,1.6,50.6,68.7,41.5,2.34,85.3,15.89,50.78,9.91,71.4,43,OK,Routine check,97.82,1.49
353,ORD-88027,2026-02-16,Plant A,MC-010,CNC Lathe,7.7,Evening,OP0102,N. Fernandes,Packaging Unit,Steel,MetalWorks Pvt Ltd,200,443,378,9,A,No,52.6,44.23,70.0,47.4,3.48,127.04,20.58,118.22,8.87,44.3,65,Overdue,No Remarks,85.33,2.38
354,ORD-63113,2026-05-29,Plant B,MC-027,Welding Robot,12.3,Evening,OP0103,L. D'Souza,Metal Bracket,Aluminum,Precision Components Co,50,435,443,10,C,Not Recorded,5.0,26.09,58.2,50.2,1.24,164.92,14.97,129.67,7.02,86.1,37,Due,No Remarks,101.84,2.26
355,ORD-38980,2026-05-10,Plant B,MC-020,CNC Mill,8.9,Morning,OP0108,P. Rao,Metal Bracket,Unknown,Precision Components Co,300,681,660,8,Reject,No,31.2,59.31,63.5,36.8,2.64,174.91,35.25,216.91,6.15,91.3,43,OK,Power fluctuation,96.92,1.21
356,ORD-59708,2025-11-15,Plant C,MC-015,CNC Mill,10.6,Evening,OP0062,M. Naidu,Home Appliance Component,Aluminum,SteelCorp Ltd,50,506,455,8,B,Yes,42.2,34.81,65.5,60.8,3.53,63.26,43.22,236.82,7.22,74.2,16,Scheduled,Late shift start,89.92,1.76
357,ORD-89421,2026-05-06,Plant D,MC-011,Laser Cutter,3.3,Evening,OP0113,S. Kumar,Industrial Fastener,Steel,Poly Materials Inc,50,715,651,10,B,No,10.8,42.65,55.7,33.7,2.87,102.02,40.63,349.11,8.85,100.0,35,Not Scheduled,Routine check,91.05,1.54
358,ORD-28802,2025-10-18,Plant B,MC-033,Assembly Line,4.2,Night,OP0094,L. D'Souza,Industrial Fastener,Copper,Global Alloys,50,271,228,4,A+,No,4.8,59.4,58.2,40.7,4.28,125.63,38.6,118.2,7.15,95.3,34,OK,Line stopped briefly,84.13,1.75
359,ORD-44849,2026-07-22,Plant C,MC-003,3D Printer,7.5,Evening,OP0023,Unknown,Automotive Parts,Unknown,Global Alloys,100,622,490,11,Not Graded,No,6.6,51.75,60.7,32.7,3.81,199.54,35.74,261.17,9.72,50.2,5,Due,Power fluctuation,78.78,2.24
360,ORD-74517,2026-04-02,Plant B,MC-011,CNC Mill,1.7,Evening,OP0118,R. Sharma,Medical Device Part,Aluminum,MetalWorks Pvt Ltd,250,416,373,4,Reject,Yes,0.7,45.18,76.6,32.6,0.98,159.4,38.32,130.33,6.77,58.2,3,Overdue,OK,89.66,1.07
361,ORD-73464,2026-07-12,Plant A,MC-032,Laser Cutter,5.5,Morning,OP0032,P. Rao,Industrial Fastener,Cast Iron,Global Alloys,150,531,506,11,Reject,Yes,7.2,25.81,55.7,51.4,3.48,173.95,24.61,232.98,6.88,84.8,38,Not Scheduled,Material shortage,95.29,2.17
362,ORD-80994,2025-11-03,Plant A,MC-035,Welding Robot,12.4,Night,OP0086,S. Kumar,Aerospace Component,Steel,Precision Components Co,150,371,304,7,C,Not Recorded,31.0,38.58,53.9,40.0,0.93,133.33,20.49,76.27,8.05,51.3,39,OK,Routine check,81.94,2.3
363,ORD-99744,2025-12-12,Plant C,MC-039,Injection Molder,8.5,Night,OP0089,S. Kumar,Aerospace Component,Cast Iron,Poly Materials Inc,200,623,513,16,B,Yes,33.1,53.01,57.1,55.0,2.45,142.76,22.07,211.01,6.54,90.1,26,Overdue,unknown issue,82.34,3.12
364,ORD-89707,2026-09-15,Plant E,MC-039,Press Brake,9.0,Night,OP0116,Unknown,Aerospace Component,Unknown,SteelCorp Ltd,50,478,417,7,A,Yes,27.8,57.45,73.7,30.1,0.85,85.8,26.26,166.63,7.87,78.8,18,Overdue,Late shift start,87.24,1.68
365,ORD-63082,2026-07-25,Plant C,MC-005,Laser Cutter,5.7,Evening,OP0010,Unknown,Industrial Fastener,Cast Iron,SteelCorp Ltd,200,580,481,7,A,No,31.8,54.93,66.0,49.0,0.37,113.55,32.88,157.61,8.05,71.5,13,Not Scheduled,unknown issue,82.93,1.46
366,ORD-89022,2025-11-29,Unknown,MC-010,CNC Lathe,5.9,Morning,Unknown,M. Naidu,Medical Device Part,Unknown,Global Alloys,50,412,377,12,A+,Yes,15.2,30.7,76.3,55.1,1.72,113.05,16.1,106.55,9.24,58.8,32,Overdue,Line stopped briefly,91.5,3.18
367,ORD-58374,2026-06-21,Unknown,MC-027,CNC Lathe,9.2,Morning,OP0017,N. Fernandes,Home Appliance Component,Steel,Poly Materials Inc,200,411,383,10,A,Yes,1.4,23.03,72.6,61.5,1.92,153.35,32.36,304.2,10.62,53.8,60,Not Scheduled,Late shift start,93.19,2.61
368,ORD-90350,2026-06-29,Plant C,MC-033,CNC Mill,14.2,Morning,OP0079,N. Fernandes,Packaging Unit,Steel,Poly Materials Inc,300,587,499,10,A+,Not Recorded,40.5,55.93,63.0,50.8,0.63,135.76,10.45,61.34,8.42,78.5,13,Overdue,Line stopped briefly,85.01,2.0
369,ORD-52461,2026-08-13,Plant B,MC-004,3D Printer,9.3,Morning,OP0032,A. Iyer,Aerospace Component,Unknown,SteelCorp Ltd,100,584,566,12,A,Yes,6.2,45.21,71.0,65.1,0.4,136.85,37.14,273.9,9.44,89.5,54,Due,Line stopped briefly,96.92,2.12
370,ORD-26248,2025-10-08,Plant E,MC-020,Stamping Press,0.9,Morning,OP0059,K. Verma,Electronics Housing,Polycarbonate,Poly Materials Inc,250,439,427,10,C,Not Recorded,28.0,41.07,55.2,49.7,3.18,97.89,23.42,172.52,9.93,91.1,18,Due,unknown issue,97.27,2.34
371,ORD-34403,2025-12-05,Plant D,MC-021,Welding Robot,4.4,Morning,OP0094,N. Fernandes,Home Appliance Component,Steel,SteelCorp Ltd,300,544,569,9,A,No,22.2,30.7,60.6,56.1,4.54,84.98,21.64,101.08,6.71,53.6,40,Not Scheduled,unknown issue,104.6,1.58
372,ORD-30305,2025-10-11,Plant C,MC-036,Press Brake,2.0,Night,OP0040,S. Kumar,Metal Bracket,Aluminum,Unknown,150,695,633,11,A,Yes,30.7,44.35,62.8,52.1,2.99,113.91,26.76,264.45,6.67,63.8,8,Not Scheduled,No Remarks,91.08,1.74
373,ORD-43038,2026-03-16,Plant E,MC-019,CNC Mill,3.4,Evening,OP0080,P. Rao,Consumer Plastics,Aluminum,Poly Materials Inc,250,521,479,10,Not Graded,No,6.2,42.65,67.0,52.2,1.22,50.4,20.35,146.34,7.28,76.2,19,OK,Material shortage,91.94,2.09
374,ORD-70890,2025-10-10,Plant A,MC-031,Injection Molder,4.5,Night,OP0021,A. Iyer,Aerospace Component,Steel,Global Alloys,150,586,581,15,C,No,5.9,60.89,60.8,49.2,1.86,84.41,23.09,186.23,10.08,81.6,27,OK,OK,99.15,2.58
375,ORD-68566,2026-01-01,Plant D,MC-017,Welding Robot,4.8,Evening,OP0107,A. Iyer,Metal Bracket,Steel,Unknown,100,360,329,9,A+,Not Recorded,518.2,52.85,80.6,50.1,1.03,150.17,15.14,138.21,7.97,67.5,20,Overdue,Line stopped briefly,91.39,2.74
376,ORD-30219,2026-09-02,Plant E,MC-036,Welding Robot,7.2,Morning,OP0068,M. Naidu,Packaging Unit,Aluminum,Global Alloys,100,315,262,5,C,Not Recorded,16.0,32.29,63.6,65.2,0.62,140.55,26.51,126.34,10.83,75.7,56,Overdue,Line stopped briefly,83.17,1.91
377,ORD-76139,2026-06-27,Plant A,MC-010,Stamping Press,12.0,Evening,OP0115,N. Fernandes,Metal Bracket,Unknown,MetalWorks Pvt Ltd,175,480,460,14,A,Not Recorded,5.7,36.86,74.3,39.0,2.79,101.56,12.14,169.31,7.99,67.0,9,Due,unknown issue,95.83,3.04
378,ORD-23650,2025-10-25,Plant D,MC-017,Assembly Line,2.8,Morning,OP0009,K. Verma,Medical Device Part,Aluminum,Precision Components Co,300,504,457,7,A,Not Recorded,15.9,68.96,67.2,64.1,2.63,86.33,9.18,50.03,9.44,95.8,37,Due,No Remarks,90.67,1.53
379,ORD-74886,2026-02-22,Plant A,MC-015,Stamping Press,13.9,Night,OP0071,Unknown,Medical Device Part,Steel,Precision Components Co,50,562,552,13,Reject,No,4.7,40.5,62.1,29.5,2.97,148.77,16.7,126.77,9.45,71.7,3,OK,Line stopped briefly,98.22,2.36
380,ORD-88956,2026-07-28,Unknown,MC-021,Injection Molder,11.6,Morning,OP0063,K. Verma,Packaging Unit,Unknown,Poly Materials Inc,150,373,378,6,Reject,Yes,21.1,17.45,63.0,30.4,1.44,114.83,38.64,116.13,7.52,52.3,60,OK,OK,101.34,1.59
381,ORD-67539,2026-04-05,Plant A,MC-023,Stamping Press,2.7,Morning,OP0120,K. Verma,Metal Bracket,ABS Plastic,Precision Components Co,200,600,552,11,B,Yes,16.7,54.04,67.7,33.9,3.15,136.05,13.37,137.86,7.4,57.6,9,Overdue,No Remarks,92.0,1.99
382,ORD-38378,2026-02-27,Plant C,MC-024,Welding Robot,9.4,Night,OP0009,L. D'Souza,Home Appliance Component,Steel,SteelCorp Ltd,50,595,525,9,Not Graded,Yes,38.7,54.85,68.0,26.7,3.67,96.68,12.49,86.08,7.8,83.7,67,OK,unknown issue,88.24,1.71
383,ORD-84091,2026-03-26,Plant A,MC-022,Welding Robot,7.8,Morning,OP0092,P. Rao,Metal Bracket,Aluminum,Unknown,175,476,449,3,B,No,24.8,51.72,69.3,25.6,1.34,90.46,15.11,29.24,8.38,93.7,18,Due,Power fluctuation,94.33,0.67
384,ORD-37102,2026-01-26,Plant C,MC-023,Stamping Press,14.4,Morning,OP0012,M. Naidu,Consumer Plastics,Aluminum,Global Alloys,100,412,408,5,C,Yes,17.5,60.55,61.5,53.9,1.85,117.75,13.78,41.0,8.29,75.5,42,Not Scheduled,Routine check,99.03,1.23
385,ORD-89448,2026-01-16,Plant A,MC-029,Injection Molder,11.5,Evening,OP0068,N. Fernandes,Home Appliance Component,Copper,SteelCorp Ltd,50,647,659,11,B,Yes,4.3,29.6,64.1,39.4,2.68,116.32,29.94,326.15,7.81,66.4,37,Overdue,No Remarks,101.85,1.67
386,ORD-98312,2026-02-13,Plant E,MC-029,Stamping Press,4.8,Evening,OP0050,K. Verma,Electronics Housing,ABS Plastic,Unknown,250,583,558,9,B,Not Recorded,6.1,54.02,68.7,55.4,3.4,94.59,13.69,113.84,8.49,69.9,10,Overdue,Material shortage,95.71,1.61
387,ORD-83818,2026-06-13,Plant C,MC-011,Laser Cutter,8.3,Morning,OP0093,Unknown,Electronics Housing,ABS Plastic,Unknown,200,618,554,10,A+,Not Recorded,8.4,33.65,69.4,37.7,4.91,82.98,35.29,278.13,9.14,69.0,46,OK,Material shortage,89.64,1.81
388,ORD-57706,2026-02-18,Plant E,MC-015,Press Brake,12.9,Night,OP0038,N. Fernandes,Industrial Fastener,Cast Iron,SteelCorp Ltd,200,474,484,17,Not Graded,No,5.6,48.79,73.3,60.4,0.14,100.51,28.41,380.45,10.75,45.3,40,Not Scheduled,Late shift start,102.11,3.51
389,ORD-75390,2025-11-08,Plant A,MC-013,Laser Cutter,5.0,Morning,OP0060,R. Sharma,Metal Bracket,Aluminum,Poly Materials Inc,200,579,581,4,A+,No,25.2,35.85,61.1,33.7,3.18,113.22,29.72,111.95,7.8,96.8,8,Not Scheduled,Routine check,100.35,0.69
390,ORD-65389,2025-11-22,Plant B,MC-007,CNC Mill,9.2,Morning,OP0061,Unknown,Home Appliance Component,Steel,Unknown,100,279,289,5,B,Yes,37.8,50.06,67.5,24.6,1.05,126.57,32.42,85.36,9.03,74.2,52,Due,unknown issue,103.58,1.73
391,ORD-93238,2026-07-22,Plant C,MC-021,CNC Mill,6.9,Night,OP0107,Unknown,Metal Bracket,ABS Plastic,Poly Materials Inc,250,587,548,3,A+,Yes,33.3,44.03,68.7,21.0,3.29,132.13,30.84,90.09,12.41,48.1,22,OK,Line stopped briefly,93.36,0.55
392,ORD-53254,2026-02-08,Plant B,MC-007,Welding Robot,0.6,Morning,OP0057,Unknown,Consumer Plastics,Cast Iron,MetalWorks Pvt Ltd,100,396,421,7,B,Not Recorded,53.0,65.04,68.5,50.7,2.35,136.83,26.07,180.44,7.43,47.4,35,Due,Material shortage,106.31,1.66
393,ORD-42809,2026-04-30,Plant D,MC-005,CNC Mill,7.2,Unknown,OP0029,N. Fernandes,Aerospace Component,Steel,MetalWorks Pvt Ltd,150,400,350,8,B,Not Recorded,0.8,66.62,86.2,67.0,1.85,57.63,21.67,164.09,7.39,75.0,59,OK,OK,87.5,2.29
394,ORD-97590,2026-01-28,Plant A,MC-010,CNC Mill,8.4,Morning,OP0105,P. Rao,Home Appliance Component,Steel,SteelCorp Ltd,50,641,655,21,B,Yes,31.3,31.35,78.9,65.8,3.61,76.4,6.51,86.04,7.43,88.2,8,Due,Material shortage,102.18,3.21
395,ORD-96308,2025-11-01,Plant A,MC-022,Press Brake,10.3,Night,OP0097,N. Fernandes,Consumer Plastics,Unknown,SteelCorp Ltd,50,445,401,4,A,Yes,5.2,45.32,45.9,49.3,2.89,137.53,38.5,118.37,7.79,59.8,7,Due,Routine check,90.11,1.0
396,ORD-67564,2026-02-28,Plant B,MC-015,3D Printer,5.2,Night,OP0009,M. Naidu,Consumer Plastics,ABS Plastic,MetalWorks Pvt Ltd,100,557,545,8,Reject,Yes,31.9,51.19,78.8,49.2,0.17,128.42,2.74,14.97,7.88,97.2,37,Not Scheduled,unknown issue,97.85,1.47
397,ORD-69208,2026-03-22,Plant B,MC-031,CNC Lathe,0.9,Night,OP0053,A. Iyer,Aerospace Component,ABS Plastic,SteelCorp Ltd,150,442,453,7,A,Yes,1.6,57.78,69.4,31.6,1.77,115.41,17.07,103.02,10.42,64.3,27,Not Scheduled,No Remarks,102.49,1.55
398,ORD-41476,2025-12-12,Plant A,MC-038,Assembly Line,0.6,Morning,OP0029,P. Rao,Industrial Fastener,Steel,Poly Materials Inc,150,780,704,13,A,Yes,33.7,63.59,61.4,25.1,1.68,87.2,11.05,118.86,6.97,44.6,47,Overdue,Routine check,90.26,1.85
399,ORD-10188,2025-10-29,Plant C,MC-002,Assembly Line,2.8,Morning,OP0027,K. Verma,Aerospace Component,Steel,Unknown,50,607,614,18,C,Yes,41.1,36.79,55.4,44.8,1.35,133.6,36.11,332.95,9.12,57.0,49,Overdue,OK,101.15,2.93
400,ORD-82323,2026-05-16,Plant D,MC-002,Welding Robot,9.8,Morning,OP0079,P. Rao,Industrial Fastener,Copper,MetalWorks Pvt Ltd,100,665,624,11,Not Graded,Yes,14.9,55.64,70.6,43.2,2.83,177.25,24.15,217.63,7.5,71.7,32,Scheduled,No Remarks,93.83,1.76
401,ORD-73720,2025-12-31,Plant A,MC-003,Welding Robot,5.4,Morning,OP0059,S. Kumar,Automotive Parts,ABS Plastic,Poly Materials Inc,150,643,593,12,Not Graded,Yes,34.6,32.64,47.7,41.1,0.53,91.5,35.98,320.94,8.27,88.8,50,Due,customer complaint logged,92.22,2.02
402,ORD-56720,2025-11-10,Plant E,MC-035,Press Brake,2.7,Evening,OP0097,K. Verma,Metal Bracket,Copper,Unknown,300,440,450,17,Reject,Yes,20.9,42.42,76.3,45.0,3.43,131.82,3.85,56.09,9.27,76.7,35,Not Scheduled,Routine check,102.27,3.78
403,ORD-89036,2026-07-13,Plant B,MC-037,Injection Molder,13.4,Morning,OP0107,K. Verma,Aerospace Component,Copper,Global Alloys,250,765,735,13,A+,Yes,4.9,47.01,82.2,41.3,2.07,170.97,40.69,472.2,5.66,92.0,15,Not Scheduled,No Remarks,96.08,1.77
404,ORD-36502,2025-12-12,Plant C,MC-013,Assembly Line,7.6,Morning,OP0103,Unknown,Medical Device Part,Unknown,Global Alloys,150,403,366,6,A,Not Recorded,3.2,58.45,82.4,63.3,3.08,111.16,23.47,123.3,7.99,50.3,32,Overdue,OK,90.82,1.64
405,ORD-60172,2026-09-06,Plant E,MC-039,Laser Cutter,0.8,Morning,OP0085,S. Kumar,Industrial Fastener,Aluminum,SteelCorp Ltd,250,516,497,8,B,Yes,45.2,18.05,82.2,40.1,2.77,141.66,42.23,309.08,5.93,88.4,34,Not Scheduled,No Remarks,96.32,1.61
406,ORD-72540,2025-10-29,Plant E,MC-029,Stamping Press,13.6,Evening,OP0046,K. Verma,Packaging Unit,Aluminum,SteelCorp Ltd,50,769,840,15,A,Yes,0.8,53.08,60.3,52.1,2.3,90.03,38.35,393.87,8.03,90.8,58,Scheduled,Line stopped briefly,109.23,1.79
407,ORD-77905,2026-08-10,Plant C,MC-014,Assembly Line,11.5,Morning,OP0057,P. Rao,Automotive Parts,Steel,Global Alloys,150,347,354,4,A,Yes,41.9,46.44,74.7,57.1,2.61,88.62,14.27,31.66,8.26,54.0,53,Not Scheduled,No Remarks,102.02,1.13
408,ORD-69582,2026-04-11,Plant B,MC-005,Press Brake,4.3,Night,OP0060,Unknown,Electronics Housing,Aluminum,Unknown,50,547,491,11,B,No,5.3,31.83,71.1,33.1,2.45,124.93,40.49,293.35,8.21,70.7,14,Overdue,Power fluctuation,89.76,2.24
409,ORD-29762,2026-01-02,Plant B,MC-015,Assembly Line,5.9,Morning,OP0043,K. Verma,Packaging Unit,Polycarbonate,Global Alloys,100,552,547,13,Not Graded,No,14.9,53.02,58.2,40.4,3.0,149.72,12.49,121.82,8.68,80.9,28,Due,Late shift start,99.09,2.38
410,ORD-25892,2026-01-30,Plant D,MC-004,3D Printer,4.6,Morning,OP0003,A. Iyer,Home Appliance Component,Copper,SteelCorp Ltd,150,361,344,6,A+,Yes,16.8,53.36,73.7,47.0,2.26,145.22,20.17,106.11,4.9,91.5,63,OK,No Remarks,95.29,1.74
411,ORD-29025,2026-02-21,Plant A,MC-026,Injection Molder,11.4,Evening,OP0074,S. Kumar,Industrial Fastener,Polycarbonate,Precision Components Co,300,701,598,14,Reject,Yes,23.5,33.74,69.9,32.7,3.53,157.15,33.54,307.33,9.63,75.9,29,Not Scheduled,Material shortage,85.31,2.34
412,ORD-35928,2026-08-09,Plant B,MC-014,Press Brake,12.1,Morning,OP0010,S. Kumar,Industrial Fastener,Aluminum,SteelCorp Ltd,200,402,355,4,Not Graded,No,64.1,45.42,61.7,47.6,1.95,112.27,11.4,43.87,8.87,61.5,11,Not Scheduled,unknown issue,88.31,1.13
413,ORD-28524,2026-02-03,Unknown,MC-032,3D Printer,10.6,Morning,OP0074,R. Sharma,Electronics Housing,Copper,Precision Components Co,200,702,634,11,Not Graded,Not Recorded,14.8,33.63,58.2,60.0,3.52,157.54,23.29,199.94,7.98,66.1,51,Scheduled,OK,90.31,1.74
414,ORD-75987,2026-07-26,Plant B,MC-007,Laser Cutter,0.7,Evening,OP0113,S. Kumar,Aerospace Component,Polycarbonate,SteelCorp Ltd,250,690,678,15,A+,No,10.3,48.13,80.3,21.5,0.79,125.45,5.98,82.17,9.29,47.4,46,Due,customer complaint logged,98.26,2.21
415,ORD-70617,2026-04-04,Plant A,MC-035,Stamping Press,7.1,Morning,OP0104,N. Fernandes,Industrial Fastener,Aluminum,Global Alloys,200,465,407,13,Not Graded,Yes,75.7,59.61,82.2,49.1,2.53,83.83,42.57,436.83,9.44,60.5,31,Not Scheduled,Late shift start,87.53,3.19
416,ORD-54849,2026-04-06,Plant B,MC-007,Stamping Press,12.6,Evening,OP0006,K. Verma,Aerospace Component,Unknown,Precision Components Co,200,594,536,12,C,Yes,22.0,47.92,48.5,53.6,1.8,186.69,11.73,71.65,9.7,97.1,59,OK,customer complaint logged,90.24,2.24
417,ORD-20812,2025-10-19,Plant A,MC-031,CNC Lathe,7.0,Night,OP0027,P. Rao,Consumer Plastics,Copper,SteelCorp Ltd,100,425,379,11,Not Graded,Yes,73.7,52.88,81.4,53.6,1.41,127.01,15.8,164.0,9.51,47.2,1,OK,No Remarks,89.18,2.9
418,ORD-57798,2025-10-21,Plant A,MC-039,Conveyor Unit,1.3,Morning,OP0031,P. Rao,Packaging Unit,Aluminum,SteelCorp Ltd,250,400,373,4,B,Yes,4.8,66.64,54.6,45.7,2.6,121.44,13.06,50.86,6.78,62.0,5,OK,No Remarks,93.25,1.07
419,ORD-32714,2026-08-02,Plant E,MC-017,Welding Robot,1.6,Night,OP0119,N. Fernandes,Metal Bracket,Aluminum,Precision Components Co,200,616,548,11,Not Graded,Not Recorded,20.6,39.34,70.5,49.0,0.92,133.82,43.37,323.06,7.39,54.0,53,Due,No Remarks,88.96,2.01
420,ORD-49854,2026-07-29,Plant A,MC-040,Assembly Line,7.7,Evening,OP0057,N. Fernandes,Aerospace Component,Cast Iron,Poly Materials Inc,150,572,560,12,A,No,27.8,54.0,61.2,52.5,3.56,116.55,38.3,244.91,10.57,100.0,50,Scheduled,unknown issue,97.9,2.14
421,ORD-10514,2026-07-26,Plant B,MC-028,Injection Molder,7.4,Night,OP0054,S. Kumar,Consumer Plastics,Aluminum,MetalWorks Pvt Ltd,100,622,521,7,B,No,10.1,61.48,66.2,31.2,1.52,75.96,26.41,136.93,7.73,88.9,43,Overdue,No Remarks,83.76,1.34
422,ORD-43143,2025-12-21,Plant B,MC-006,Laser Cutter,14.1,Evening,OP0036,Unknown,Consumer Plastics,ABS Plastic,Unknown,150,466,450,15,B,No,37.9,41.96,77.1,37.6,3.29,143.67,9.63,128.55,8.38,76.3,50,OK,unknown issue,96.57,3.33
423,ORD-84625,2026-02-28,Plant C,MC-035,Conveyor Unit,10.7,Evening,OP0101,R. Sharma,Packaging Unit,Unknown,MetalWorks Pvt Ltd,200,402,379,12,A+,Yes,37.5,35.78,71.6,51.1,2.42,200.37,31.28,257.31,7.47,80.5,57,Due,Power fluctuation,94.28,3.17
424,ORD-80327,2026-08-10,Plant E,MC-016,Welding Robot,7.0,Evening,OP0060,A. Iyer,Metal Bracket,Steel,SteelCorp Ltd,200,739,647,12,B,Not Recorded,54.8,39.63,80.3,45.1,0.83,190.05,40.14,304.14,9.97,81.3,34,Due,unknown issue,87.55,1.85
425,ORD-70725,2026-08-29,Plant B,MC-015,Conveyor Unit,13.7,Morning,OP0021,Unknown,Electronics Housing,ABS Plastic,Precision Components Co,200,523,443,15,B,Not Recorded,13.2,42.47,61.9,43.7,1.42,157.25,42.34,335.22,7.88,40.6,4,OK,No Remarks,84.7,3.39
426,ORD-40507,2026-09-12,Plant E,MC-002,Conveyor Unit,0.3,Morning,OP0010,S. Kumar,Industrial Fastener,Steel,Poly Materials Inc,50,449,369,7,C,Yes,10.0,46.28,80.6,41.3,1.83,152.71,9.93,57.97,8.38,93.1,38,Not Scheduled,customer complaint logged,82.18,1.9
427,ORD-80593,2025-12-27,Plant B,MC-026,Conveyor Unit,8.1,Evening,OP0089,M. Naidu,Metal Bracket,Aluminum,Global Alloys,100,326,301,11,C,No,11.0,28.51,70.5,42.9,2.58,115.32,8.0,72.54,11.23,61.8,47,Overdue,unknown issue,92.33,3.65
428,ORD-97741,2026-04-20,Unknown,MC-020,CNC Lathe,4.2,Morning,OP0106,S. Kumar,Industrial Fastener,Unknown,Precision Components Co,200,449,419,4,B,Not Recorded,10.0,40.14,77.3,68.8,3.34,196.01,38.59,113.32,7.4,75.8,15,OK,Power fluctuation,93.32,0.95
429,ORD-24129,2026-02-21,Plant B,MC-033,Assembly Line,5.5,Morning,OP0013,L. D'Souza,Metal Bracket,Cast Iron,MetalWorks Pvt Ltd,250,409,430,11,A,Not Recorded,32.9,85.78,72.1,45.3,0.67,53.85,26.81,202.87,10.14,89.5,32,Not Scheduled,customer complaint logged,105.13,2.56
430,ORD-92178,2025-12-10,Plant A,MC-019,Injection Molder,11.3,Morning,OP0002,K. Verma,Industrial Fastener,ABS Plastic,SteelCorp Ltd,300,712,592,14,A+,Yes,27.0,41.45,67.0,25.6,1.74,150.56,44.65,349.23,6.62,84.7,28,Not Scheduled,customer complaint logged,83.15,2.36
431,ORD-41871,2026-03-02,Plant C,MC-015,3D Printer,2.8,Morning,OP0068,K. Verma,Aerospace Component,Polycarbonate,Unknown,150,546,557,12,Reject,Not Recorded,64.0,60.95,73.6,69.1,1.72,90.86,31.54,370.55,7.8,40.4,39,Scheduled,Line stopped briefly,102.01,2.15
432,ORD-57708,2026-04-22,Plant B,MC-038,CNC Mill,5.9,Morning,OP0116,A. Iyer,Metal Bracket,Steel,Poly Materials Inc,250,308,263,7,B,Yes,10.8,60.42,62.8,56.5,0.31,132.48,36.94,185.64,8.71,56.4,20,Not Scheduled,No Remarks,85.39,2.66
433,ORD-11223,2025-11-01,Plant B,MC-013,CNC Mill,7.5,Morning,OP0037,Unknown,Home Appliance Component,Steel,MetalWorks Pvt Ltd,100,793,681,5,A+,Yes,50.7,44.17,60.6,48.2,3.44,65.66,43.3,182.41,9.05,51.6,30,Due,No Remarks,85.88,0.73
434,ORD-86988,2026-04-10,Plant E,MC-035,Laser Cutter,14.4,Evening,OP0025,K. Verma,Electronics Housing,ABS Plastic,Precision Components Co,200,359,379,6,Reject,No,34.0,30.02,67.4,46.8,2.13,160.92,21.99,88.05,7.88,70.7,44,Not Scheduled,Power fluctuation,105.57,1.58
435,ORD-69142,2025-12-22,Plant D,MC-028,Injection Molder,10.6,Morning,OP0063,N. Fernandes,Automotive Parts,ABS Plastic,Poly Materials Inc,200,543,527,13,B,No,16.5,41.25,70.2,57.7,2.07,119.46,3.7,35.69,8.81,63.7,9,OK,OK,97.05,2.47
436,ORD-81842,2025-10-17,Plant B,MC-036,Conveyor Unit,8.7,Morning,OP0007,N. Fernandes,Home Appliance Component,Unknown,MetalWorks Pvt Ltd,150,483,502,10,A,No,45.0,40.6,86.1,48.6,1.0,166.69,31.26,195.02,7.12,64.1,13,Due,No Remarks,103.93,1.99
437,ORD-44406,2025-10-17,Plant A,MC-031,3D Printer,14.6,Evening,OP0069,A. Iyer,Consumer Plastics,Cast Iron,SteelCorp Ltd,150,598,512,12,Not Graded,No,42.7,41.45,78.9,23.9,4.98,122.01,39.18,355.34,7.04,67.9,32,OK,Line stopped briefly,85.62,2.34
438,ORD-64572,2025-11-04,Plant D,MC-005,Laser Cutter,13.9,Evening,Unknown,K. Verma,Home Appliance Component,Unknown,Global Alloys,50,581,455,9,A,Yes,33.9,57.13,75.2,36.6,2.5,158.42,41.01,187.05,10.04,74.8,41,Not Scheduled,unknown issue,78.31,1.98
439,ORD-42406,2025-10-03,Plant A,MC-015,Injection Molder,2.8,Night,OP0032,A. Iyer,Aerospace Component,ABS Plastic,Unknown,150,533,469,6,Not Graded,Yes,38.8,62.43,71.3,52.0,1.28,150.69,44.6,207.11,8.92,63.9,48,Scheduled,Power fluctuation,87.99,1.28
440,ORD-18679,2026-06-18,Plant E,MC-003,CNC Lathe,8.1,Morning,Unknown,Unknown,Industrial Fastener,Aluminum,Precision Components Co,200,781,785,16,A+,Not Recorded,6.6,43.38,56.9,40.1,4.46,140.27,38.27,365.35,6.25,52.7,20,Due,No Remarks,100.51,2.04
441,ORD-80438,2026-04-10,Plant A,MC-023,CNC Lathe,14.2,Morning,OP0037,K. Verma,Industrial Fastener,Copper,SteelCorp Ltd,50,415,380,6,A+,Yes,6.5,62.0,82.6,21.6,2.22,106.01,22.39,124.25,8.43,77.4,29,Due,customer complaint logged,91.57,1.58
442,ORD-43893,2026-07-11,Plant B,MC-012,CNC Lathe,8.9,Unknown,OP0021,N. Fernandes,Home Appliance Component,Copper,MetalWorks Pvt Ltd,300,598,579,12,A,Not Recorded,58.1,8.87,74.2,43.1,1.0,148.04,17.73,181.74,8.63,92.5,9,Overdue,customer complaint logged,96.82,2.07
443,ord8319,2026-03-24,Plant A,MC-035,Conveyor Unit,11.7,Night,OP0118,N. Fernandes,Medical Device Part,Polycarbonate,SteelCorp Ltd,250,615,596,14,A,Yes,15.3,44.85,62.0,30.1,1.66,106.28,8.95,89.66,5.51,79.3,21,OK,OK,96.91,2.35
444,ORD-97713,2026-01-31,Plant B,MC-005,Laser Cutter,7.9,Night,OP0064,P. Rao,Automotive Parts,Cast Iron,SteelCorp Ltd,100,711,659,16,C,Yes,34.9,45.98,80.8,60.9,1.66,128.71,15.03,190.9,8.58,74.9,27,Not Scheduled,Material shortage,92.69,2.43
445,ORD-21937,2025-11-29,Plant B,MC-025,Injection Molder,0.6,Night,Unknown,R. Sharma,Electronics Housing,Copper,SteelCorp Ltd,300,567,552,4,A+,Yes,2.7,65.92,88.3,57.9,1.73,81.05,26.88,107.18,6.21,48.5,31,Not Scheduled,Power fluctuation,97.35,0.72
446,ORD-92436,2025-12-10,Plant C,MC-022,CNC Lathe,9.5,Night,OP0051,K. Verma,Consumer Plastics,Steel,Unknown,300,637,589,16,Reject,No,52.3,41.39,70.4,65.1,0.66,95.85,38.07,469.28,8.97,56.8,3,Due,Line stopped briefly,92.46,2.72
447,ORD-59638,2026-08-10,Plant A,MC-007,Laser Cutter,4.2,Morning,OP0041,S. Kumar,Industrial Fastener,Steel,SteelCorp Ltd,150,455,499,12,Not Graded,Not Recorded,6.8,52.24,63.1,43.0,2.15,118.49,3.32,27.61,6.3,47.2,8,OK,customer complaint logged,109.67,2.4
448,ORD-58978,2026-07-28,Plant A,MC-031,Press Brake,3.0,Morning,OP0110,P. Rao,Automotive Parts,Cast Iron,Global Alloys,50,455,409,9,B,Yes,22.3,43.06,63.2,24.1,1.23,111.49,19.78,143.09,6.58,85.4,44,Due,customer complaint logged,89.89,2.2
449,ORD-84404,2026-07-09,Plant A,MC-033,CNC Mill,1.5,Night,OP0086,Unknown,Packaging Unit,Polycarbonate,MetalWorks Pvt Ltd,300,386,416,11,Reject,Yes,38.1,51.55,71.6,56.8,2.77,150.05,12.56,113.62,8.82,62.9,13,Due,No Remarks,107.77,2.64
450,ORD-22021,2026-09-13,Plant A,MC-030,Welding Robot,3.6,Night,OP0105,N. Fernandes,Packaging Unit,Polycarbonate,Poly Materials Inc,100,634,656,9,A,Not Recorded,12.1,52.6,57.0,64.9,3.27,112.77,39.24,311.33,10.17,67.4,1,Not Scheduled,Material shortage,103.47,1.37
451,ORD-88675,2026-07-30,Plant A,MC-020,CNC Lathe,9.1,Night,OP0001,Unknown,Consumer Plastics,Steel,MetalWorks Pvt Ltd,300,444,466,1,A,Yes,19.1,44.64,52.9,42.5,2.07,154.64,42.63,40.49,6.8,74.2,24,Not Scheduled,unknown issue,104.84,0.21
452,ORD-46313,2026-08-31,Plant B,MC-009,CNC Lathe,10.3,Evening,OP0089,L. D'Souza,Automotive Parts,Aluminum,Global Alloys,250,609,568,8,A,Not Recorded,1.1,51.21,72.0,59.7,1.94,71.44,40.72,279.27,10.87,70.1,3,Overdue,Material shortage,93.27,1.41
453,ORD-78783,2026-07-07,Plant B,MC-010,Press Brake,4.3,Morning,OP0104,K. Verma,Packaging Unit,Cast Iron,Precision Components Co,100,616,597,8,A,Yes,5.9,53.9,67.2,32.0,1.58,122.96,40.54,185.14,7.32,97.0,28,OK,Power fluctuation,96.92,1.34
454,ORD-97194,2026-04-07,Plant A,MC-018,Stamping Press,2.5,Morning,OP0028,Unknown,Consumer Plastics,Aluminum,SteelCorp Ltd,200,581,504,9,A,No,31.8,16.56,70.3,30.8,2.89,145.0,17.85,113.67,6.96,63.7,18,Not Scheduled,No Remarks,86.75,1.79
455,ORD-40128,2026-06-29,Plant A,MC-008,Assembly Line,3.1,Morning,OP0119,M. Naidu,Consumer Plastics,Polycarbonate,Global Alloys,100,474,455,11,B,No,10.6,34.05,64.2,49.1,2.55,88.58,25.33,267.88,6.11,79.3,63,Scheduled,Routine check,95.99,2.42
456,ORD-55995,2026-03-01,Plant B,MC-013,Stamping Press,2.8,Morning,OP0119,A. Iyer,Automotive Parts,Aluminum,Global Alloys,150,521,421,8,Not Graded,Not Recorded,23.8,53.6,64.3,24.3,2.79,117.11,26.44,192.8,8.22,44.0,83,Due,No Remarks,80.81,1.9
457,ORD-45581,2026-03-27,Plant A,MC-027,Assembly Line,7.5,Morning,OP0083,M. Naidu,Automotive Parts,Aluminum,SteelCorp Ltd,150,632,575,5,Reject,Not Recorded,14.3,39.31,70.4,50.1,0.46,131.82,12.41,39.49,8.1,80.9,17,Not Scheduled,OK,90.98,0.87
458,ORD-63539,2026-01-17,Plant C,MC-032,3D Printer,7.7,Morning,OP0057,Unknown,Automotive Parts,Polycarbonate,Poly Materials Inc,250,578,480,14,B,Yes,41.8,28.31,66.6,36.3,1.13,120.8,14.63,186.34,12.41,97.8,65,Not Scheduled,Late shift start,83.04,2.92
459,ORD-43038,2026-07-17,Plant C,MC-035,Welding Robot,5.4,Night,OP0117,R. Sharma,Medical Device Part,Unknown,SteelCorp Ltd,100,412,363,11,Not Graded,Yes,48.1,53.82,69.9,52.2,2.02,126.47,2.56,26.59,9.23,82.4,25,Overdue,Late shift start,88.11,3.03
460,ORD-76901,2026-06-27,Plant A,MC-022,Conveyor Unit,4.3,Morning,OP0055,Unknown,Medical Device Part,Polycarbonate,Global Alloys,250,554,530,13,B,Not Recorded,55.3,55.02,76.1,38.9,1.18,117.99,30.02,250.1,7.59,72.5,39,Not Scheduled,No Remarks,95.67,2.45
461,ORD-85778,2025-11-15,Plant A,MC-005,Stamping Press,6.2,Evening,OP0069,R. Sharma,Automotive Parts,Cast Iron,Unknown,100,653,599,7,Not Graded,Yes,45.5,57.69,75.8,41.2,1.36,131.64,29.33,179.59,8.28,55.7,31,Scheduled,No Remarks,91.73,1.17
462,ORD-21080,2026-09-12,Plant E,MC-022,Stamping Press,0.7,Morning,OP0006,Unknown,Home Appliance Component,Aluminum,Global Alloys,50,408,347,4,A+,Not Recorded,16.0,47.75,71.8,25.8,0.43,79.15,22.02,52.3,11.16,92.6,42,Due,Material shortage,85.05,1.15
463,ORD-15565,2026-07-03,Plant D,MC-039,CNC Lathe,0.6,Unknown,OP0015,Unknown,Metal Bracket,Polycarbonate,Global Alloys,150,606,649,13,B,Yes,8.1,50.2,69.9,40.8,1.53,80.92,4.81,59.72,7.66,78.1,24,Overdue,Late shift start,107.1,2.0
464,ord4541,2026-07-27,Plant C,MC-008,Stamping Press,9.8,Night,OP0042,L. D'Souza,Aerospace Component,Aluminum,MetalWorks Pvt Ltd,200,569,552,12,B,No,27.6,44.58,74.6,52.1,2.05,102.12,10.89,110.75,9.73,58.4,33,Due,Routine check,97.01,2.17
465,ORD-43706,2025-10-08,Plant B,MC-039,Welding Robot,9.0,Night,OP0007,M. Naidu,Aerospace Component,ABS Plastic,SteelCorp Ltd,50,493,440,12,Not Graded,Yes,2.9,22.25,71.7,51.2,1.5,144.72,31.58,217.26,7.51,48.3,15,Overdue,unknown issue,89.25,2.73
466,ORD-84122,2026-07-31,Plant A,MC-022,Laser Cutter,1.6,Morning,OP0096,Unknown,Packaging Unit,Steel,MetalWorks Pvt Ltd,200,620,660,10,B,No,24.0,67.61,63.7,53.2,3.0,126.7,19.93,102.25,8.32,88.5,47,OK,No Remarks,106.45,1.52
467,ORD-16729,2026-04-28,Plant D,MC-019,Injection Molder,7.3,Evening,OP0039,Unknown,Medical Device Part,Steel,Unknown,100,349,378,5,Not Graded,Not Recorded,11.0,57.16,66.4,73.1,2.27,157.16,7.24,24.41,8.56,50.3,34,Overdue,Line stopped briefly,108.31,1.32
468,ORD-44505,2026-03-29,Plant B,MC-036,Laser Cutter,13.4,Morning,OP0012,P. Rao,Home Appliance Component,Polycarbonate,SteelCorp Ltd,250,483,442,8,B,Yes,60.3,62.91,60.3,21.3,2.27,121.64,6.12,46.91,8.62,61.9,52,Not Scheduled,Line stopped briefly,91.51,1.81
469,ORD-63271,2026-07-31,Plant B,MC-016,CNC Mill,12.7,Night,OP0086,M. Naidu,Aerospace Component,Steel,Global Alloys,200,589,617,17,Not Graded,Not Recorded,13.2,41.61,70.7,31.8,2.54,116.98,20.13,218.38,9.86,100.0,27,Scheduled,Line stopped briefly,104.75,2.76
470,ORD-60102,2025-10-04,Plant C,MC-033,Injection Molder,9.3,Morning,OP0019,L. D'Souza,Consumer Plastics,Steel,Global Alloys,150,313,299,6,C,Not Recorded,10.5,57.3,78.4,28.5,2.9,148.62,33.27,155.81,6.7,86.6,10,OK,Late shift start,95.53,2.01
471,ORD-31879,2026-04-19,Plant D,MC-012,Press Brake,2.5,Morning,OP0056,Unknown,Medical Device Part,Aluminum,SteelCorp Ltd,150,643,620,15,A,Not Recorded,21.0,71.0,59.9,44.8,1.62,82.02,25.18,328.2,5.91,87.3,59,Not Scheduled,OK,96.42,2.42
472,ORD-91468,2026-02-05,Unknown,MC-009,Assembly Line,13.5,Evening,OP0015,M. Naidu,Automotive Parts,Unknown,SteelCorp Ltd,300,342,345,4,Not Graded,No,6.2,48.51,73.2,47.6,1.41,158.96,35.87,143.02,6.53,63.8,13,Scheduled,Late shift start,100.88,1.16
473,ORD-57774,2026-07-18,Plant D,MC-036,Laser Cutter,11.8,Morning,OP0026,Unknown,Electronics Housing,Steel,Unknown,200,351,359,10,Reject,Yes,33.9,52.35,58.8,42.1,2.05,115.29,30.31,201.31,8.96,53.5,15,Overdue,Material shortage,102.28,2.79
474,ord1153,2025-12-30,Plant A,MC-013,CNC Mill,3.2,Night,OP0052,A. Iyer,Aerospace Component,Steel,Poly Materials Inc,150,461,433,4,B,Not Recorded,2.6,22.14,61.5,38.9,2.3,188.71,5.57,19.72,5.46,48.6,51,Not Scheduled,OK,93.93,0.92
475,ORD-90826,2026-03-13,Plant D,MC-007,Press Brake,9.2,Night,OP0022,A. Iyer,Electronics Housing,Steel,Unknown,200,324,314,6,A+,No,7.5,34.66,60.3,37.4,1.66,110.32,25.13,112.84,9.57,95.3,58,Overdue,No Remarks,96.91,1.91
476,ORD-17860,2025-12-17,Unknown,MC-029,3D Printer,4.2,Night,OP0018,K. Verma,Aerospace Component,Aluminum,SteelCorp Ltd,50,264,235,4,A,No,8.8,31.44,63.6,31.4,1.94,82.44,20.7,75.15,7.61,97.0,12,Due,unknown issue,89.02,1.7
477,ORD-87580,2025-10-11,Plant B,MC-001,Assembly Line,2.3,Evening,OP0095,Unknown,Packaging Unit,Cast Iron,MetalWorks Pvt Ltd,250,467,411,12,A,No,16.9,36.87,76.8,43.2,1.03,108.75,6.8,59.87,10.04,44.9,45,Due,No Remarks,88.01,2.92
478,ORD-43038,2026-07-17,Plant C,MC-035,Welding Robot,5.4,Night,OP0117,R. Sharma,Medical Device Part,Unknown,SteelCorp Ltd,100,412,363,11,Not Graded,Yes,48.1,53.82,69.9,52.2,2.02,126.47,2.56,26.59,9.23,82.4,25,Overdue,Late shift start,88.11,3.03
479,ORD-90295,2026-01-26,Plant B,MC-039,Laser Cutter,2.6,Evening,OP0050,Unknown,Home Appliance Component,ABS Plastic,Global Alloys,150,356,332,8,A,No,1.0,35.0,51.8,20.9,1.3,164.35,33.6,241.03,6.96,67.3,10,Due,Routine check,93.26,2.41
480,ORD-48086,2026-04-17,Plant E,MC-021,Stamping Press,1.9,Evening,OP0044,P. Rao,Industrial Fastener,ABS Plastic,Unknown,300,510,383,12,C,Yes,12.6,49.31,59.1,51.4,0.75,146.03,24.38,254.06,9.38,49.4,54,Not Scheduled,Routine check,75.1,3.13
481,ORD-45043,2025-10-29,Plant A,MC-024,CNC Lathe,1.5,Evening,OP0023,Unknown,Automotive Parts,Unknown,SteelCorp Ltd,250,408,442,9,A,Yes,29.9,42.21,68.3,41.8,1.96,179.66,28.6,252.14,8.71,53.7,30,Overdue,Routine check,108.33,2.04
482,ORD-87165,2026-04-18,Plant A,MC-034,3D Printer,0.7,Evening,OP0041,Unknown,Aerospace Component,Aluminum,SteelCorp Ltd,150,414,402,5,Reject,Yes,39.4,47.14,80.9,27.3,1.34,131.52,36.6,144.95,7.32,59.8,27,Not Scheduled,Routine check,97.1,1.24
483,ORD-56899,2026-01-14,Plant E,MC-034,Laser Cutter,8.1,Morning,OP0003,Unknown,Industrial Fastener,Aluminum,Global Alloys,150,548,569,11,B,Yes,70.1,45.96,70.7,56.7,3.56,175.14,31.96,262.66,6.51,64.7,17,OK,Late shift start,103.83,1.93
484,ORD-59145,2026-03-27,Plant A,MC-014,Press Brake,7.0,Morning,OP0003,N. Fernandes,Aerospace Component,Aluminum,SteelCorp Ltd,150,578,519,6,Not Graded,Yes,18.3,50.78,63.2,65.3,1.01,129.92,36.96,127.92,4.85,87.8,22,Not Scheduled,unknown issue,89.79,1.16
485,ORD-78688,2026-08-15,Plant B,MC-007,Welding Robot,15.0,Morning,OP0035,R. Sharma,Automotive Parts,Steel,Unknown,300,547,471,8,A+,No,14.9,52.34,69.6,59.8,2.41,90.93,18.34,76.32,5.91,92.1,16,OK,Material shortage,86.11,1.7
486,ORD-18997,2026-01-18,Plant E,MC-020,Laser Cutter,9.1,Morning,OP0102,L. D'Souza,Consumer Plastics,Steel,SteelCorp Ltd,300,677,668,12,B,Yes,6.5,35.19,69.6,66.9,0.62,151.69,14.86,136.8,6.16,81.5,82,Not Scheduled,Routine check,98.67,1.8
487,ORD-66148,2026-05-19,Plant B,MC-031,CNC Lathe,0.9,Night,OP0067,R. Sharma,Consumer Plastics,Aluminum,Precision Components Co,300,664,671,13,A,Yes,14.4,61.42,67.9,47.0,2.36,103.69,33.93,412.38,6.09,68.7,11,Due,unknown issue,101.05,1.94
488,ORD-77740,2026-06-25,Plant B,MC-024,Conveyor Unit,10.3,Evening,OP0040,L. D'Souza,Home Appliance Component,Polycarbonate,Unknown,200,263,264,5,C,Yes,41.2,33.17,76.8,56.2,2.48,101.17,8.82,28.73,7.67,72.4,28,Overdue,No Remarks,100.38,1.89
489,ORD-97614,2025-12-10,Plant B,MC-027,Conveyor Unit,14.8,Night,OP0026,R. Sharma,Electronics Housing,Aluminum,Unknown,200,894,821,18,C,Yes,8.9,46.47,79.6,43.5,0.59,114.34,19.99,193.32,8.56,100.0,36,OK,customer complaint logged,91.83,2.19
490,ORD-67905,2026-09-06,Plant C,MC-008,Welding Robot,7.2,Night,OP0038,Unknown,Metal Bracket,Copper,Poly Materials Inc,200,545,578,13,A+,Yes,3.3,29.64,65.9,67.5,2.07,124.04,19.44,162.61,6.13,75.7,23,Not Scheduled,unknown issue,106.06,2.25
491,ORD-47887,2025-11-22,Plant B,MC-004,Assembly Line,7.0,Evening,OP0019,M. Naidu,Consumer Plastics,Cast Iron,Precision Components Co,150,639,674,12,A+,Yes,13.7,40.71,79.9,44.1,0.0,97.84,7.3,57.04,7.72,58.5,22,OK,Late shift start,105.48,1.78
492,ORD-88661,2026-09-09,Plant C,MC-012,CNC Lathe,12.5,Morning,OP0109,L. D'Souza,Metal Bracket,Unknown,Precision Components Co,50,405,367,5,A,Yes,40.9,69.63,74.1,30.2,1.65,140.86,18.44,81.1,8.11,69.4,24,Due,Material shortage,90.62,1.36
493,ORD-76275,2026-01-08,Plant D,MC-017,Stamping Press,0.8,Morning,OP0020,L. D'Souza,Medical Device Part,Polycarbonate,SteelCorp Ltd,200,574,555,9,A,Yes,37.7,54.2,64.4,54.8,2.62,84.92,15.05,100.23,7.29,94.0,59,Not Scheduled,OK,96.69,1.62
494,ORD-47178,2025-11-18,Plant B,MC-027,Stamping Press,2.7,Night,Unknown,S. Kumar,Automotive Parts,Steel,MetalWorks Pvt Ltd,150,642,623,12,A,No,36.5,50.16,79.5,56.1,1.24,123.04,31.12,315.26,6.52,41.1,5,Due,Power fluctuation,97.04,1.93
495,ORD-95257,2026-08-25,Plant C,MC-034,CNC Mill,6.4,Morning,OP0078,A. Iyer,Metal Bracket,Copper,Unknown,50,369,371,8,A,No,47.3,60.93,66.2,40.3,0.26,144.36,7.92,34.34,7.34,95.6,12,OK,Routine check,100.54,2.16
496,ORD-69247,2025-12-09,Plant A,MC-027,Welding Robot,3.6,Evening,OP0109,M. Naidu,Automotive Parts,Steel,Global Alloys,300,762,714,17,Reject,No,11.3,53.15,57.8,41.3,3.6,94.86,28.16,398.31,6.67,94.3,96,OK,Late shift start,93.7,2.38
497,ORD-36787,2025-10-13,Plant B,MC-022,Assembly Line,0.8,Night,OP0090,N. Fernandes,Industrial Fastener,Unknown,Precision Components Co,100,454,350,9,Reject,Yes,39.1,44.76,61.1,23.7,1.21,98.4,4.72,24.25,9.19,53.4,2,Overdue,OK,77.09,2.57
498,ORD-37249,2026-04-02,Plant E,MC-027,Conveyor Unit,11.5,Morning,OP0028,P. Rao,Aerospace Component,ABS Plastic,Poly Materials Inc,50,581,542,5,Reject,Yes,28.2,61.86,58.7,35.0,5.93,84.94,25.24,114.44,4.9,62.9,0,Not Scheduled,No Remarks,93.29,0.92
499,ORD-32280,2026-08-17,Plant A,MC-003,Conveyor Unit,5.3,Morning,OP0096,A. Iyer,Consumer Plastics,Aluminum,Precision Components Co,100,393,374,10,B,No,35.8,34.73,68.6,39.3,2.72,131.68,8.87,63.45,7.33,53.3,62,Not Scheduled,unknown issue,95.17,2.67
500,ORD-36302,2026-08-06,Plant E,MC-037,Injection Molder,13.2,Night,OP0085,A. Iyer,Consumer Plastics,Polycarbonate,Unknown,250,579,512,9,A+,Yes,4.6,35.88,52.1,50.7,0.28,77.0,16.53,93.59,9.37,46.2,29,Scheduled,Line stopped briefly,88.43,1.76
501,ORD-49015,2026-06-23,Plant A,MC-006,Assembly Line,13.6,Morning,OP0075,M. Naidu,Medical Device Part,Steel,Global Alloys,200,586,649,9,B,No,23.1,44.48,72.2,53.3,2.52,138.49,34.24,252.37,7.01,73.8,28,OK,Power fluctuation,110.75,1.39
502,ORD-93705,2025-12-28,Plant B,MC-036,Stamping Press,12.6,Night,Unknown,P. Rao,Medical Device Part,Steel,Unknown,200,582,648,14,B,Yes,12.9,60.06,50.2,38.2,5.1,102.69,23.24,255.44,7.72,80.0,20,Not Scheduled,No Remarks,111.34,2.16
503,ORD-73413,2025-10-28,Plant A,MC-013,Welding Robot,9.2,Morning,Unknown,P. Rao,Metal Bracket,Unknown,Poly Materials Inc,50,267,267,8,B,Yes,5.5,29.15,71.0,41.8,1.9,77.64,39.44,195.68,10.29,73.0,6,Due,No Remarks,100.0,3.0
504,ORD-97594,2026-07-04,Plant B,MC-036,Conveyor Unit,1.1,Evening,OP0015,Unknown,Packaging Unit,Aluminum,Unknown,200,611,546,10,Not Graded,Not Recorded,18.0,60.51,66.0,22.7,1.19,87.68,43.38,423.86,6.24,74.2,3,Not Scheduled,Power fluctuation,89.36,1.83
505,ORD-28228,2026-03-26,Plant B,MC-040,Stamping Press,12.7,Morning,OP0116,Unknown,Consumer Plastics,Steel,SteelCorp Ltd,100,335,320,7,Reject,Yes,29.9,37.39,65.9,53.9,2.65,129.34,5.15,24.92,6.26,68.2,7,Due,unknown issue,95.52,2.19
506,ORD-27823,2026-02-15,Plant C,MC-002,CNC Mill,10.2,Night,OP0040,K. Verma,Electronics Housing,Cast Iron,SteelCorp Ltd,150,568,556,9,Not Graded,Not Recorded,494.0,35.06,67.3,33.7,1.99,193.21,28.68,158.74,9.44,89.5,44,OK,Power fluctuation,97.89,1.62
507,ORD-66032,2026-07-07,Plant E,MC-018,Conveyor Unit,13.6,Evening,OP0002,R. Sharma,Industrial Fastener,Unknown,SteelCorp Ltd,50,528,480,12,B,Yes,23.2,38.7,61.4,54.4,0.43,81.92,40.29,309.15,8.62,97.6,4,Not Scheduled,No Remarks,90.91,2.5
508,ORD-75028,2025-11-09,Plant C,MC-022,Assembly Line,12.0,Morning,OP0049,Unknown,Electronics Housing,Steel,MetalWorks Pvt Ltd,50,537,508,12,Not Graded,Yes,482.7,18.29,77.0,40.3,0.69,123.6,24.37,209.77,10.76,45.1,36,Not Scheduled,OK,94.6,2.36
509,ORD-14719,2026-01-31,Plant A,MC-036,CNC Lathe,9.3,Morning,OP0006,N. Fernandes,Industrial Fastener,ABS Plastic,MetalWorks Pvt Ltd,100,682,609,13,C,Yes,313.3,23.24,66.8,44.7,2.72,84.15,34.95,379.3,9.2,79.9,12,Scheduled,No Remarks,89.3,2.13
510,ORD-78750,2025-11-27,Plant A,MC-011,CNC Lathe,1.6,Morning,OP0035,R. Sharma,Metal Bracket,Steel,SteelCorp Ltd,50,645,605,9,A,Not Recorded,22.8,31.62,60.9,30.7,1.5,119.02,39.25,305.37,10.69,80.3,12,Not Scheduled,customer complaint logged,93.8,1.49
511,ORD-83988,2026-01-04,Plant C,MC-033,Conveyor Unit,14.5,Morning,OP0045,S. Kumar,Electronics Housing,Copper,Global Alloys,200,607,606,12,Not Graded,No,10.4,34.69,62.6,51.3,4.71,105.54,34.77,344.43,9.29,90.0,54,Overdue,Line stopped briefly,99.84,1.98
512,ORD-93008,2026-08-06,Plant B,MC-022,CNC Lathe,8.7,Night,OP0116,S. Kumar,Aerospace Component,Copper,Poly Materials Inc,150,535,601,13,B,Not Recorded,21.1,44.87,68.4,34.5,2.57,55.7,19.06,128.79,8.37,69.9,57,Overdue,unknown issue,112.34,2.16
513,ORD-31155,2026-07-21,Plant D,MC-008,Conveyor Unit,1.9,Morning,Unknown,R. Sharma,Medical Device Part,Aluminum,Precision Components Co,150,582,520,8,Reject,Not Recorded,32.5,37.45,66.9,45.2,0.39,68.51,33.14,153.37,9.56,82.3,59,Scheduled,Routine check,89.35,1.54
514,ORD-66112,2026-02-07,Plant B,MC-023,Injection Molder,6.7,Morning,OP0096,Unknown,Metal Bracket,Aluminum,Global Alloys,150,449,393,8,Not Graded,No,0.5,27.01,77.5,38.0,2.2,124.34,34.24,239.89,8.02,74.6,3,OK,OK,87.53,2.04
515,ORD-30683,2026-05-25,Plant E,MC-016,Laser Cutter,2.2,Evening,OP0076,S. Kumar,Metal Bracket,Steel,Global Alloys,150,320,297,2,A+,Yes,10.2,41.49,83.0,52.6,0.83,176.52,22.42,28.91,8.0,51.3,54,Not Scheduled,No Remarks,92.81,0.67
516,ORD-95047,2026-07-13,Plant A,MC-024,Welding Robot,6.2,Evening,OP0078,A. Iyer,Automotive Parts,Unknown,Global Alloys,50,414,337,1,A,No,19.7,61.34,67.9,41.8,1.84,55.13,43.27,32.15,8.67,50.3,51,Not Scheduled,No Remarks,81.4,0.3
517,ORD-92756,2025-11-02,Plant C,MC-039,Laser Cutter,0.5,Morning,OP0061,Unknown,Metal Bracket,Steel,SteelCorp Ltd,200,563,487,10,Reject,Yes,9.9,64.83,74.3,54.7,4.19,151.59,2.9,24.26,5.89,41.9,55,Scheduled,OK,86.5,2.05
518,ORD-30123,2025-12-27,Plant C,MC-026,CNC Lathe,4.2,Evening,OP0070,N. Fernandes,Metal Bracket,Steel,MetalWorks Pvt Ltd,100,409,409,11,Reject,Yes,19.9,36.64,67.3,36.1,1.19,137.04,12.06,69.58,5.9,60.5,16,Not Scheduled,Power fluctuation,100.0,2.69
519,ORD-42457,2026-08-22,Plant C,MC-018,Conveyor Unit,10.4,Morning,OP0100,P. Rao,Medical Device Part,Steel,SteelCorp Ltd,50,598,545,9,A+,No,84.1,67.78,65.2,39.6,6.17,82.24,2.63,15.29,7.27,55.4,32,Not Scheduled,Material shortage,91.14,1.65
520,ORD-97460,2026-05-07,Plant E,MC-019,Press Brake,11.6,Night,OP0015,N. Fernandes,Electronics Housing,Polycarbonate,SteelCorp Ltd,300,642,561,11,Reject,Yes,53.5,50.77,88.9,52.2,0.92,118.63,15.52,100.56,9.65,88.6,9,Due,unknown issue,87.38,1.96
521,ORD-41119,2026-01-20,Plant A,MC-023,CNC Lathe,0.8,Night,OP0014,L. D'Souza,Home Appliance Component,Aluminum,Unknown,200,514,490,3,C,Not Recorded,0.3,35.99,59.0,28.3,0.96,113.9,21.38,49.85,10.98,76.8,40,OK,Routine check,95.33,0.61
522,ORD-43954,2025-11-10,Unknown,MC-036,Assembly Line,1.7,Night,OP0036,P. Rao,Consumer Plastics,ABS Plastic,Unknown,150,364,295,3,A,Yes,39.9,38.06,78.0,56.3,0.71,159.3,44.17,123.27,7.21,68.6,49,Overdue,Routine check,81.04,1.02
523,ORD-11883,2025-12-17,Plant A,MC-032,Assembly Line,10.2,Unknown,OP0093,R. Sharma,Packaging Unit,ABS Plastic,Unknown,150,473,385,9,Not Graded,Yes,13.3,45.35,66.3,59.5,0.49,141.27,28.75,157.34,10.32,66.5,26,Due,unknown issue,81.4,2.34
524,ORD-91399,2026-06-02,Plant A,MC-026,Laser Cutter,13.5,Morning,OP0104,Unknown,Automotive Parts,Aluminum,Global Alloys,50,524,396,12,A,Yes,17.6,53.04,71.3,33.7,1.43,82.93,9.82,112.45,7.52,51.2,81,Due,customer complaint logged,75.57,3.03
525,ORD-84792,2025-10-21,Plant E,MC-039,Injection Molder,3.2,Morning,OP0039,R. Sharma,Metal Bracket,Aluminum,Global Alloys,300,681,633,8,Reject,Yes,26.5,38.07,62.9,49.9,2.66,140.93,13.37,98.7,8.73,70.6,67,Not Scheduled,Power fluctuation,92.95,1.26
526,ORD-59981,2026-02-03,Plant D,MC-005,3D Printer,11.7,Night,OP0064,R. Sharma,Medical Device Part,Steel,Poly Materials Inc,250,619,506,11,C,No,18.2,46.65,68.0,66.8,2.9,107.12,15.88,118.0,8.24,64.6,25,Due,unknown issue,81.74,2.17
527,ORD-30319,2026-01-28,Plant B,MC-023,Laser Cutter,2.6,Morning,OP0018,P. Rao,Packaging Unit,Cast Iron,SteelCorp Ltd,200,344,335,5,Not Graded,Not Recorded,24.7,48.02,66.3,35.9,3.46,177.94,39.41,184.01,7.24,93.7,20,Due,Material shortage,97.38,1.49
528,ORD-79395,2026-05-22,Plant C,MC-020,CNC Mill,8.3,Evening,OP0087,R. Sharma,Aerospace Component,Copper,Precision Components Co,100,641,544,18,C,Yes,10.8,45.24,77.5,41.1,0.99,183.1,14.67,159.72,7.24,62.3,19,OK,No Remarks,84.87,3.31
529,ORD-91777,2025-12-21,Plant C,MC-004,3D Printer,13.0,Morning,OP0108,A. Iyer,Home Appliance Component,Aluminum,Global Alloys,150,215,201,5,B,Not Recorded,3.7,39.55,66.5,41.8,3.03,137.6,12.29,35.94,6.13,76.1,51,OK,unknown issue,93.49,2.49
530,ORD-69234,2026-01-30,Unknown,MC-040,Conveyor Unit,11.4,Morning,OP0041,L. D'Souza,Consumer Plastics,Polycarbonate,Global Alloys,150,566,565,13,B,Yes,10.4,31.87,74.5,38.2,0.15,101.13,25.19,226.87,7.08,86.0,53,Due,unknown issue,99.82,2.3
531,ORD-62246,2026-05-04,Plant A,MC-002,CNC Mill,13.7,Evening,OP0080,N. Fernandes,Automotive Parts,Steel,MetalWorks Pvt Ltd,150,630,577,10,C,Yes,2.2,35.42,79.1,53.4,0.54,103.69,31.83,192.1,6.97,80.0,40,OK,Material shortage,91.59,1.73
532,ORD-12762,2026-07-27,Plant A,MC-016,3D Printer,1.9,Morning,OP0057,M. Naidu,Industrial Fastener,Steel,Global Alloys,300,419,396,3,Not Graded,No,2.2,27.81,69.3,52.0,2.77,148.7,29.66,79.38,9.42,59.8,7,Scheduled,No Remarks,94.51,0.76
533,ORD-96587,2026-01-29,Plant E,MC-034,Injection Molder,5.0,Morning,OP0063,M. Naidu,Consumer Plastics,Unknown,Global Alloys,50,688,681,22,Not Graded,Yes,18.5,65.08,75.9,36.2,4.67,142.48,19.71,287.36,7.43,51.5,89,Due,Power fluctuation,98.98,3.23
534,ORD-21820,2026-05-14,Plant A,MC-019,Laser Cutter,9.0,Evening,OP0116,S. Kumar,Automotive Parts,Cast Iron,Unknown,150,436,411,10,B,Not Recorded,12.9,40.7,60.4,53.1,2.21,96.16,17.18,88.04,9.54,86.6,35,Due,Routine check,94.27,2.43
535,ORD-19643,2026-02-07,Plant E,MC-006,Injection Molder,9.4,Morning,OP0095,Unknown,Automotive Parts,Copper,Poly Materials Inc,50,435,396,6,B,Yes,3.7,54.96,63.7,30.7,3.35,110.33,43.04,201.52,4.43,46.6,51,Not Scheduled,unknown issue,91.03,1.52
536,ORD-67764,2026-09-04,Plant C,MC-024,CNC Lathe,11.6,Morning,OP0034,Unknown,Packaging Unit,Aluminum,Unknown,100,607,571,16,Not Graded,No,10.2,50.66,64.0,43.4,4.17,142.42,10.02,154.36,6.26,78.4,25,Not Scheduled,No Remarks,94.07,2.8
537,ORD-94264,2026-01-29,Plant B,MC-001,Conveyor Unit,7.8,Morning,OP0107,Unknown,Industrial Fastener,Polycarbonate,SteelCorp Ltd,100,361,324,8,A,No,24.9,27.7,66.9,37.4,0.08,127.46,19.95,154.93,9.07,78.6,29,OK,Material shortage,89.75,2.47
538,ORD-77021,2026-03-21,Plant C,MC-007,3D Printer,9.8,Evening,OP0082,R. Sharma,Packaging Unit,ABS Plastic,MetalWorks Pvt Ltd,200,345,276,6,B,Not Recorded,6.4,45.15,68.9,24.2,3.08,124.53,35.86,147.42,7.79,51.6,47,Not Scheduled,unknown issue,80.0,2.17
539,ORD-45083,2025-10-07,Plant B,MC-025,Injection Molder,11.5,Morning,OP0030,Unknown,Consumer Plastics,Steel,Unknown,50,473,417,8,A+,Yes,16.3,46.53,73.0,42.9,3.33,135.61,10.41,48.9,4.5,56.9,19,Due,Line stopped briefly,88.16,1.92
540,ORD-25825,2026-02-04,Plant D,MC-020,Stamping Press,13.8,Evening,OP0115,M. Naidu,Electronics Housing,Cast Iron,SteelCorp Ltd,150,472,385,9,A,Not Recorded,25.9,35.92,69.3,43.7,0.62,77.91,30.02,136.7,7.0,78.8,72,OK,No Remarks,81.57,2.34
541,ORD-75279,2026-07-07,Plant A,MC-006,Laser Cutter,3.4,Morning,OP0084,Unknown,Medical Device Part,Steel,MetalWorks Pvt Ltd,150,591,522,8,B,Not Recorded,2.5,41.12,64.8,36.4,2.12,100.46,20.77,96.48,8.09,74.7,1,Not Scheduled,customer complaint logged,88.32,1.53
542,ORD-64153,2026-03-08,Plant E,MC-020,CNC Lathe,0.4,Morning,OP0021,L. D'Souza,Industrial Fastener,Steel,MetalWorks Pvt Ltd,50,542,464,12,A,Yes,20.2,41.58,74.1,36.8,3.83,141.92,44.95,471.48,7.01,78.9,2,Overdue,Routine check,85.61,2.59
543,ORD-95302,2026-05-24,Plant E,MC-001,Stamping Press,6.7,Morning,OP0052,A. Iyer,Metal Bracket,Unknown,Global Alloys,175,421,380,6,B,Yes,16.6,56.62,60.7,30.8,2.21,58.48,18.95,89.07,8.22,54.6,81,Due,Material shortage,90.26,1.58
544,ORD-77973,2026-08-26,Plant B,MC-002,Welding Robot,11.6,Morning,OP0032,S. Kumar,Automotive Parts,ABS Plastic,SteelCorp Ltd,100,532,468,8,C,Yes,36.8,46.85,67.3,58.6,2.57,166.7,14.17,77.75,7.26,71.7,54,Overdue,Material shortage,87.97,1.71
545,ORD-49943,2026-09-01,Plant D,MC-039,CNC Lathe,12.8,Unknown,OP0095,S. Kumar,Metal Bracket,Copper,SteelCorp Ltd,175,588,602,12,Not Graded,Yes,24.3,59.87,66.7,32.9,3.06,43.71,14.48,141.95,7.38,92.1,7,Overdue,customer complaint logged,102.38,1.99
546,ORD-13032,2026-03-03,Plant B,MC-006,Laser Cutter,4.9,Night,OP0105,P. Rao,Consumer Plastics,ABS Plastic,SteelCorp Ltd,100,691,678,10,B,Yes,17.0,48.85,59.1,53.7,2.21,59.95,4.02,24.68,6.9,80.9,16,Scheduled,Late shift start,98.12,1.47
547,ORD-31720,2025-11-03,Plant B,MC-012,Welding Robot,10.6,Morning,OP0032,Unknown,Packaging Unit,Steel,SteelCorp Ltd,200,501,420,8,A,No,22.3,60.37,66.5,42.8,2.21,159.14,44.03,335.02,4.64,59.1,44,Due,customer complaint logged,83.83,1.9
548,ORD-39334,2025-11-12,Plant E,MC-008,Stamping Press,13.4,Morning,OP0059,A. Iyer,Packaging Unit,Aluminum,MetalWorks Pvt Ltd,150,367,363,10,B,Yes,12.2,27.63,85.4,33.7,0.33,112.55,6.92,59.4,8.81,85.5,29,Due,No Remarks,98.91,2.75
549,ORD-81073,2026-02-18,Plant B,MC-014,Injection Molder,7.6,Morning,OP0118,Unknown,Home Appliance Component,Polycarbonate,Global Alloys,150,551,534,9,A,Yes,18.0,31.61,69.5,31.3,0.56,176.17,4.06,31.37,8.71,50.8,16,OK,customer complaint logged,96.91,1.69
550,ORD-26591,2025-12-22,Plant D,MC-012,Conveyor Unit,6.0,Morning,OP0045,L. D'Souza,Electronics Housing,ABS Plastic,SteelCorp Ltd,150,516,466,10,B,Yes,4.0,37.85,68.3,53.8,3.27,108.56,18.56,103.45,7.07,58.4,2,Due,Routine check,90.31,2.15
551,ORD-33264,2026-09-15,Plant A,MC-001,Stamping Press,0.4,Evening,Unknown,Unknown,Consumer Plastics,Aluminum,Global Alloys,250,518,489,11,C,Yes,4.7,48.99,52.2,50.4,0.95,98.13,12.32,78.24,6.32,69.5,49,OK,Power fluctuation,94.4,2.25
552,ORD-55036,2026-04-28,Plant E,MC-034,Welding Robot,13.9,Evening,OP0092,M. Naidu,Aerospace Component,Steel,Global Alloys,300,612,555,14,B,No,22.9,36.79,64.2,36.2,4.73,120.14,15.68,165.85,9.39,79.9,72,Scheduled,unknown issue,90.69,2.52
553,ORD-34238,2026-01-12,Plant C,MC-013,CNC Mill,14.5,Morning,OP0076,N. Fernandes,Home Appliance Component,Polycarbonate,SteelCorp Ltd,300,257,455,9,Reject,Yes,5.5,31.36,60.0,38.6,1.8,156.3,25.7,128.6,8.37,97.6,3,OK,customer complaint logged,177.04,1.98
554,ORD-77174,2026-03-07,Plant A,MC-001,CNC Lathe,1.8,Morning,OP0031,N. Fernandes,Industrial Fastener,Steel,SteelCorp Ltd,50,460,489,14,A+,Yes,6.3,21.5,62.3,41.5,1.2,121.46,20.91,263.02,5.75,86.4,25,OK,Material shortage,106.3,2.86
555,ORD-58559,2026-05-24,Plant D,MC-009,CNC Lathe,11.7,Morning,OP0053,Unknown,Automotive Parts,Aluminum,Unknown,100,389,382,11,B,No,20.5,40.06,77.3,36.7,1.15,20.97,18.49,139.97,4.87,61.3,4,Due,No Remarks,98.2,2.88
556,ORD-54949,2025-11-17,Plant A,MC-010,3D Printer,3.0,Morning,OP0021,A. Iyer,Home Appliance Component,Aluminum,Unknown,300,282,280,3,Not Graded,Yes,2.1,44.66,60.2,44.7,3.99,138.22,35.15,59.55,8.42,86.6,62,Overdue,No Remarks,99.29,1.07
557,ORD-99034,2025-12-16,Plant A,MC-028,Stamping Press,13.6,Morning,OP0073,Unknown,Aerospace Component,Unknown,SteelCorp Ltd,150,535,494,5,B,No,21.8,56.38,68.8,61.2,4.19,147.83,32.63,109.62,7.03,95.6,23,OK,customer complaint logged,92.34,1.01
558,ORD-24478,2026-02-16,Plant D,MC-030,CNC Mill,15.0,Night,OP0005,M. Naidu,Industrial Fastener,Unknown,SteelCorp Ltd,100,705,723,19,B,Not Recorded,7.1,54.32,58.9,40.6,1.91,134.05,16.7,167.16,8.76,88.2,62,Not Scheduled,customer complaint logged,102.55,2.63
559,ORD-40258,2026-06-28,Plant B,MC-026,Conveyor Unit,1.1,Night,OP0110,A. Iyer,Consumer Plastics,Polycarbonate,Precision Components Co,100,518,436,9,Not Graded,Yes,5.0,51.05,68.7,43.2,1.47,74.22,36.69,270.91,7.04,52.0,47,OK,Material shortage,84.17,2.06
560,ord4229,2025-11-29,Plant A,MC-004,Laser Cutter,13.8,Evening,OP0038,L. D'Souza,Medical Device Part,Copper,Poly Materials Inc,200,610,540,11,A,No,8.5,28.34,56.1,52.2,2.28,147.39,3.47,20.31,7.43,55.8,26,Not Scheduled,Power fluctuation,88.52,2.04
561,ORD-74804,2026-08-12,Plant D,MC-025,CNC Mill,5.5,Night,OP0057,L. D'Souza,Aerospace Component,Unknown,SteelCorp Ltd,100,625,588,13,A+,Yes,0.4,39.03,61.5,59.6,1.57,92.05,40.88,367.14,8.05,69.7,42,Overdue,No Remarks,94.08,2.21
562,ORD-60436,2025-12-01,Plant C,MC-021,Press Brake,11.1,Night,OP0079,R. Sharma,Packaging Unit,Copper,Global Alloys,200,619,516,12,Not Graded,Not Recorded,25.3,54.45,57.6,52.9,0.25,50.71,15.58,109.16,8.32,67.4,11,Not Scheduled,Late shift start,83.36,2.33
563,ORD-47507,2026-03-10,Plant C,MC-014,3D Printer,1.4,Morning,OP0097,S. Kumar,Electronics Housing,ABS Plastic,Precision Components Co,150,487,472,10,B,Yes,11.3,52.09,62.5,63.9,3.74,120.3,16.94,85.02,8.24,77.4,7,OK,customer complaint logged,96.92,2.12
564,ORD-65725,2026-05-01,Plant A,MC-006,Conveyor Unit,11.4,Morning,OP0029,Unknown,Consumer Plastics,ABS Plastic,Global Alloys,50,239,238,3,Not Graded,Yes,23.3,47.29,74.4,39.8,2.77,110.92,14.46,39.53,7.21,90.6,52,Not Scheduled,No Remarks,99.58,1.26
565,ORD-95463,2025-12-09,Plant C,MC-005,Press Brake,4.6,Morning,OP0080,M. Naidu,Packaging Unit,Unknown,Unknown,200,580,551,6,Not Graded,Not Recorded,7.9,51.38,72.3,70.1,0.1,181.53,29.85,110.27,9.76,54.1,50,Not Scheduled,Material shortage,95.0,1.09
566,ORD-19789,2025-12-22,Plant E,MC-036,3D Printer,13.0,Evening,OP0005,A. Iyer,Packaging Unit,Copper,SteelCorp Ltd,200,529,528,6,B,Not Recorded,2.9,44.95,79.1,50.1,1.09,142.69,5.55,25.87,7.77,68.2,41,Overdue,Routine check,99.81,1.14
567,ORD-64725,2025-12-22,Plant C,MC-024,Stamping Press,2.1,Night,OP0089,R. Sharma,Consumer Plastics,Unknown,Unknown,100,338,307,4,A,Not Recorded,9.7,48.01,74.1,31.1,2.02,3.47,8.25,23.72,9.82,61.7,41,Overdue,Routine check,90.83,1.3
568,ORD-54676,2026-04-12,Plant C,MC-006,Laser Cutter,3.9,Night,OP0058,K. Verma,Electronics Housing,Cast Iron,SteelCorp Ltd,150,518,513,11,A,Yes,35.3,41.76,78.0,52.7,4.88,93.73,21.31,191.93,10.58,77.7,14,Due,unknown issue,99.03,2.14
569,ORD-17455,2025-12-27,Plant A,MC-018,Laser Cutter,4.5,Morning,OP0058,Unknown,Electronics Housing,Steel,Precision Components Co,150,539,515,14,Not Graded,Yes,26.8,53.82,83.6,47.8,2.18,88.26,17.24,190.26,8.17,92.3,35,Scheduled,Power fluctuation,95.55,2.72
570,ORD-41312,2026-05-18,Plant C,MC-001,Welding Robot,11.1,Morning,OP0017,N. Fernandes,Medical Device Part,Aluminum,Global Alloys,300,480,461,13,A,No,16.0,51.66,80.1,37.5,1.69,120.56,43.16,538.33,8.77,53.0,11,Not Scheduled,No Remarks,96.04,2.82
571,ORD-56246,2025-12-08,Plant B,MC-018,Stamping Press,13.6,Morning,Unknown,K. Verma,Aerospace Component,Aluminum,SteelCorp Ltd,100,586,614,6,A+,Not Recorded,33.6,44.53,77.1,33.7,0.96,145.42,8.7,41.02,7.85,55.0,80,Not Scheduled,Material shortage,104.78,0.98
572,ORD-81688,2026-03-13,Plant A,MC-021,Laser Cutter,5.5,Evening,OP0120,Unknown,Electronics Housing,Aluminum,Precision Components Co,50,583,429,16,B,No,34.5,62.58,70.9,38.3,1.97,80.0,31.6,433.17,8.66,69.9,74,Not Scheduled,No Remarks,73.58,3.73
573,ORD-61306,2026-05-16,Plant B,MC-017,CNC Mill,3.2,Night,OP0020,R. Sharma,Medical Device Part,Aluminum,Unknown,200,487,466,8,B,Yes,34.1,43.3,70.2,57.0,0.86,126.22,33.58,197.77,5.49,66.7,28,Not Scheduled,unknown issue,95.69,1.72
574,ORD-88647,2026-02-07,Plant B,MC-034,Conveyor Unit,11.8,Morning,OP0108,K. Verma,Medical Device Part,Polycarbonate,Global Alloys,200,292,255,9,B,Yes,58.5,56.75,68.8,35.3,1.02,138.29,4.3,36.62,8.16,55.4,44,Not Scheduled,Routine check,87.33,3.53
575,ORD-47967,2026-07-13,Plant C,MC-013,3D Printer,14.3,Morning,OP0110,S. Kumar,Home Appliance Component,Steel,Global Alloys,250,445,391,6,B,No,341.0,42.59,79.2,57.9,2.83,187.05,13.02,51.9,8.64,45.7,44,OK,customer complaint logged,87.87,1.53
576,ORD-69503,2026-08-10,Plant A,MC-026,3D Printer,4.7,Morning,OP0050,P. Rao,Medical Device Part,Polycarbonate,Global Alloys,200,476,417,11,C,Yes,40.6,26.75,72.4,53.8,3.25,117.2,40.69,382.71,10.45,86.3,25,Not Scheduled,No Remarks,87.61,2.64
577,ORD-84608,2026-01-04,Plant C,MC-001,Stamping Press,13.4,Night,OP0065,Unknown,Metal Bracket,Cast Iron,Poly Materials Inc,200,418,405,8,A,Not Recorded,6.2,35.78,67.7,25.7,0.81,127.65,44.46,322.42,10.53,76.4,64,Not Scheduled,customer complaint logged,96.89,1.98
578,ORD-65050,2026-09-05,Plant B,MC-011,Stamping Press,11.3,Night,OP0045,R. Sharma,Electronics Housing,ABS Plastic,Poly Materials Inc,200,668,671,19,C,Not Recorded,16.9,68.88,60.3,42.0,2.23,116.24,5.93,108.84,7.39,76.2,58,OK,Power fluctuation,100.45,2.83
579,ORD-63230,2026-01-25,Plant C,MC-021,Assembly Line,1.7,Evening,OP0045,M. Naidu,Packaging Unit,Copper,SteelCorp Ltd,150,539,384,13,Not Graded,Yes,429.6,40.43,62.5,54.6,2.1,113.8,21.35,153.74,9.4,45.0,9,Overdue,Late shift start,71.24,3.39
580,ORD-20717,2026-06-27,Plant C,MC-006,Welding Robot,14.4,Morning,OP0017,P. Rao,Aerospace Component,Unknown,MetalWorks Pvt Ltd,150,565,427,12,A+,Not Recorded,3.3,36.96,60.1,58.8,0.47,120.79,8.61,75.66,7.23,40.5,66,Due,No Remarks,75.58,2.81
581,ORD-95601,2026-07-04,Plant B,MC-006,Press Brake,9.2,Morning,OP0037,M. Naidu,Consumer Plastics,Steel,Poly Materials Inc,150,634,702,21,Reject,Yes,0.2,45.23,66.4,54.6,3.67,116.16,37.94,702.56,9.25,49.6,8,Not Scheduled,Routine check,110.73,2.99
582,ORD-42377,2026-03-26,Plant D,MC-038,Conveyor Unit,1.7,Morning,OP0042,Unknown,Medical Device Part,Aluminum,Unknown,50,420,370,6,Not Graded,Not Recorded,3.9,34.85,52.3,58.7,3.36,75.44,11.49,52.57,8.24,50.0,4,Not Scheduled,Late shift start,88.1,1.62
583,ORD-13595,2026-01-15,Plant B,MC-017,Conveyor Unit,2.7,Morning,OP0004,L. D'Souza,Metal Bracket,Steel,Unknown,300,516,430,10,A,Yes,4.9,38.12,76.9,47.3,3.76,41.24,19.92,190.96,7.39,74.2,14,Scheduled,Line stopped briefly,83.33,2.33
584,ORD-27773,2026-05-17,Plant B,MC-012,Welding Robot,14.0,Morning,OP0020,S. Kumar,Home Appliance Component,Aluminum,Precision Components Co,200,365,342,8,A+,Not Recorded,20.7,46.04,73.0,40.7,2.39,139.47,32.37,144.16,7.82,42.4,43,Overdue,Line stopped briefly,93.7,2.34
585,ORD-18078,2026-03-02,Plant C,MC-035,Injection Molder,13.5,Evening,OP0050,L. D'Souza,Electronics Housing,Aluminum,Global Alloys,250,397,397,10,A+,Yes,5.5,23.51,70.8,47.2,1.23,51.57,40.94,235.31,4.67,86.5,22,Due,Line stopped briefly,100.0,2.52
586,ORD-29242,2026-06-13,Plant D,MC-011,Press Brake,0.3,Morning,OP0104,A. Iyer,Industrial Fastener,Steel,Global Alloys,300,572,603,13,B,Yes,22.3,30.9,73.8,41.9,4.15,154.97,32.5,306.81,7.93,62.2,40,Due,No Remarks,105.42,2.16
587,ORD-16119,2026-08-27,Plant C,MC-002,3D Printer,2.9,Morning,OP0018,S. Kumar,Electronics Housing,Aluminum,Poly Materials Inc,200,556,535,10,A+,Yes,0.9,47.2,70.6,65.4,2.34,71.04,22.13,182.25,7.58,48.6,64,Not Scheduled,No Remarks,96.22,1.87
588,ORD-88766,2026-07-29,Plant E,MC-007,Assembly Line,1.6,Morning,OP0044,A. Iyer,Packaging Unit,Steel,Poly Materials Inc,150,528,566,10,B,Not Recorded,30.3,46.84,63.1,47.6,3.37,116.56,20.28,145.51,7.39,65.6,55,Overdue,Late shift start,107.2,1.77
589,ORD-58688,2026-05-26,Plant B,MC-027,Assembly Line,13.5,Night,OP0039,K. Verma,Consumer Plastics,Copper,SteelCorp Ltd,100,568,588,10,B,No,36.2,48.46,77.9,51.2,4.45,126.25,20.82,115.33,8.2,92.4,35,Due,Routine check,103.52,1.7
590,ORD-37760,2026-04-11,Plant A,MC-003,Welding Robot,5.7,Morning,OP0024,A. Iyer,Home Appliance Component,Aluminum,Global Alloys,150,461,435,12,Not Graded,Yes,46.4,52.98,62.8,42.3,1.7,129.48,39.15,357.76,8.87,70.8,52,Scheduled,Late shift start,94.36,2.76
591,ORD-24366,2026-06-14,Plant A,MC-009,Assembly Line,4.0,Night,OP0066,S. Kumar,Home Appliance Component,Steel,Global Alloys,200,270,259,5,C,Not Recorded,9.2,51.61,84.6,47.7,2.31,87.2,36.75,156.99,8.83,71.9,29,Not Scheduled,No Remarks,95.93,1.93
592,ORD-63376,2026-02-21,Plant D,MC-024,Conveyor Unit,9.8,Evening,OP0108,K. Verma,Home Appliance Component,Unknown,Precision Components Co,150,497,467,11,Not Graded,No,31.7,49.35,61.9,43.6,0.65,115.84,6.02,61.19,7.28,40.2,26,OK,Late shift start,93.96,2.36
593,ORD-33697,2026-08-04,Plant B,MC-026,Laser Cutter,1.1,Evening,OP0119,M. Naidu,Packaging Unit,ABS Plastic,Global Alloys,50,599,597,10,B,Not Recorded,10.7,47.04,69.2,42.3,2.58,120.41,38.35,359.0,9.5,61.0,15,OK,Material shortage,99.67,1.68
594,ORD-23779,2026-04-11,Plant B,MC-033,Press Brake,3.3,Night,OP0065,Unknown,Electronics Housing,Steel,MetalWorks Pvt Ltd,300,352,335,5,Not Graded,Not Recorded,28.6,27.06,78.9,46.4,3.09,138.46,5.43,22.25,8.17,81.4,20,Due,OK,95.17,1.49
595,ORD-18038,2025-11-04,Plant A,MC-040,Laser Cutter,0.5,Night,OP0018,A. Iyer,Automotive Parts,Copper,Unknown,200,456,395,6,B,Yes,51.1,63.94,66.8,27.2,1.83,128.13,44.15,168.26,8.23,75.4,18,OK,Routine check,86.62,1.52
596,ORD-34729,2026-03-25,Plant C,MC-001,3D Printer,13.1,Evening,OP0032,Unknown,Electronics Housing,Unknown,Poly Materials Inc,200,652,555,12,C,Yes,5.4,48.86,46.4,61.7,2.97,67.48,13.43,118.77,7.28,67.8,4,OK,No Remarks,85.12,2.16
597,ORD-47219,2025-10-11,Unknown,MC-036,Stamping Press,13.8,Morning,OP0106,P. Rao,Packaging Unit,Copper,SteelCorp Ltd,200,578,589,14,B,Yes,0.3,47.81,70.2,31.5,1.73,125.65,22.95,265.38,8.51,83.0,31,OK,Routine check,101.9,2.38
598,ORD-97073,2025-12-29,Plant B,MC-023,Assembly Line,7.1,Evening,OP0006,Unknown,Consumer Plastics,Aluminum,Global Alloys,100,544,511,12,A+,Yes,15.8,34.23,62.1,38.4,1.69,129.38,15.93,109.64,8.32,64.6,1,Not Scheduled,Late shift start,93.93,2.35
599,ORD-10565,2026-01-28,Plant E,MC-002,Conveyor Unit,4.7,Unknown,OP0103,A. Iyer,Packaging Unit,Unknown,Global Alloys,50,553,485,12,A+,No,3.1,37.6,77.2,53.5,1.07,90.22,6.93,42.99,8.53,79.4,0,Overdue,No Remarks,87.7,2.47
600,ord4533,2026-05-19,Plant B,MC-027,CNC Lathe,3.2,Evening,OP0048,N. Fernandes,Packaging Unit,Steel,SteelCorp Ltd,200,541,522,13,B,Yes,19.9,53.51,67.2,62.3,1.22,183.03,27.23,301.87,7.98,55.6,11,Scheduled,Line stopped briefly,96.49,2.49
601,ORD-53399,2026-02-14,Plant A,MC-030,Laser Cutter,6.9,Morning,OP0003,Unknown,Consumer Plastics,Polycarbonate,Global Alloys,100,411,408,9,B,Yes,8.5,39.04,68.5,50.3,3.21,110.27,38.6,249.92,7.76,88.9,39,Not Scheduled,Line stopped briefly,99.27,2.21
602,ORD-69360,2026-01-31,Plant C,MC-038,CNC Lathe,5.8,Morning,OP0053,Unknown,Consumer Plastics,Copper,Global Alloys,200,531,325,9,A+,Yes,46.7,48.22,68.0,38.2,0.39,103.35,12.98,63.41,5.64,75.4,50,Not Scheduled,Routine check,61.21,2.77
603,ORD-31573,2026-03-03,Unknown,MC-037,3D Printer,14.4,Morning,OP0111,S. Kumar,Aerospace Component,Aluminum,Poly Materials Inc,50,587,493,9,C,Yes,26.8,29.49,75.7,59.9,1.24,118.72,41.3,144.29,6.55,80.5,42,Due,No Remarks,83.99,1.83
604,ORD-18311,2026-04-01,Plant C,MC-027,Welding Robot,1.6,Morning,OP0102,N. Fernandes,Medical Device Part,Unknown,Global Alloys,50,532,472,8,A+,Yes,40.1,51.58,75.4,24.3,1.89,110.2,17.25,120.95,7.44,72.6,48,OK,customer complaint logged,88.72,1.69
605,ORD-71936,2025-10-11,Plant D,MC-013,Injection Molder,3.4,Night,OP0028,P. Rao,Automotive Parts,Polycarbonate,SteelCorp Ltd,50,500,423,6,Not Graded,Not Recorded,17.6,44.02,79.5,54.7,0.24,173.7,22.95,119.53,9.2,97.8,30,Not Scheduled,OK,84.6,1.42
606,ORD-61097,2026-04-04,Plant A,MC-029,3D Printer,8.7,Morning,OP0085,P. Rao,Home Appliance Component,Copper,SteelCorp Ltd,150,385,360,10,C,Yes,18.2,41.38,54.3,42.2,0.26,142.86,37.38,329.88,7.29,67.7,57,Not Scheduled,Material shortage,93.51,2.78
607,ORD-24312,2025-11-03,Plant B,MC-002,Assembly Line,10.2,Morning,OP0117,Unknown,Consumer Plastics,Steel,Global Alloys,150,545,425,6,Reject,Yes,3.7,63.85,61.5,40.3,2.33,201.45,14.91,48.78,6.32,86.3,11,Not Scheduled,Power fluctuation,77.98,1.41
608,ORD-58211,2026-06-29,Plant C,MC-015,Injection Molder,0.5,Night,OP0020,Unknown,Metal Bracket,ABS Plastic,MetalWorks Pvt Ltd,150,689,724,18,C,Yes,47.5,42.16,79.9,49.1,2.95,168.37,33.22,554.16,9.12,84.4,52,Not Scheduled,Late shift start,105.08,2.49
609,ORD-22393,2026-04-25,Plant C,MC-016,3D Printer,14.0,Night,OP0049,A. Iyer,Home Appliance Component,Aluminum,Unknown,150,500,405,11,B,Yes,18.0,45.24,69.6,61.1,2.57,102.55,8.26,46.48,8.76,70.1,26,Not Scheduled,Late shift start,81.0,2.72
610,ORD-87569,2026-03-19,Plant A,MC-004,Injection Molder,10.4,Morning,OP0092,A. Iyer,Electronics Housing,Aluminum,SteelCorp Ltd,200,436,363,8,A,Yes,44.6,31.02,57.2,47.7,2.92,109.53,17.24,137.09,11.04,90.0,20,OK,Late shift start,83.26,2.2
611,ORD-39385,2026-04-26,Plant A,MC-013,Conveyor Unit,5.8,Morning,Unknown,M. Naidu,Consumer Plastics,Unknown,Global Alloys,100,497,545,11,B,Yes,35.9,30.65,98.5,44.6,3.54,155.25,25.3,196.2,6.16,66.3,14,Due,unknown issue,109.66,2.02
612,ORD-78838,2026-04-28,Plant B,MC-028,Welding Robot,5.6,Morning,OP0076,Unknown,Home Appliance Component,ABS Plastic,SteelCorp Ltd,250,712,673,13,A,No,17.0,32.68,67.4,77.7,0.06,141.69,6.91,79.63,7.81,87.1,24,Scheduled,No Remarks,94.52,1.93
613,ORD-40643,2026-01-29,Plant C,MC-028,3D Printer,13.2,Evening,OP0011,S. Kumar,Metal Bracket,Polycarbonate,SteelCorp Ltd,150,450,382,5,Not Graded,Yes,20.5,39.64,66.2,49.4,3.45,51.57,19.94,68.17,7.07,67.3,36,Scheduled,No Remarks,84.89,1.31
614,ord5843,2026-05-30,Plant A,MC-021,CNC Mill,3.5,Morning,OP0043,A. Iyer,Aerospace Component,Copper,Poly Materials Inc,150,608,627,8,Reject,Yes,23.0,36.14,74.0,37.8,3.31,188.85,11.16,74.61,8.94,58.8,0,Not Scheduled,customer complaint logged,103.12,1.28
615,ORD-58355,2026-03-04,Plant A,MC-003,Welding Robot,11.2,Morning,OP0043,K. Verma,Consumer Plastics,Aluminum,MetalWorks Pvt Ltd,200,348,322,7,B,No,21.5,46.5,68.0,35.9,4.54,119.86,29.35,188.41,10.35,73.5,14,Scheduled,Material shortage,92.53,2.17
616,ORD-38548,2026-03-24,Plant A,MC-025,CNC Mill,12.2,Evening,OP0074,R. Sharma,Aerospace Component,Aluminum,SteelCorp Ltd,300,528,513,10,A+,Yes,16.6,35.93,58.4,42.3,2.96,88.33,3.89,38.82,3.45,44.0,40,OK,Material shortage,97.16,1.95
617,ORD-30955,2025-12-13,Plant B,MC-038,Laser Cutter,2.6,Morning,OP0039,Unknown,Electronics Housing,Cast Iron,MetalWorks Pvt Ltd,250,564,545,11,B,No,8.3,69.22,61.7,48.9,0.21,156.28,29.43,293.12,6.54,62.2,73,Not Scheduled,Routine check,96.63,2.02
618,ORD-63084,2026-01-09,Plant A,MC-030,Welding Robot,10.3,Morning,OP0014,S. Kumar,Medical Device Part,Steel,SteelCorp Ltd,150,391,393,4,B,Yes,37.6,56.27,67.2,44.4,2.45,167.84,8.64,26.6,10.08,86.1,18,Due,Material shortage,100.51,1.02
619,ORD-62185,2025-10-17,Plant D,MC-024,Welding Robot,9.3,Evening,OP0109,A. Iyer,Home Appliance Component,ABS Plastic,SteelCorp Ltd,150,417,384,4,A,Yes,8.2,61.13,80.5,48.0,0.36,138.85,28.89,86.16,9.14,96.2,64,Overdue,Line stopped briefly,92.09,1.04
621,ORD-14841,2025-12-26,Plant A,MC-014,Welding Robot,1.7,Morning,OP0017,Unknown,Consumer Plastics,Aluminum,Precision Components Co,200,585,543,12,A,No,7.5,30.34,87.9,32.4,3.24,93.07,11.29,107.88,9.5,87.9,81,OK,Late shift start,92.82,2.21
622,ORD-84608,2026-01-04,Plant C,MC-001,Stamping Press,13.4,Night,OP0065,Unknown,Metal Bracket,Cast Iron,Poly Materials Inc,200,418,405,8,A,Not Recorded,6.2,35.78,67.7,25.7,0.81,127.65,44.46,322.42,10.53,76.4,64,Not Scheduled,customer complaint logged,96.89,1.98
623,ORD-21683,2026-02-21,Plant D,MC-031,CNC Mill,4.8,Evening,OP0089,K. Verma,Aerospace Component,Aluminum,MetalWorks Pvt Ltd,150,728,736,15,Reject,Yes,44.2,36.31,62.2,12.1,3.64,173.91,7.9,85.14,8.75,60.7,35,Not Scheduled,Late shift start,101.1,2.04
624,ORD-83359,2025-10-06,Plant C,MC-002,Welding Robot,5.4,Evening,OP0012,S. Kumar,Metal Bracket,Aluminum,MetalWorks Pvt Ltd,250,503,452,17,B,No,24.1,58.95,69.6,28.9,0.85,78.63,18.28,260.16,7.74,77.5,31,Due,OK,89.86,3.76
625,ORD-51032,2026-02-21,Plant E,MC-022,Welding Robot,7.7,Morning,OP0061,Unknown,Consumer Plastics,Aluminum,Unknown,150,379,383,6,C,Not Recorded,17.2,32.91,71.9,52.8,1.48,73.1,41.16,201.16,8.59,69.5,40,Not Scheduled,OK,101.06,1.57
626,ORD-64870,2026-04-04,Plant A,MC-015,Laser Cutter,10.9,Evening,OP0032,M. Naidu,Home Appliance Component,Polycarbonate,Poly Materials Inc,150,558,590,5,B,Not Recorded,23.8,52.99,66.8,35.5,0.41,141.41,34.58,153.25,9.77,77.6,4,Scheduled,No Remarks,105.73,0.85
627,ORD-29569,2025-10-15,Plant E,MC-022,Laser Cutter,14.7,Morning,OP0081,L. D'Souza,Home Appliance Component,Cast Iron,Global Alloys,150,460,419,8,A+,Not Recorded,27.6,40.82,63.5,52.1,0.11,60.43,16.7,112.59,7.2,82.4,42,OK,No Remarks,91.09,1.91
628,ORD-93631,2026-08-09,Plant E,MC-022,Welding Robot,6.9,Morning,OP0060,M. Naidu,Consumer Plastics,Cast Iron,Poly Materials Inc,50,473,389,9,B,Yes,4.2,71.23,65.8,53.8,2.11,55.31,34.78,289.54,6.43,89.5,62,OK,customer complaint logged,82.24,2.31
629,ORD-97908,2025-10-23,Plant A,MC-008,CNC Lathe,14.3,Morning,OP0105,M. Naidu,Consumer Plastics,Steel,Precision Components Co,150,451,416,6,A+,Yes,13.5,41.0,63.4,47.8,4.07,129.08,6.26,32.95,8.45,82.4,15,Overdue,Power fluctuation,92.24,1.44
630,ORD-85319,2026-04-20,Plant C,MC-007,Injection Molder,12.8,Night,OP0092,P. Rao,Electronics Housing,Steel,SteelCorp Ltd,50,373,315,5,B,Yes,27.1,39.39,60.8,46.0,1.84,127.71,35.2,170.09,7.51,94.2,30,Due,No Remarks,84.45,1.59
631,ORD-94466,2026-08-07,Plant B,MC-004,Press Brake,7.0,Evening,OP0088,A. Iyer,Metal Bracket,Cast Iron,MetalWorks Pvt Ltd,200,538,493,10,A+,Not Recorded,11.9,55.16,67.0,40.4,2.8,150.67,22.43,138.56,7.05,93.9,27,OK,Power fluctuation,91.64,2.03
632,ORD-92132,2026-03-11,Plant A,MC-021,Press Brake,6.0,Morning,OP0047,S. Kumar,Packaging Unit,Cast Iron,Global Alloys,50,660,647,14,Not Graded,Yes,39.2,48.97,82.7,66.1,4.4,102.77,41.95,545.81,5.9,93.9,42,Not Scheduled,Late shift start,98.03,2.16
633,ORD-66436,2026-04-18,Plant D,MC-038,CNC Lathe,6.6,Night,OP0107,Unknown,Metal Bracket,Aluminum,SteelCorp Ltd,150,453,461,12,C,Yes,18.6,31.83,72.9,37.1,1.98,130.69,36.25,432.12,7.09,75.8,11,Due,Material shortage,101.77,2.6
634,ORD-14424,2026-03-17,Plant A,MC-013,Conveyor Unit,2.5,Unknown,Unknown,R. Sharma,Packaging Unit,Polycarbonate,SteelCorp Ltd,200,523,465,8,B,Yes,51.2,47.93,69.7,70.6,2.42,95.21,35.74,277.9,6.21,79.7,75,OK,unknown issue,88.91,1.72
635,ORD-92020,2026-02-05,Plant B,MC-015,Stamping Press,11.1,Morning,OP0034,L. D'Souza,Aerospace Component,Cast Iron,Precision Components Co,200,619,563,13,A+,No,21.6,50.05,73.9,30.2,2.09,148.74,27.79,308.3,7.4,56.0,23,Not Scheduled,unknown issue,90.95,2.31
636,ORD-71354,2025-11-14,Plant B,MC-023,Laser Cutter,6.8,Morning,OP0023,Unknown,Metal Bracket,ABS Plastic,MetalWorks Pvt Ltd,50,461,358,5,A+,Yes,21.5,53.76,59.5,28.2,0.59,91.57,5.89,27.75,9.56,81.1,4,Not Scheduled,No Remarks,77.66,1.4
637,ORD-82510,2025-12-17,Plant E,MC-026,Conveyor Unit,1.1,Night,OP0007,P. Rao,Aerospace Component,Steel,SteelCorp Ltd,250,665,557,6,A,Yes,23.1,21.58,84.7,41.4,0.66,79.99,17.35,98.87,10.71,80.9,46,Due,Late shift start,83.76,1.08
638,ORD-90922,2026-03-03,Plant B,MC-031,Press Brake,14.8,Night,OP0032,R. Sharma,Metal Bracket,Cast Iron,Poly Materials Inc,250,480,427,11,Not Graded,No,7.0,37.91,78.2,27.0,4.06,91.8,9.47,54.51,4.65,62.7,13,Overdue,Material shortage,88.96,2.58
639,ORD-40748,2025-11-30,Plant C,MC-006,Stamping Press,8.9,Morning,OP0075,A. Iyer,Automotive Parts,Polycarbonate,Global Alloys,150,733,541,12,Reject,Yes,4.4,47.55,60.8,63.4,0.65,37.71,34.92,376.34,7.63,52.7,0,Not Scheduled,No Remarks,73.81,2.22
640,ORD-46357,2026-05-10,Plant A,MC-026,CNC Lathe,7.2,Morning,OP0078,N. Fernandes,Metal Bracket,Cast Iron,Poly Materials Inc,200,711,765,14,A+,No,0.9,49.44,70.8,38.0,1.24,85.09,29.0,317.02,7.35,77.4,74,Overdue,unknown issue,107.59,1.83
641,ORD-83642,2026-07-26,Plant E,MC-009,Conveyor Unit,7.1,Morning,Unknown,S. Kumar,Metal Bracket,Steel,Precision Components Co,150,436,365,6,A,No,11.4,54.91,56.1,37.8,3.95,156.44,28.58,155.87,8.51,66.1,28,OK,OK,83.72,1.64
642,ORD-49811,2026-08-06,Plant E,MC-038,Welding Robot,4.0,Morning,OP0102,P. Rao,Industrial Fastener,Polycarbonate,SteelCorp Ltd,50,581,612,14,A,No,12.7,40.04,64.9,61.5,1.27,149.66,37.14,487.71,5.9,66.2,46,Not Scheduled,Material shortage,105.34,2.29
643,ORD-76085,2026-07-28,Plant A,MC-023,CNC Lathe,11.8,Morning,OP0045,K. Verma,Consumer Plastics,Unknown,Poly Materials Inc,150,383,386,2,A,Not Recorded,3.0,49.31,89.1,36.4,1.56,117.79,25.26,48.04,9.4,67.7,26,Due,Line stopped briefly,100.78,0.52
644,ORD-60171,2026-07-19,Plant B,MC-004,CNC Lathe,4.9,Night,OP0045,M. Naidu,Metal Bracket,Steel,MetalWorks Pvt Ltd,175,544,506,13,Reject,No,10.5,47.18,60.2,56.1,3.01,127.58,8.04,73.38,7.69,43.6,22,Due,No Remarks,93.01,2.57
645,ORD-53950,2026-04-27,Unknown,MC-031,Conveyor Unit,14.5,Evening,OP0068,A. Iyer,Aerospace Component,Copper,Precision Components Co,300,489,510,8,A+,Not Recorded,19.4,48.3,70.9,37.5,0.91,122.05,5.21,37.2,9.16,58.8,37,Due,Line stopped briefly,104.29,1.57
646,ORD-23055,2026-04-11,Plant B,MC-034,CNC Lathe,14.4,Morning,OP0080,P. Rao,Industrial Fastener,Cast Iron,SteelCorp Ltd,150,527,517,5,A,Yes,37.0,53.65,59.8,61.3,3.62,124.7,6.11,28.52,12.15,71.8,45,Due,customer complaint logged,98.1,0.97
647,ORD-32253,2026-08-12,Plant A,MC-019,Assembly Line,9.2,Night,OP0045,Unknown,Home Appliance Component,Steel,SteelCorp Ltd,50,311,258,4,A+,Yes,13.3,49.37,86.8,26.9,3.61,154.06,5.22,13.7,7.09,74.6,36,Due,Late shift start,82.96,1.55
648,ORD-19773,2025-12-30,Plant D,MC-020,Welding Robot,0.2,Evening,OP0110,K. Verma,Medical Device Part,Aluminum,Poly Materials Inc,150,501,492,13,A,No,28.9,25.3,64.9,38.1,1.65,31.14,24.76,230.59,10.3,52.1,25,Due,No Remarks,98.2,2.64
649,ORD-95255,2026-01-10,Plant D,MC-015,Assembly Line,11.6,Evening,OP0107,L. D'Souza,Home Appliance Component,Aluminum,MetalWorks Pvt Ltd,200,536,490,10,A+,Not Recorded,14.4,43.19,63.1,56.2,0.81,69.49,5.62,41.34,7.86,51.1,66,Due,Late shift start,91.42,2.04
650,ORD-48159,2026-02-21,Plant B,MC-004,Assembly Line,5.5,Night,OP0069,L. D'Souza,Aerospace Component,Unknown,Poly Materials Inc,150,587,538,10,C,Yes,14.5,21.85,66.7,28.9,2.96,65.36,6.77,66.35,9.15,76.2,42,OK,OK,91.65,1.86
651,ORD-99762,2025-10-30,Plant E,MC-011,Assembly Line,13.0,Evening,OP0017,Unknown,Home Appliance Component,Cast Iron,Precision Components Co,200,408,417,6,B,Not Recorded,18.4,53.69,79.6,76.1,0.54,144.46,3.19,14.11,6.36,61.6,57,Not Scheduled,OK,102.21,1.44
652,ORD-59827,2026-07-12,Plant B,MC-020,Conveyor Unit,3.4,Morning,OP0019,K. Verma,Medical Device Part,Copper,Poly Materials Inc,150,511,438,9,A+,Yes,13.7,42.04,87.3,55.7,3.36,136.5,44.21,210.92,9.84,45.6,30,Not Scheduled,Late shift start,85.71,2.05
653,ORD-76675,2025-12-21,Plant C,MC-025,Injection Molder,8.0,Morning,OP0116,L. D'Souza,Electronics Housing,Aluminum,Global Alloys,300,524,470,10,C,Yes,14.5,55.4,72.0,44.4,2.12,82.1,3.3,32.08,8.85,81.3,98,Overdue,No Remarks,89.69,2.13
654,ORD-72973,2025-10-04,Plant B,MC-017,Welding Robot,9.4,Morning,OP0116,R. Sharma,Electronics Housing,Aluminum,Precision Components Co,150,756,773,16,Not Graded,Yes,15.7,56.39,79.2,64.4,1.58,103.39,38.0,488.07,7.09,59.0,20,OK,No Remarks,102.25,2.07
655,ORD-42143,2026-02-25,Unknown,MC-006,3D Printer,7.7,Morning,OP0006,Unknown,Automotive Parts,Aluminum,Poly Materials Inc,300,348,312,3,C,Yes,5.2,37.72,48.3,68.3,3.32,102.68,43.87,109.75,7.19,96.7,23,Due,OK,89.66,0.96
656,ORD-81200,2025-10-15,Plant E,MC-032,Conveyor Unit,0.3,Evening,OP0011,K. Verma,Industrial Fastener,ABS Plastic,Poly Materials Inc,200,592,611,18,B,Yes,7.9,47.06,83.0,70.1,3.5,107.75,34.1,322.21,8.16,42.5,7,Overdue,OK,103.21,2.95
657,ORD-17881,2026-02-18,Plant B,MC-020,CNC Mill,5.9,Morning,OP0117,M. Naidu,Metal Bracket,ABS Plastic,Poly Materials Inc,100,506,477,9,Reject,No,12.8,47.19,77.6,31.0,2.47,66.48,27.33,138.21,8.78,94.8,28,Due,No Remarks,94.27,1.89
658,ORD-94543,2026-04-21,Plant B,MC-030,Laser Cutter,11.1,Night,OP0029,M. Naidu,Automotive Parts,Aluminum,Precision Components Co,250,409,406,9,Reject,Not Recorded,4.7,53.86,76.3,51.7,1.96,124.91,20.35,141.91,5.71,93.3,28,Not Scheduled,Material shortage,99.27,2.22
659,ORD-90112,2026-06-01,Plant B,MC-017,CNC Mill,13.8,Morning,OP0015,K. Verma,Automotive Parts,Unknown,MetalWorks Pvt Ltd,50,490,374,9,A+,Yes,34.7,55.55,90.1,57.5,3.34,132.87,37.9,215.23,8.04,71.2,107,OK,Routine check,76.33,2.41
660,ORD-85215,2026-08-07,Plant C,MC-033,Conveyor Unit,7.1,Night,OP0046,S. Kumar,Metal Bracket,Unknown,MetalWorks Pvt Ltd,150,381,352,7,A+,No,1.2,37.86,80.9,48.4,1.37,111.22,11.85,82.04,9.08,94.9,9,OK,Line stopped briefly,92.39,1.99
661,ORD-29090,2026-02-05,Plant C,MC-011,Injection Molder,2.5,Evening,OP0100,N. Fernandes,Consumer Plastics,Steel,Precision Components Co,200,608,467,5,A,No,22.2,60.9,68.5,42.0,2.85,89.52,35.09,125.65,8.12,73.9,9,OK,unknown issue,76.81,1.07
662,ORD-32298,2026-03-14,Plant D,MC-005,Press Brake,6.4,Morning,OP0025,K. Verma,Automotive Parts,ABS Plastic,SteelCorp Ltd,50,660,659,16,B,Not Recorded,2.1,33.96,65.0,56.9,0.57,73.97,5.85,51.65,5.02,96.3,57,Not Scheduled,Material shortage,99.85,2.43
663,ORD-31910,2026-07-05,Plant C,MC-038,Press Brake,4.3,Morning,OP0069,L. D'Souza,Medical Device Part,Cast Iron,MetalWorks Pvt Ltd,100,461,434,4,B,Not Recorded,15.9,52.01,68.0,25.5,1.41,127.86,25.73,102.03,10.06,65.1,25,Due,Power fluctuation,94.14,0.92
664,ORD-32389,2025-12-05,Plant C,MC-027,CNC Mill,0.9,Night,OP0076,M. Naidu,Electronics Housing,Unknown,MetalWorks Pvt Ltd,250,517,463,12,B,Not Recorded,13.7,58.47,70.4,52.6,3.16,189.7,44.75,373.43,8.93,71.2,34,Scheduled,customer complaint logged,89.56,2.59
665,ORD-17938,2026-05-19,Plant B,MC-018,Injection Molder,8.3,Morning,OP0082,R. Sharma,Aerospace Component,Steel,Global Alloys,300,473,450,9,Not Graded,Not Recorded,12.2,43.51,57.9,52.7,0.34,109.5,5.39,43.92,6.87,46.3,40,Overdue,OK,95.14,2.0
666,ORD-62664,2026-08-27,Unknown,MC-006,Press Brake,4.6,Night,OP0067,N. Fernandes,Automotive Parts,Unknown,Unknown,250,811,828,12,A,Yes,36.7,24.8,65.2,42.1,2.86,141.49,35.77,394.67,10.06,94.4,54,Due,No Remarks,102.1,1.45
667,ORD-23822,2026-07-05,Plant E,MC-009,Press Brake,6.1,Morning,OP0024,K. Verma,Industrial Fastener,Unknown,Global Alloys,200,454,431,5,Not Graded,Yes,14.5,52.97,69.0,44.6,2.53,68.41,16.99,60.76,8.54,78.3,42,Overdue,OK,94.93,1.16
668,ORD-56788,2025-12-11,Plant A,MC-020,Press Brake,13.5,Evening,OP0013,Unknown,Automotive Parts,Copper,Poly Materials Inc,200,518,488,17,Reject,No,5.4,45.26,51.2,44.6,2.95,117.93,14.43,166.15,10.48,61.3,48,OK,Power fluctuation,94.21,3.48
669,ORD-38387,2025-11-18,Plant B,MC-005,CNC Mill,15.0,Evening,OP0074,A. Iyer,Consumer Plastics,Copper,MetalWorks Pvt Ltd,150,684,660,16,C,No,7.7,21.13,76.4,58.1,4.49,134.78,18.73,187.92,7.58,80.0,49,Scheduled,Late shift start,96.49,2.42
670,ORD-44867,2026-09-03,Plant A,MC-029,Laser Cutter,14.5,Morning,OP0087,Unknown,Packaging Unit,Aluminum,Unknown,50,505,515,11,A+,No,65.2,43.74,66.8,14.2,1.52,149.82,32.32,285.71,10.38,41.0,7,Scheduled,Routine check,101.98,2.14
671,ORD-34150,2026-06-01,Plant C,MC-019,Assembly Line,13.9,Evening,OP0054,N. Fernandes,Industrial Fastener,ABS Plastic,SteelCorp Ltd,150,567,541,17,Not Graded,Yes,23.0,36.15,74.5,55.7,0.69,150.82,37.63,429.25,7.41,40.1,10,Due,OK,95.41,3.14
672,ORD-62106,2026-04-09,Plant A,MC-002,Welding Robot,9.1,Morning,OP0059,N. Fernandes,Consumer Plastics,Steel,SteelCorp Ltd,300,487,454,7,Not Graded,No,7.4,51.88,81.4,53.7,3.3,101.78,27.01,120.07,4.87,49.6,57,Overdue,Material shortage,93.22,1.54
673,ORD-31890,2026-08-30,Plant E,MC-016,Injection Molder,5.0,Morning,OP0114,P. Rao,Consumer Plastics,Steel,MetalWorks Pvt Ltd,100,306,315,12,Not Graded,Yes,31.4,48.95,77.2,39.4,3.5,158.87,11.79,108.53,8.22,76.3,35,Not Scheduled,No Remarks,102.94,3.81
674,ORD-22324,2025-10-30,Plant D,MC-033,Conveyor Unit,2.7,Evening,OP0046,R. Sharma,Electronics Housing,ABS Plastic,Precision Components Co,100,411,409,5,Reject,Not Recorded,8.9,47.59,60.2,57.0,1.86,154.28,18.34,58.29,10.68,95.2,75,OK,Power fluctuation,99.51,1.22
675,ORD-76731,2025-12-08,Plant A,MC-026,Assembly Line,7.4,Morning,OP0071,P. Rao,Medical Device Part,Aluminum,SteelCorp Ltd,200,333,265,7,Not Graded,No,34.0,48.37,68.9,44.2,1.12,110.18,15.56,108.2,6.52,86.6,8,Due,Material shortage,79.58,2.64
676,ORD-22881,2025-10-31,Plant C,MC-029,Laser Cutter,1.5,Night,OP0079,M. Naidu,Electronics Housing,Unknown,Global Alloys,100,448,377,13,B,No,12.8,43.34,68.0,51.7,3.56,108.21,17.37,224.45,6.17,57.8,15,Scheduled,Material shortage,84.15,3.45
677,ORD-50660,2026-08-26,Unknown,MC-018,Laser Cutter,3.4,Evening,OP0116,S. Kumar,Aerospace Component,Copper,SteelCorp Ltd,300,356,343,4,Not Graded,Yes,60.2,55.76,59.4,55.4,2.92,116.36,28.24,85.96,7.59,79.4,18,Not Scheduled,unknown issue,96.35,1.17
678,ORD-76613,2025-10-05,Plant A,MC-034,Assembly Line,5.5,Morning,OP0040,K. Verma,Packaging Unit,ABS Plastic,Unknown,50,515,523,10,B,Yes,26.9,54.48,69.6,60.8,2.95,185.9,21.21,188.39,8.68,56.3,9,OK,Line stopped briefly,101.55,1.91
679,ORD-86009,2026-05-21,Plant C,MC-011,Welding Robot,8.6,Morning,OP0035,K. Verma,Electronics Housing,Polycarbonate,Poly Materials Inc,100,413,398,10,A,Not Recorded,33.7,42.45,71.9,27.3,3.92,78.2,18.17,134.6,6.9,49.6,47,Not Scheduled,Power fluctuation,96.37,2.51
680,ORD-39016,2025-12-22,Plant B,MC-026,Laser Cutter,0.6,Morning,OP0105,N. Fernandes,Automotive Parts,Polycarbonate,Global Alloys,150,593,603,5,A,Yes,24.0,55.18,59.4,38.0,1.06,147.04,9.69,31.08,4.3,42.6,19,Not Scheduled,Power fluctuation,101.69,0.83
681,ORD-60889,2026-04-08,Plant A,MC-038,Assembly Line,2.0,Morning,OP0051,M. Naidu,Consumer Plastics,Copper,Global Alloys,200,531,498,10,Reject,Yes,26.6,44.66,80.5,25.3,1.56,199.62,39.39,310.51,7.61,79.1,36,OK,Material shortage,93.79,2.01
682,ORD-80943,2026-05-03,Plant A,MC-016,Assembly Line,12.4,Unknown,OP0052,A. Iyer,Consumer Plastics,Copper,Poly Materials Inc,300,435,376,6,Not Graded,Yes,25.1,39.31,61.9,53.9,2.49,114.93,20.28,99.08,8.36,72.4,17,Overdue,Late shift start,86.44,1.6
683,ORD-26877,2026-02-06,Plant D,MC-005,Injection Molder,12.3,Night,OP0025,Unknown,Home Appliance Component,Cast Iron,Global Alloys,100,619,667,8,B,No,11.5,18.28,67.7,54.9,2.05,110.06,13.12,78.28,10.28,67.0,31,Overdue,No Remarks,107.75,1.2
684,ORD-35923,2026-01-08,Plant A,MC-019,Press Brake,1.9,Night,OP0027,S. Kumar,Automotive Parts,Steel,Global Alloys,300,123,122,5,A,Yes,18.3,51.86,54.8,50.2,1.36,55.07,40.18,160.1,8.28,82.3,25,Not Scheduled,Late shift start,99.19,4.1
685,ORD-68011,2026-03-04,Plant B,MC-012,Laser Cutter,8.4,Evening,OP0103,S. Kumar,Packaging Unit,ABS Plastic,Unknown,150,348,304,10,C,No,32.1,44.92,61.4,38.0,4.47,126.25,12.39,100.27,8.54,66.7,40,Overdue,Material shortage,87.36,3.29
686,ORD-26240,2026-02-27,Plant A,MC-012,Laser Cutter,0.8,Morning,OP0093,S. Kumar,Consumer Plastics,Unknown,Unknown,150,492,439,8,A+,Yes,12.6,66.64,69.4,57.5,2.79,172.7,38.87,164.0,7.54,83.5,1,Due,OK,89.23,1.82
687,ORD-78362,2026-07-22,Plant C,MC-028,Injection Molder,11.9,Night,OP0002,M. Naidu,Industrial Fastener,Steel,Global Alloys,200,436,412,5,Reject,No,50.0,35.88,80.3,25.8,2.5,141.36,24.44,102.57,6.22,71.6,44,OK,No Remarks,94.5,1.21
688,ORD-62665,2026-01-17,Plant C,MC-025,Conveyor Unit,4.4,Unknown,OP0061,K. Verma,Consumer Plastics,Steel,Precision Components Co,300,539,571,15,Reject,Yes,0.6,44.9,67.7,46.4,2.67,87.84,21.44,218.05,10.5,88.5,72,Scheduled,Power fluctuation,105.94,2.63
689,ORD-23787,2026-03-03,Plant C,MC-006,Assembly Line,14.8,Morning,OP0007,M. Naidu,Home Appliance Component,Unknown,Unknown,150,390,397,12,A,Not Recorded,18.8,41.63,77.5,61.8,0.95,104.15,42.28,468.99,10.29,45.3,16,Due,Late shift start,101.79,3.02
690,ORD-91652,2026-02-16,Plant C,MC-019,Assembly Line,11.9,Evening,OP0092,N. Fernandes,Electronics Housing,ABS Plastic,MetalWorks Pvt Ltd,150,706,641,17,A+,No,43.6,38.86,64.5,41.0,1.87,170.65,24.19,216.52,8.92,65.8,6,Due,Line stopped briefly,90.79,2.65
691,ORD-94565,2026-06-28,Plant B,MC-034,CNC Lathe,14.0,Morning,OP0061,L. D'Souza,Home Appliance Component,Unknown,MetalWorks Pvt Ltd,300,409,343,5,A,Yes,26.8,12.33,69.5,31.2,2.52,83.73,3.5,9.99,6.95,61.8,45,Not Scheduled,Material shortage,83.86,1.46
692,ORD-27536,2025-10-03,Plant E,MC-024,CNC Lathe,4.7,Morning,OP0087,R. Sharma,Medical Device Part,Copper,MetalWorks Pvt Ltd,150,627,614,9,Reject,Yes,45.3,48.14,64.7,46.7,0.21,134.3,16.7,97.01,5.73,82.5,61,Due,No Remarks,97.93,1.47
693,ORD-58122,2025-12-20,Plant C,MC-036,CNC Lathe,2.2,Evening,OP0002,Unknown,Metal Bracket,Aluminum,Precision Components Co,250,533,532,15,Not Graded,Yes,24.5,54.73,68.9,33.1,1.28,168.04,17.45,161.62,8.21,77.4,22,OK,unknown issue,99.81,2.82
694,ORD-67252,2025-11-23,Plant A,MC-008,Laser Cutter,13.9,Evening,OP0056,R. Sharma,Automotive Parts,Cast Iron,SteelCorp Ltd,50,479,405,9,Reject,Yes,1.0,46.09,81.4,51.2,1.92,47.68,9.17,142.76,7.99,81.1,33,Due,No Remarks,84.55,2.22
695,ORD-33357,2025-10-25,Plant B,MC-033,CNC Lathe,13.4,Evening,OP0118,Unknown,Medical Device Part,Aluminum,SteelCorp Ltd,250,500,444,8,Not Graded,No,44.3,45.01,53.6,52.5,4.22,87.58,13.76,74.44,6.9,52.8,1,OK,Late shift start,88.8,1.8
696,ORD-50895,2026-06-01,Plant D,MC-012,Laser Cutter,14.4,Morning,OP0055,N. Fernandes,Metal Bracket,Aluminum,MetalWorks Pvt Ltd,300,607,552,16,B,Yes,31.9,47.19,68.1,51.7,0.16,107.01,14.51,120.79,6.36,56.2,36,Scheduled,Late shift start,90.94,2.9
697,ORD-69097,2026-08-23,Plant E,MC-008,Laser Cutter,11.8,Morning,OP0115,S. Kumar,Home Appliance Component,Aluminum,SteelCorp Ltd,150,421,379,7,Not Graded,No,20.7,25.21,73.2,34.7,0.26,61.61,18.49,105.21,4.07,61.1,14,Scheduled,No Remarks,90.02,1.85
698,ORD-79455,2026-08-31,Plant C,MC-013,Press Brake,14.4,Evening,OP0078,M. Naidu,Automotive Parts,Aluminum,Precision Components Co,250,481,466,9,B,Yes,47.6,58.72,85.8,43.9,2.33,131.22,13.71,83.74,4.15,97.2,65,Overdue,Late shift start,96.88,1.93
699,ORD-78719,2026-03-05,Unknown,MC-032,CNC Mill,3.0,Evening,OP0057,K. Verma,Consumer Plastics,Aluminum,Global Alloys,250,409,329,10,B,Yes,2.1,54.49,50.3,55.7,0.53,145.58,4.15,21.92,8.05,42.1,8,OK,No Remarks,80.44,3.04
700,ORD-20520,2026-07-17,Plant A,MC-017,Assembly Line,9.5,Night,OP0086,P. Rao,Consumer Plastics,Steel,Unknown,100,765,774,23,C,Not Recorded,15.4,22.97,62.1,33.6,1.22,182.78,26.65,417.73,9.54,85.1,17,OK,Routine check,101.18,2.97
701,ord3754,2026-01-09,Plant D,MC-010,Assembly Line,14.1,Morning,OP0081,R. Sharma,Medical Device Part,Polycarbonate,Unknown,50,518,433,10,C,Yes,75.6,44.05,78.0,56.6,0.18,130.87,16.2,114.05,9.16,93.5,4,OK,No Remarks,83.59,2.31
702,ORD-44891,2026-08-28,Plant A,MC-006,Laser Cutter,11.2,Morning,OP0080,M. Naidu,Home Appliance Component,ABS Plastic,Global Alloys,150,637,607,13,B,Yes,13.9,29.0,54.0,52.9,3.65,184.73,17.48,207.61,8.94,47.3,3,Scheduled,Routine check,95.29,2.14
703,ORD-22128,2026-02-12,Plant D,MC-029,CNC Lathe,3.5,Morning,Unknown,P. Rao,Aerospace Component,Steel,Unknown,200,542,418,12,B,No,39.6,28.04,70.3,65.6,1.97,136.92,6.47,72.31,8.39,72.1,43,Overdue,OK,77.12,2.87
704,ORD-27342,2026-01-02,Plant A,MC-005,Conveyor Unit,5.5,Evening,OP0004,A. Iyer,Industrial Fastener,Polycarbonate,Poly Materials Inc,300,276,267,6,B,Yes,34.6,38.19,73.8,49.7,2.72,121.18,18.68,59.96,5.11,78.7,27,Due,customer complaint logged,96.74,2.25
705,ORD-59465,2026-03-18,Plant C,MC-007,CNC Lathe,9.5,Morning,OP0032,A. Iyer,Metal Bracket,Copper,Unknown,150,477,382,10,Reject,Yes,20.8,55.82,63.8,45.4,1.77,63.53,14.39,78.83,8.57,72.8,70,OK,No Remarks,80.08,2.62
706,ORD-12009,2026-06-29,Plant B,MC-017,Press Brake,14.2,Morning,OP0012,Unknown,Aerospace Component,Steel,MetalWorks Pvt Ltd,100,683,662,17,B,Not Recorded,5.9,34.93,58.6,21.4,4.77,81.39,10.89,144.29,7.5,91.4,17,Not Scheduled,No Remarks,96.93,2.57
707,ORD-35430,2026-09-04,Plant C,MC-040,Injection Molder,2.6,Morning,OP0099,Unknown,Home Appliance Component,Cast Iron,Poly Materials Inc,150,432,414,3,A,Not Recorded,54.1,44.21,63.0,67.6,0.22,43.04,11.88,21.99,9.48,44.8,46,Not Scheduled,Power fluctuation,95.83,0.72
708,ORD-92026,2026-04-02,Plant C,MC-017,Injection Molder,11.9,Morning,OP0104,K. Verma,Packaging Unit,Steel,SteelCorp Ltd,50,338,284,3,Reject,Not Recorded,13.6,43.88,63.5,47.1,3.19,115.51,16.51,31.19,7.67,44.2,41,Not Scheduled,OK,84.02,1.06
709,ORD-31215,2025-10-27,Plant D,MC-014,Stamping Press,5.4,Evening,OP0119,M. Naidu,Electronics Housing,ABS Plastic,Global Alloys,200,644,522,16,A,Yes,29.7,45.08,72.9,35.3,4.13,154.74,11.66,163.18,6.29,64.3,58,OK,unknown issue,81.06,3.07
710,ORD-32871,2026-01-06,Plant D,MC-030,CNC Mill,10.1,Morning,OP0043,N. Fernandes,Automotive Parts,Copper,Poly Materials Inc,50,586,492,5,B,Not Recorded,9.0,40.5,74.4,50.3,1.63,160.58,40.59,129.61,6.59,40.8,13,OK,No Remarks,83.96,1.02
711,ORD-86960,2026-03-05,Plant D,MC-011,Welding Robot,12.0,Morning,OP0051,N. Fernandes,Medical Device Part,Copper,SteelCorp Ltd,150,369,357,6,Not Graded,Yes,37.2,42.52,58.6,26.7,3.0,146.59,24.12,138.45,7.47,56.1,60,OK,unknown issue,96.75,1.68
712,ORD-69388,2026-06-27,Plant B,MC-005,Press Brake,0.6,Night,Unknown,A. Iyer,Metal Bracket,Steel,Precision Components Co,150,473,468,11,B,Not Recorded,25.3,42.23,80.5,55.1,3.23,86.18,8.71,76.37,5.86,100.0,66,Scheduled,unknown issue,98.94,2.35
713,ORD-95854,2026-04-28,Plant B,MC-021,CNC Mill,7.8,Morning,Unknown,M. Naidu,Home Appliance Component,Copper,Precision Components Co,50,680,618,9,A,Yes,9.6,37.8,74.7,33.8,4.26,117.71,37.91,270.75,7.42,92.4,35,Overdue,No Remarks,90.88,1.46
714,ORD-61951,2026-05-20,Plant E,MC-011,Conveyor Unit,5.0,Morning,OP0006,L. D'Souza,Medical Device Part,Steel,Precision Components Co,200,679,529,10,B,Yes,19.8,64.11,66.3,37.7,2.5,136.44,17.76,128.25,7.71,71.3,29,OK,Routine check,77.91,1.89
715,ORD-81058,2026-01-22,Plant C,MC-036,Conveyor Unit,9.3,Evening,OP0030,M. Naidu,Home Appliance Component,Cast Iron,MetalWorks Pvt Ltd,300,567,447,7,Reject,Yes,9.8,34.79,62.8,52.1,4.27,133.81,35.81,169.48,6.33,72.1,17,Due,Material shortage,78.84,1.57
716,ORD-35317,2025-10-24,Plant B,MC-038,3D Printer,2.6,Evening,OP0021,M. Naidu,Medical Device Part,ABS Plastic,Unknown,200,608,582,13,A,Not Recorded,62.3,24.54,78.6,43.0,0.88,69.07,24.21,175.03,6.3,53.4,45,OK,Power fluctuation,95.72,2.23
717,ORD-63266,2026-07-28,Plant D,MC-009,CNC Mill,5.6,Morning,OP0103,N. Fernandes,Aerospace Component,Unknown,Precision Components Co,300,442,400,9,A,Yes,13.9,31.09,68.3,20.1,1.52,59.24,30.28,269.77,10.24,52.2,46,Scheduled,OK,90.5,2.25
718,ORD-22573,2026-03-11,Plant A,MC-037,3D Printer,5.0,Night,OP0027,A. Iyer,Medical Device Part,Steel,Unknown,150,384,372,7,B,No,0.7,55.24,63.7,38.3,5.15,76.79,3.45,19.64,8.42,73.1,0,Not Scheduled,unknown issue,96.88,1.88
719,ORD-28706,2026-03-31,Plant C,MC-009,Assembly Line,14.7,Evening,OP0115,S. Kumar,Medical Device Part,Steel,Global Alloys,150,470,441,9,A,Yes,54.6,43.95,78.3,28.6,2.62,96.17,17.78,138.93,8.47,58.8,39,Due,Late shift start,93.83,2.04
720,ORD-11792,2026-02-07,Plant E,MC-026,Stamping Press,4.0,Morning,OP0007,N. Fernandes,Medical Device Part,Cast Iron,Global Alloys,250,456,415,5,Not Graded,Yes,47.6,53.22,71.5,44.0,2.41,129.58,42.0,207.18,6.53,72.3,42,OK,Material shortage,91.01,1.2
721,ORD-44177,2025-12-07,Plant A,MC-005,Injection Molder,6.9,Night,OP0047,K. Verma,Industrial Fastener,Aluminum,Global Alloys,100,682,611,11,A+,Not Recorded,0.9,64.25,74.6,37.4,3.15,115.46,12.18,77.37,10.5,51.6,24,Scheduled,Power fluctuation,89.59,1.8
722,ORD-11295,2026-06-19,Plant A,MC-022,Conveyor Unit,6.2,Evening,OP0028,L. D'Souza,Medical Device Part,ABS Plastic,Unknown,50,348,314,5,B,No,19.2,24.05,57.7,34.8,0.83,103.65,31.59,133.61,8.36,48.2,25,OK,Late shift start,90.23,1.59
723,ORD-78010,2026-06-14,Plant E,MC-004,3D Printer,11.6,Night,OP0011,M. Naidu,Consumer Plastics,Aluminum,Precision Components Co,300,424,378,9,B,Yes,10.3,70.88,64.1,63.2,2.17,122.52,23.17,196.91,8.62,96.4,55,Due,No Remarks,89.15,2.38
724,ORD-86253,2026-01-27,Plant C,MC-003,Welding Robot,4.7,Evening,Unknown,S. Kumar,Metal Bracket,Aluminum,SteelCorp Ltd,300,413,365,10,B,Yes,18.9,54.01,66.4,28.7,0.27,142.22,31.18,169.11,8.21,85.4,43,OK,No Remarks,88.38,2.74
725,ORD-35864,2026-09-15,Plant C,MC-002,Welding Robot,7.6,Morning,OP0033,Unknown,Industrial Fastener,Aluminum,SteelCorp Ltd,50,462,410,13,A+,Yes,56.8,57.85,60.9,14.4,2.49,147.95,4.38,44.78,7.82,85.4,31,Scheduled,Routine check,88.74,3.17
726,ORD-65871,2025-10-12,Plant B,MC-017,Laser Cutter,0.4,Evening,OP0018,R. Sharma,Packaging Unit,Aluminum,MetalWorks Pvt Ltd,250,542,608,17,Not Graded,Not Recorded,545.8,40.43,52.1,32.7,1.69,145.45,7.1,111.37,4.31,71.2,35,OK,No Remarks,112.18,2.8
727,ORD-17480,2025-10-09,Plant D,MC-032,CNC Lathe,0.5,Night,OP0116,N. Fernandes,Packaging Unit,Aluminum,SteelCorp Ltd,100,380,307,3,B,Yes,2.2,40.27,74.9,44.8,1.92,87.96,32.24,77.13,9.87,67.4,46,Not Scheduled,Routine check,80.79,0.98
728,ORD-76821,2026-05-05,Plant A,MC-024,CNC Mill,7.9,Night,OP0028,Unknown,Electronics Housing,Unknown,SteelCorp Ltd,200,574,510,15,A,Yes,54.5,65.41,80.4,37.0,4.46,94.14,33.82,283.3,5.85,96.5,45,Not Scheduled,No Remarks,88.85,2.94
729,ORD-10824,2026-01-13,Plant B,MC-037,CNC Lathe,10.9,Night,OP0064,S. Kumar,Electronics Housing,Aluminum,Poly Materials Inc,200,516,420,5,A,Not Recorded,18.0,33.53,64.4,45.9,3.64,128.99,31.07,86.29,6.48,42.2,36,Due,Line stopped briefly,81.4,1.19
730,ORD-86415,2026-09-04,Plant B,MC-036,Laser Cutter,12.3,Night,OP0008,P. Rao,Home Appliance Component,Unknown,MetalWorks Pvt Ltd,250,528,537,4,Reject,No,23.9,58.21,76.0,45.3,0.37,77.49,10.19,25.91,7.66,95.0,16,Overdue,Routine check,101.7,0.74
731,ORD-78718,2026-04-19,Unknown,MC-034,Laser Cutter,8.4,Evening,OP0014,A. Iyer,Medical Device Part,Steel,MetalWorks Pvt Ltd,150,470,378,9,Reject,Yes,25.6,43.92,78.7,55.9,0.09,112.83,11.67,60.28,9.34,81.6,5,Overdue,Late shift start,80.43,2.38
732,ORD-92306,2026-05-12,Plant C,MC-038,3D Printer,14.2,Evening,OP0029,K. Verma,Consumer Plastics,Aluminum,Poly Materials Inc,200,449,407,5,B,No,14.1,47.81,82.0,33.0,3.38,112.51,9.6,27.51,7.0,97.5,87,OK,unknown issue,90.65,1.23
733,ORD-45210,2026-01-15,Unknown,MC-034,3D Printer,13.6,Morning,OP0096,L. D'Souza,Aerospace Component,ABS Plastic,Precision Components Co,200,414,465,7,A+,No,54.8,39.44,72.0,25.1,1.12,67.61,12.62,44.45,9.75,51.2,31,Scheduled,No Remarks,112.32,1.51
734,ORD-68407,2026-02-28,Plant A,MC-026,Injection Molder,11.0,Night,OP0078,R. Sharma,Aerospace Component,Copper,Global Alloys,200,329,278,10,A,Yes,6.4,27.85,72.0,42.6,0.76,94.62,42.74,325.83,10.5,51.8,25,Scheduled,customer complaint logged,84.5,3.6
735,ORD-33877,2025-12-06,Plant D,MC-006,CNC Mill,14.7,Evening,OP0033,S. Kumar,Electronics Housing,Steel,Global Alloys,50,636,531,15,Not Graded,No,37.0,33.64,66.4,48.4,1.75,140.48,25.11,194.77,7.68,67.7,32,Due,No Remarks,83.49,2.82
736,ORD-77388,2025-11-08,Plant C,MC-002,Conveyor Unit,9.6,Morning,OP0071,P. Rao,Industrial Fastener,ABS Plastic,Unknown,100,544,414,11,Reject,Yes,64.1,45.04,77.1,61.1,1.13,103.01,32.47,249.44,8.56,66.4,0,Not Scheduled,OK,76.1,2.66
737,ORD-36444,2025-11-17,Plant C,MC-015,Welding Robot,11.6,Morning,OP0085,S. Kumar,Metal Bracket,Unknown,Global Alloys,300,519,467,8,A,Not Recorded,38.2,57.7,73.1,26.3,2.99,155.25,14.69,102.01,7.56,50.5,10,Scheduled,No Remarks,89.98,1.71
738,ORD-56911,2026-01-15,Plant B,MC-033,Assembly Line,7.7,Morning,OP0057,M. Naidu,Home Appliance Component,Aluminum,Precision Components Co,50,553,518,11,B,Not Recorded,33.5,46.52,63.4,56.4,1.08,89.49,5.38,36.22,10.54,82.0,30,Overdue,Late shift start,93.67,2.12
739,ORD-87061,2026-01-07,Plant A,MC-006,3D Printer,14.7,Morning,OP0034,K. Verma,Home Appliance Component,Aluminum,SteelCorp Ltd,250,329,298,7,A+,Yes,25.0,50.55,86.2,28.6,2.35,96.83,41.09,228.32,7.13,94.7,43,Not Scheduled,Material shortage,90.58,2.35
740,ORD-99440,2025-10-25,Unknown,MC-020,CNC Lathe,6.3,Morning,OP0041,M. Naidu,Packaging Unit,ABS Plastic,Global Alloys,200,412,379,6,B,Not Recorded,42.1,32.08,61.9,56.5,1.43,114.77,10.86,45.03,7.43,43.2,17,Scheduled,Late shift start,91.99,1.58
741,ORD-48712,2026-07-08,Plant D,MC-010,Press Brake,14.5,Morning,OP0013,Unknown,Consumer Plastics,ABS Plastic,Global Alloys,100,340,318,7,A+,Not Recorded,5.7,37.05,52.3,43.5,3.33,74.99,5.71,35.53,8.27,95.2,11,Due,No Remarks,93.53,2.2
742,ORD-67424,2025-10-19,Plant B,MC-033,Conveyor Unit,9.3,Evening,OP0008,Unknown,Aerospace Component,Aluminum,SteelCorp Ltd,100,359,311,7,Reject,Yes,16.8,30.03,65.4,48.3,2.66,102.2,15.63,79.23,7.3,61.4,33,Due,Routine check,86.63,2.25
743,ORD-92355,2026-01-21,Plant A,MC-023,Press Brake,10.3,Morning,OP0116,A. Iyer,Packaging Unit,Polycarbonate,Global Alloys,200,642,589,11,B,Yes,8.8,31.04,64.3,45.4,4.0,109.83,3.27,20.43,8.36,72.3,48,Overdue,Line stopped briefly,91.74,1.87
744,ORD-19766,2026-04-08,Plant C,MC-033,CNC Mill,12.5,Evening,Unknown,L. D'Souza,Metal Bracket,Aluminum,Global Alloys,175,521,407,14,Reject,Not Recorded,28.9,37.7,76.0,47.6,1.72,124.04,30.46,278.6,6.93,73.7,62,OK,No Remarks,78.12,3.44
745,ORD-32026,2026-07-30,Plant C,MC-007,CNC Mill,8.3,Morning,OP0026,M. Naidu,Industrial Fastener,Aluminum,Global Alloys,300,413,377,4,Reject,Yes,11.5,44.45,72.3,42.4,2.96,91.75,25.22,80.36,9.49,51.3,33,Due,Material shortage,91.28,1.06
746,ORD-14082,2026-09-04,Plant C,MC-023,Press Brake,13.1,Morning,OP0095,M. Naidu,Consumer Plastics,Aluminum,SteelCorp Ltd,50,299,320,8,Not Graded,Yes,37.0,65.36,69.9,43.8,1.39,133.97,36.49,260.28,7.95,64.7,54,Not Scheduled,Power fluctuation,107.02,2.5
747,ORD-32372,2025-11-30,Plant E,MC-034,Laser Cutter,10.3,Morning,OP0075,N. Fernandes,Medical Device Part,Steel,SteelCorp Ltd,150,535,451,9,C,Yes,2.8,51.4,80.7,43.3,1.67,148.04,28.42,149.92,7.77,54.0,20,Not Scheduled,Line stopped briefly,84.3,2.0
748,ORD-62850,2026-06-28,Plant B,MC-018,CNC Mill,14.0,Morning,OP0053,S. Kumar,Metal Bracket,Cast Iron,MetalWorks Pvt Ltd,175,606,602,11,A+,Yes,7.5,44.22,68.2,28.6,1.53,140.32,5.59,49.16,9.57,73.0,19,Overdue,Power fluctuation,99.34,1.83
749,ORD-22089,2025-12-12,Plant E,MC-039,3D Printer,7.1,Evening,OP0120,N. Fernandes,Aerospace Component,Aluminum,MetalWorks Pvt Ltd,50,508,457,8,Not Graded,No,42.4,64.88,75.3,47.0,1.49,115.82,23.71,149.91,9.01,45.6,49,Due,OK,89.96,1.75
750,ORD-27262,2026-04-27,Plant C,MC-005,Conveyor Unit,9.1,Morning,OP0071,N. Fernandes,Automotive Parts,Aluminum,Global Alloys,300,194,167,4,Reject,Not Recorded,30.6,53.12,77.3,31.1,2.8,181.78,30.99,107.86,8.21,67.2,10,Due,No Remarks,86.08,2.4
751,ord3910,2025-10-26,Plant B,MC-031,Stamping Press,13.1,Night,OP0049,Unknown,Industrial Fastener,Unknown,Poly Materials Inc,250,623,514,10,Not Graded,No,26.7,46.83,79.1,50.2,1.37,38.61,3.36,25.43,4.38,49.2,54,Overdue,Material shortage,82.5,1.95
752,ORD-13593,2025-11-24,Plant B,MC-034,CNC Lathe,12.6,Evening,OP0068,R. Sharma,Consumer Plastics,Copper,Global Alloys,300,569,592,13,Not Graded,Yes,11.5,51.17,60.7,46.8,0.66,57.67,3.31,42.4,8.15,66.9,73,Not Scheduled,Power fluctuation,104.04,2.2
753,ORD-42638,2025-11-01,Plant C,MC-016,Stamping Press,8.1,Morning,OP0099,S. Kumar,Aerospace Component,Cast Iron,Global Alloys,250,294,315,8,Reject,No,41.8,50.43,76.6,28.0,1.98,96.6,21.23,100.99,8.39,57.4,21,OK,Material shortage,107.14,2.54
754,ORD-12743,2025-10-25,Plant A,MC-014,Stamping Press,11.7,Evening,OP0010,L. D'Souza,Medical Device Part,Steel,SteelCorp Ltd,150,517,430,8,Reject,No,7.7,49.5,64.2,47.0,3.31,104.54,32.64,250.45,8.52,70.1,52,Overdue,No Remarks,83.17,1.86
755,ORD-61775,2026-06-16,Plant C,MC-011,CNC Lathe,13.8,Morning,OP0107,K. Verma,Industrial Fastener,Cast Iron,Global Alloys,250,382,336,6,A,No,9.7,26.18,58.4,49.6,1.89,158.96,8.53,35.25,7.62,100.0,13,Not Scheduled,Power fluctuation,87.96,1.79
756,ORD-42707,2026-09-01,Plant D,MC-002,Conveyor Unit,4.2,Evening,OP0009,S. Kumar,Industrial Fastener,Copper,SteelCorp Ltd,50,353,280,2,B,Not Recorded,32.4,34.01,60.0,39.1,0.28,133.31,33.94,47.55,9.07,68.0,65,Scheduled,No Remarks,79.32,0.71
757,ORD-85082,2026-02-27,Plant E,MC-013,CNC Lathe,9.6,Morning,OP0098,L. D'Souza,Electronics Housing,Aluminum,MetalWorks Pvt Ltd,300,208,194,3,A+,Yes,15.6,60.96,88.1,75.4,0.56,78.59,33.3,88.16,7.19,60.7,32,OK,No Remarks,93.27,1.55
758,ORD-16562,2025-10-09,Plant E,MC-010,Injection Molder,6.0,Morning,OP0049,K. Verma,Home Appliance Component,Cast Iron,MetalWorks Pvt Ltd,150,529,480,13,A,Yes,7.3,63.73,75.9,50.6,0.78,129.76,39.38,373.37,8.31,45.4,28,Overdue,unknown issue,90.74,2.71
759,ORD-42315,2026-01-29,Plant A,MC-006,Welding Robot,5.1,Morning,OP0106,S. Kumar,Aerospace Component,Copper,Unknown,200,567,538,11,C,Yes,27.2,40.26,71.4,45.1,1.81,86.4,30.62,194.99,8.41,40.1,86,Overdue,Material shortage,94.89,2.04
760,ORD-91739,2026-03-14,Plant A,MC-012,3D Printer,0.7,Night,OP0011,P. Rao,Automotive Parts,Steel,Precision Components Co,150,616,505,5,A+,Yes,34.4,40.99,66.8,43.8,2.49,120.46,16.93,81.22,6.84,59.2,26,Scheduled,Late shift start,81.98,0.99
761,ORD-51182,2026-04-29,Plant C,MC-023,CNC Lathe,9.5,Morning,OP0106,L. D'Souza,Aerospace Component,Steel,Precision Components Co,150,638,603,10,C,Yes,15.1,42.66,79.5,47.6,3.21,120.33,38.85,232.18,8.31,79.2,24,Due,Material shortage,94.51,1.66
762,ORD-34885,2026-07-12,Plant E,MC-040,Press Brake,12.6,Night,OP0074,Unknown,Packaging Unit,Steel,Global Alloys,300,586,554,6,B,No,7.7,46.88,67.7,40.0,1.44,135.24,24.42,88.25,9.81,96.0,2,OK,No Remarks,94.54,1.08
763,ORD-80962,2026-01-28,Plant A,MC-031,Press Brake,13.6,Evening,OP0054,L. D'Souza,Consumer Plastics,Cast Iron,Global Alloys,50,357,466,4,B,Yes,0.4,55.16,76.9,54.4,3.13,139.92,4.99,16.98,9.17,63.3,13,Scheduled,Routine check,130.39,0.86
764,ORD-29249,2025-12-04,Plant E,MC-004,3D Printer,0.3,Morning,OP0102,A. Iyer,Home Appliance Component,Unknown,Precision Components Co,50,381,347,6,B,Yes,28.6,46.37,61.9,47.9,3.24,123.04,40.49,162.52,7.36,81.0,40,Not Scheduled,customer complaint logged,91.08,1.73
765,ORD-32004,2026-08-16,Plant E,MC-012,3D Printer,3.7,Night,Unknown,N. Fernandes,Electronics Housing,Aluminum,Global Alloys,250,498,449,13,Reject,Yes,8.7,43.41,65.1,50.7,2.21,133.81,44.32,398.19,7.98,89.1,7,Due,customer complaint logged,90.16,2.9
766,ORD-59199,2026-02-22,Plant A,MC-027,Press Brake,4.6,Morning,OP0060,P. Rao,Home Appliance Component,ABS Plastic,SteelCorp Ltd,100,359,455,3,B,No,57.0,53.63,76.8,54.4,1.92,95.79,28.69,51.98,6.93,50.4,26,OK,Material shortage,126.74,0.66
767,ORD-98727,2026-07-04,Plant B,MC-011,3D Printer,2.2,Evening,OP0058,N. Fernandes,Home Appliance Component,Unknown,Precision Components Co,300,557,465,11,Reject,Not Recorded,13.5,22.32,70.0,45.3,1.36,75.11,22.99,154.38,9.06,54.3,67,OK,Power fluctuation,83.48,2.37
768,ORD-38471,2026-05-16,Plant B,MC-002,Assembly Line,13.3,Morning,OP0049,R. Sharma,Automotive Parts,Unknown,Poly Materials Inc,150,511,464,10,B,Not Recorded,33.9,53.58,71.9,57.5,0.77,104.12,37.88,291.85,8.56,60.1,11,Not Scheduled,OK,90.8,2.16
769,ord5787,2025-12-24,Plant B,MC-026,Assembly Line,4.6,Morning,Unknown,Unknown,Industrial Fastener,Steel,SteelCorp Ltd,100,431,368,11,B,Yes,54.8,32.54,67.8,33.3,0.22,109.77,31.02,277.75,5.8,82.1,34,OK,No Remarks,85.38,2.99
770,ORD-68182,2025-12-25,Plant A,MC-010,Laser Cutter,0.2,Morning,OP0050,S. Kumar,Medical Device Part,Cast Iron,Precision Components Co,150,551,471,15,B,Not Recorded,38.3,52.76,61.2,18.8,1.87,46.61,13.45,169.93,8.83,87.6,22,Not Scheduled,Power fluctuation,85.48,3.18
771,ORD-64859,2026-01-28,Plant C,MC-001,Stamping Press,1.1,Morning,OP0076,P. Rao,Consumer Plastics,Steel,Poly Materials Inc,200,590,520,17,A,Yes,41.3,55.7,73.2,69.0,1.92,155.46,38.59,525.32,9.36,100.0,41,OK,OK,88.14,3.27
772,ORD-27521,2025-12-18,Plant A,MC-032,CNC Lathe,6.0,Night,OP0048,P. Rao,Industrial Fastener,Aluminum,Global Alloys,200,586,519,10,C,Yes,8.0,38.22,70.2,39.4,2.9,85.75,18.13,123.21,4.31,45.8,7,Due,Routine check,88.57,1.93
773,ORD-28274,2025-12-23,Plant E,MC-002,3D Printer,9.4,Morning,OP0020,R. Sharma,Aerospace Component,Polycarbonate,Global Alloys,300,555,524,11,Not Graded,Yes,51.6,50.38,76.7,42.2,3.07,129.77,11.08,117.14,6.85,92.7,20,Due,Power fluctuation,94.41,2.1
774,ORD-31289,2025-10-15,Plant B,MC-007,Laser Cutter,7.0,Morning,OP0022,Unknown,Packaging Unit,ABS Plastic,SteelCorp Ltd,300,273,269,7,B,Yes,12.8,45.5,57.4,44.2,4.14,105.33,18.12,99.77,6.98,44.0,17,Due,Routine check,98.53,2.6
775,ORD-84558,2026-08-02,Plant C,MC-012,Welding Robot,9.6,Morning,OP0080,Unknown,Industrial Fastener,Steel,Unknown,100,437,464,4,B,Yes,20.3,53.12,70.8,37.8,1.89,82.48,35.89,118.5,8.07,84.9,39,Scheduled,Late shift start,106.29,0.86
776,ORD-27548,2025-11-19,Plant A,MC-040,Conveyor Unit,13.0,Morning,OP0012,L. D'Souza,Medical Device Part,Unknown,Poly Materials Inc,150,528,446,7,A,Yes,14.6,17.14,72.9,64.7,3.57,143.86,38.2,239.26,5.11,97.4,39,Not Scheduled,OK,84.47,1.57
777,ORD-69810,2025-12-13,Plant B,MC-016,Injection Molder,1.5,Morning,OP0045,N. Fernandes,Aerospace Component,Cast Iron,Precision Components Co,300,587,499,6,A,Yes,21.2,39.42,77.8,44.7,2.92,178.26,35.92,144.1,8.77,54.5,8,Not Scheduled,Power fluctuation,85.01,1.2
778,ORD-42202,2026-07-15,Plant B,MC-006,CNC Mill,6.2,Evening,OP0113,S. Kumar,Aerospace Component,Copper,MetalWorks Pvt Ltd,300,390,355,2,B,Yes,65.3,49.63,70.6,33.5,0.7,130.43,29.27,51.58,10.57,89.1,23,Due,OK,91.03,0.56
779,ORD-95066,2026-02-14,Plant A,MC-009,Laser Cutter,12.3,Morning,OP0090,P. Rao,Industrial Fastener,Aluminum,SteelCorp Ltd,200,398,401,14,C,Not Recorded,45.8,28.94,81.8,49.4,2.47,155.23,20.8,170.46,6.9,79.3,3,Scheduled,No Remarks,100.75,3.49
780,ORD-53254,2026-02-08,Plant B,MC-007,Welding Robot,0.6,Morning,OP0057,Unknown,Consumer Plastics,Cast Iron,MetalWorks Pvt Ltd,100,396,421,7,B,Not Recorded,53.0,65.04,68.5,50.7,2.35,136.83,26.07,180.44,7.43,47.4,35,Due,Material shortage,106.31,1.66
781,ORD-74638,2025-10-16,Plant B,MC-037,Conveyor Unit,5.9,Morning,OP0112,L. D'Souza,Automotive Parts,Steel,SteelCorp Ltd,50,630,637,11,Reject,Yes,11.4,54.77,65.7,46.0,3.73,108.15,20.2,190.62,8.7,93.8,2,Due,Power fluctuation,101.11,1.73
782,ORD-52918,2026-08-04,Plant A,MC-008,Stamping Press,14.1,Unknown,OP0081,N. Fernandes,Industrial Fastener,Copper,Unknown,200,459,447,14,C,No,0.7,46.75,77.8,45.2,1.63,70.89,21.22,161.0,6.55,70.1,17,Not Scheduled,Power fluctuation,97.39,3.13
783,ORD-82756,2026-03-04,Plant B,MC-038,3D Printer,2.2,Evening,OP0050,A. Iyer,Home Appliance Component,Copper,Global Alloys,50,776,629,14,A+,Yes,9.3,57.09,71.0,42.3,1.03,94.83,31.18,373.64,9.73,53.9,30,Not Scheduled,OK,81.06,2.23
784,ORD-88104,2026-07-18,Plant E,MC-032,3D Printer,9.6,Morning,OP0032,Unknown,Home Appliance Component,Aluminum,Global Alloys,200,569,569,5,A+,No,22.7,58.2,66.4,40.1,3.63,88.56,7.58,30.84,9.51,81.4,28,Scheduled,Line stopped briefly,100.0,0.88
785,ORD-16730,2026-06-02,Plant A,MC-027,Stamping Press,11.2,Morning,OP0061,S. Kumar,Industrial Fastener,Cast Iron,Poly Materials Inc,300,518,563,9,B,Yes,27.5,46.11,50.6,47.7,2.03,99.91,33.24,154.69,9.38,61.1,35,Due,Power fluctuation,108.69,1.6
786,ORD-51891,2026-02-14,Plant A,MC-011,Conveyor Unit,13.1,Evening,OP0021,R. Sharma,Electronics Housing,Cast Iron,SteelCorp Ltd,300,569,597,13,C,Not Recorded,18.3,39.59,74.8,42.2,3.03,85.27,3.52,23.95,7.46,42.5,24,Overdue,Power fluctuation,104.92,2.18
787,ORD-82379,2025-12-02,Plant D,MC-039,Press Brake,4.8,Evening,OP0034,L. D'Souza,Packaging Unit,Unknown,SteelCorp Ltd,300,378,329,5,B,Not Recorded,5.8,49.75,68.1,56.2,1.85,117.24,31.69,131.34,6.84,89.8,10,Due,Power fluctuation,87.04,1.52
788,ORD-16185,2026-02-18,Plant E,MC-027,CNC Lathe,7.5,Night,OP0095,A. Iyer,Industrial Fastener,Steel,SteelCorp Ltd,250,411,446,11,B,Yes,61.9,46.0,62.3,32.2,3.86,106.95,12.22,107.22,7.57,93.5,39,Scheduled,OK,108.52,2.47
789,ORD-49771,2026-09-11,Plant E,MC-018,CNC Mill,0.8,Evening,OP0016,A. Iyer,Aerospace Component,Aluminum,Precision Components Co,100,619,558,11,B,No,30.1,33.54,88.9,54.7,3.17,152.45,19.15,195.51,10.1,71.2,33,Due,Power fluctuation,90.15,1.97
790,ORD-80519,2026-04-26,Plant D,MC-038,Injection Molder,9.1,Evening,OP0003,L. D'Souza,Medical Device Part,Cast Iron,MetalWorks Pvt Ltd,200,445,401,7,A+,No,44.8,31.09,69.3,35.9,2.27,152.79,42.83,187.12,6.59,61.0,42,Not Scheduled,OK,90.11,1.75
791,ORD-58167,2026-03-24,Plant C,MC-029,Laser Cutter,3.6,Night,OP0053,N. Fernandes,Packaging Unit,Cast Iron,MetalWorks Pvt Ltd,150,416,386,8,A,Yes,5.1,63.7,75.1,51.2,3.71,49.3,41.52,191.41,7.74,62.1,85,Due,No Remarks,92.79,2.07
792,ORD-67684,2026-05-04,Plant D,MC-018,Injection Molder,9.4,Morning,OP0073,M. Naidu,Electronics Housing,Cast Iron,MetalWorks Pvt Ltd,250,606,629,15,B,Not Recorded,84.1,50.56,72.8,53.7,2.13,160.73,21.37,198.95,8.82,76.0,19,OK,No Remarks,103.8,2.38
793,ORD-26971,2026-01-27,Plant D,MC-016,Injection Molder,14.9,Night,OP0100,P. Rao,Consumer Plastics,Copper,MetalWorks Pvt Ltd,150,677,491,11,C,Yes,21.4,57.43,64.0,28.6,0.85,109.27,11.85,83.58,6.55,90.9,54,Due,Power fluctuation,72.53,2.24
794,ORD-17427,2026-03-19,Plant A,MC-007,Press Brake,6.6,Morning,OP0033,M. Naidu,Automotive Parts,Cast Iron,Unknown,100,397,431,9,B,No,36.9,41.3,51.9,44.4,0.1,196.45,4.77,24.51,7.57,75.3,19,Due,No Remarks,108.56,2.09
795,ORD-51963,2026-06-04,Plant B,MC-023,Conveyor Unit,9.5,Morning,OP0104,R. Sharma,Metal Bracket,Cast Iron,Global Alloys,175,455,429,7,Not Graded,Yes,14.6,62.2,75.7,62.2,3.59,140.73,7.58,43.8,5.97,85.2,15,Overdue,No Remarks,94.29,1.63
796,ORD-51051,2026-02-26,Plant E,MC-039,Welding Robot,6.5,Evening,OP0066,P. Rao,Medical Device Part,Cast Iron,SteelCorp Ltd,250,374,355,8,A,Not Recorded,36.4,61.0,72.5,38.3,1.13,105.59,18.28,128.22,7.38,89.4,24,OK,Routine check,94.92,2.25
797,ORD-44867,2026-09-03,Plant A,MC-029,Laser Cutter,14.5,Morning,OP0087,Unknown,Packaging Unit,Aluminum,Unknown,50,505,515,11,A+,No,65.2,43.74,66.8,14.2,1.52,149.82,32.32,285.71,10.38,41.0,7,Scheduled,Routine check,101.98,2.14
798,ORD-43706,2025-10-08,Plant B,MC-039,Welding Robot,9.0,Night,OP0007,M. Naidu,Aerospace Component,ABS Plastic,SteelCorp Ltd,50,493,440,12,Not Graded,Yes,2.9,22.25,71.7,51.2,1.5,144.72,31.58,217.26,7.51,48.3,15,Overdue,unknown issue,89.25,2.73
799,ORD-43415,2026-09-05,Plant B,MC-016,Stamping Press,1.1,Evening,OP0008,S. Kumar,Home Appliance Component,Unknown,Global Alloys,300,367,346,5,A,Yes,27.5,52.63,73.3,48.2,0.69,118.9,25.26,98.39,7.61,40.8,15,Due,Power fluctuation,94.28,1.45
800,ORD-50178,2026-09-09,Plant C,MC-004,Press Brake,14.0,Night,OP0056,L. D'Souza,Automotive Parts,Aluminum,Unknown,150,277,280,2,C,No,77.6,45.37,60.3,31.1,3.73,89.93,34.84,55.0,7.79,49.8,42,Due,Power fluctuation,101.08,0.71
801,ORD-80187,2026-08-19,Plant C,MC-031,CNC Lathe,3.3,Morning,OP0046,P. Rao,Consumer Plastics,Steel,Global Alloys,150,516,477,6,A,No,64.6,61.1,70.7,32.5,2.26,125.39,28.83,140.4,6.22,89.3,25,OK,Late shift start,92.44,1.26
802,ORD-89876,2026-01-25,Plant E,MC-018,3D Printer,10.5,Night,OP0059,P. Rao,Industrial Fastener,Steel,SteelCorp Ltd,50,384,301,2,A,No,33.3,55.76,67.1,51.1,0.94,143.32,22.13,33.38,7.95,70.3,24,Scheduled,OK,78.39,0.66
803,ORD-29603,2026-09-04,Plant D,MC-014,Laser Cutter,13.0,Night,OP0107,M. Naidu,Aerospace Component,ABS Plastic,Poly Materials Inc,250,492,476,7,B,Not Recorded,3.6,47.18,73.4,38.3,1.56,87.57,26.44,102.59,7.77,86.6,17,Overdue,No Remarks,96.75,1.47
804,ORD-33979,2025-11-11,Plant A,MC-001,CNC Mill,13.3,Morning,OP0063,S. Kumar,Industrial Fastener,Aluminum,SteelCorp Ltd,200,618,609,16,B,No,4.8,49.87,89.8,47.8,1.66,74.02,9.9,117.49,8.32,46.1,71,Overdue,OK,98.54,2.63
805,ORD-87769,2026-01-16,Plant A,MC-013,CNC Lathe,10.8,Evening,OP0100,A. Iyer,Industrial Fastener,Polycarbonate,SteelCorp Ltd,50,612,534,7,Not Graded,Yes,21.1,51.81,67.6,45.4,2.68,110.18,20.1,85.01,9.79,42.6,64,Due,Power fluctuation,87.25,1.31
806,ORD-37477,2025-12-23,Plant A,MC-015,Press Brake,0.5,Morning,OP0049,R. Sharma,Aerospace Component,Copper,Unknown,50,415,366,8,A+,Yes,12.9,72.05,66.2,42.8,0.23,153.11,41.99,197.37,8.56,81.6,23,OK,Line stopped briefly,88.19,2.19
807,ORD-40086,2026-01-14,Plant A,MC-011,Laser Cutter,6.7,Morning,OP0088,S. Kumar,Medical Device Part,Cast Iron,SteelCorp Ltd,150,739,713,8,Reject,No,33.9,56.83,68.5,38.3,3.83,88.94,16.21,67.54,9.88,64.6,2,OK,No Remarks,96.48,1.12
808,ORD-93345,2026-01-13,Plant A,MC-036,Laser Cutter,2.8,Night,OP0040,Unknown,Aerospace Component,Aluminum,Global Alloys,50,429,370,8,C,Yes,1.7,59.34,69.0,34.9,2.62,136.39,11.77,63.01,9.02,90.7,2,Due,No Remarks,86.25,2.16
809,ORD-46587,2026-01-15,Plant D,MC-002,CNC Mill,14.9,Night,OP0096,M. Naidu,Aerospace Component,Aluminum,MetalWorks Pvt Ltd,150,318,290,5,A,Yes,42.1,47.52,69.8,44.9,1.43,127.62,26.21,70.93,6.95,57.6,10,OK,Power fluctuation,91.19,1.72
810,ORD-15938,2025-12-23,Plant A,MC-037,CNC Mill,14.7,Morning,OP0051,S. Kumar,Medical Device Part,ABS Plastic,MetalWorks Pvt Ltd,50,101,89,5,A,No,420.0,44.32,77.7,39.5,3.83,26.18,35.4,89.94,6.93,48.8,29,OK,customer complaint logged,88.12,5.62
811,ORD-87554,2026-03-25,Unknown,MC-024,Laser Cutter,11.9,Evening,OP0116,K. Verma,Medical Device Part,Unknown,Global Alloys,150,444,396,12,C,Not Recorded,23.2,38.11,75.0,38.2,3.93,115.6,21.79,253.63,9.85,74.5,12,Due,customer complaint logged,89.19,3.03
812,ord1266,2025-10-20,Plant A,MC-021,CNC Lathe,9.7,Night,OP0021,S. Kumar,Metal Bracket,Aluminum,Global Alloys,100,461,406,6,A+,No,2.4,28.8,66.4,41.8,2.96,128.19,13.25,45.06,7.03,62.7,37,Scheduled,Routine check,88.07,1.48
813,ORD-19556,2025-12-20,Plant E,MC-037,Press Brake,6.9,Evening,OP0080,R. Sharma,Medical Device Part,Cast Iron,SteelCorp Ltd,150,425,425,14,B,No,0.1,30.67,60.5,38.3,0.98,149.59,19.12,243.16,7.93,44.6,34,OK,No Remarks,100.0,3.29
814,ORD-81700,2026-05-07,Plant A,MC-033,CNC Mill,4.9,Night,OP0026,Unknown,Home Appliance Component,Polycarbonate,Precision Components Co,50,672,642,16,Not Graded,Not Recorded,0.2,61.66,62.3,61.9,2.67,57.38,38.9,485.37,3.9,70.3,23,Not Scheduled,Material shortage,95.54,2.49
815,ORD-95184,2026-07-10,Plant E,MC-016,Stamping Press,5.3,Evening,OP0007,K. Verma,Medical Device Part,Cast Iron,Precision Components Co,150,690,633,10,B,Yes,7.8,58.81,65.7,41.2,3.54,109.03,27.41,188.09,9.44,60.7,62,Due,Routine check,91.74,1.58
816,ORD-97176,2026-08-27,Plant C,MC-030,Injection Molder,4.1,Evening,OP0034,Unknown,Industrial Fastener,Steel,Global Alloys,300,520,493,8,Not Graded,Yes,450.3,42.09,60.7,41.7,0.94,160.51,17.9,125.55,10.96,77.2,49,OK,No Remarks,94.81,1.62
817,ORD-82868,2026-01-04,Plant C,MC-012,Injection Molder,3.8,Night,OP0113,S. Kumar,Industrial Fastener,Aluminum,SteelCorp Ltd,150,761,685,14,Reject,Yes,52.4,54.24,70.7,71.5,1.41,186.58,17.86,212.84,8.11,62.9,39,Due,No Remarks,90.01,2.04
818,ORD-33850,2026-09-02,Plant E,MC-033,Assembly Line,12.0,Unknown,OP0038,P. Rao,Automotive Parts,Steel,Global Alloys,300,477,457,7,Not Graded,Not Recorded,9.1,68.41,63.7,67.9,2.76,139.72,34.04,122.38,5.74,52.7,27,Overdue,OK,95.81,1.53
819,ORD-72341,2026-07-27,Plant D,MC-006,Laser Cutter,6.4,Evening,OP0041,N. Fernandes,Metal Bracket,Steel,Unknown,150,744,667,15,A+,Not Recorded,11.4,28.02,88.1,40.8,1.61,125.59,8.24,67.7,8.2,78.5,12,Overdue,unknown issue,89.65,2.25
820,ORD-57774,2026-05-23,Unknown,MC-030,CNC Lathe,2.4,Morning,OP0004,M. Naidu,Packaging Unit,Aluminum,SteelCorp Ltd,250,426,385,7,B,Yes,78.6,45.48,60.5,37.1,3.11,70.0,17.52,73.89,10.47,86.8,15,Due,No Remarks,90.38,1.82
821,ORD-44217,2025-11-24,Plant A,MC-016,CNC Lathe,5.7,Unknown,OP0007,R. Sharma,Metal Bracket,Steel,MetalWorks Pvt Ltd,175,378,333,9,Reject,No,24.3,31.56,78.7,66.1,1.08,103.88,41.37,189.38,6.21,42.1,75,Not Scheduled,Late shift start,88.1,2.7
822,ORD-87712,2026-07-26,Plant E,MC-039,Welding Robot,12.5,Evening,OP0053,M. Naidu,Medical Device Part,ABS Plastic,SteelCorp Ltd,200,471,443,12,B,Yes,33.1,62.91,76.2,36.3,2.58,122.21,32.72,255.6,5.82,99.0,30,Due,Line stopped briefly,94.06,2.71
823,ORD-90055,2026-03-26,Plant D,MC-001,Welding Robot,9.9,Night,OP0023,P. Rao,Metal Bracket,Steel,SteelCorp Ltd,150,448,463,9,A,Yes,53.9,40.43,71.5,58.2,2.71,102.73,9.13,65.3,5.74,88.4,1,OK,Material shortage,103.35,1.94
824,ORD-77482,2025-10-01,Plant E,MC-031,CNC Lathe,1.5,Morning,OP0104,N. Fernandes,Automotive Parts,Unknown,Unknown,100,541,535,9,A,No,24.9,59.55,60.6,20.6,1.45,155.35,17.31,116.74,9.15,51.9,24,Not Scheduled,No Remarks,98.89,1.68
825,ORD-21498,2025-12-01,Plant A,MC-026,Laser Cutter,12.7,Morning,OP0066,K. Verma,Automotive Parts,Aluminum,SteelCorp Ltd,250,390,362,5,A,Yes,26.5,41.47,64.7,47.2,2.06,166.56,44.72,220.72,9.36,53.5,70,Scheduled,No Remarks,92.82,1.38
826,ORD-63665,2026-03-27,Plant E,MC-019,Welding Robot,13.1,Morning,OP0066,N. Fernandes,Home Appliance Component,Copper,SteelCorp Ltd,150,509,421,8,C,Yes,36.2,59.67,78.9,43.9,2.57,165.46,13.96,90.01,7.71,43.3,23,OK,Power fluctuation,82.71,1.9
827,ORD-67333,2026-02-18,Plant C,MC-013,Welding Robot,3.5,Morning,OP0057,N. Fernandes,Metal Bracket,Unknown,Global Alloys,200,685,718,14,A+,Not Recorded,52.1,79.69,74.3,40.6,0.79,197.66,12.5,117.69,8.38,50.2,40,Not Scheduled,No Remarks,104.82,1.95
828,ORD-84327,2026-07-09,Plant C,MC-036,Stamping Press,0.7,Morning,OP0003,L. D'Souza,Automotive Parts,Aluminum,Precision Components Co,300,435,431,15,C,Yes,16.7,46.93,81.6,40.1,2.87,116.42,13.1,160.35,9.95,69.4,48,OK,No Remarks,99.08,3.48
829,ORD-29715,2026-03-16,Unknown,MC-038,Laser Cutter,2.6,Evening,OP0117,L. D'Souza,Packaging Unit,Polycarbonate,MetalWorks Pvt Ltd,250,396,347,7,A+,Yes,52.6,54.38,81.4,39.2,1.17,95.6,37.69,149.63,7.43,62.2,55,OK,customer complaint logged,87.63,2.02
830,ORD-25148,2026-01-30,Plant C,MC-024,Conveyor Unit,1.0,Night,OP0086,M. Naidu,Aerospace Component,ABS Plastic,Global Alloys,250,419,426,10,Reject,No,5.5,60.29,61.5,19.3,1.93,99.27,38.83,194.95,9.17,83.1,57,OK,Line stopped briefly,101.67,2.35
831,ORD-30317,2025-12-31,Plant A,MC-005,Press Brake,12.9,Morning,OP0019,K. Verma,Packaging Unit,Aluminum,Global Alloys,300,515,443,11,C,No,51.1,22.56,81.7,51.1,0.84,120.85,4.48,26.67,7.63,80.9,25,Not Scheduled,No Remarks,86.02,2.48
832,ORD-18292,2026-07-20,Plant E,MC-039,Conveyor Unit,3.4,Morning,OP0045,Unknown,Metal Bracket,ABS Plastic,Global Alloys,50,704,565,12,C,No,494.4,13.01,77.4,36.5,1.34,106.48,31.75,207.61,10.34,58.7,54,Not Scheduled,Power fluctuation,80.26,2.12
833,ORD-29396,2026-01-11,Plant D,MC-034,Stamping Press,0.3,Evening,OP0087,L. D'Souza,Medical Device Part,Cast Iron,MetalWorks Pvt Ltd,50,336,282,7,B,Not Recorded,10.8,29.95,70.1,35.7,3.7,68.82,9.79,36.25,9.41,46.5,61,Due,Power fluctuation,83.93,2.48
834,ORD-15989,2026-06-07,Plant A,MC-015,Stamping Press,1.3,Morning,OP0010,P. Rao,Aerospace Component,Cast Iron,Global Alloys,200,446,463,12,C,Yes,13.2,33.11,61.4,30.1,1.48,99.12,19.36,230.14,9.24,71.0,31,Not Scheduled,No Remarks,103.81,2.59
835,ORD-95904,2026-04-13,Plant A,MC-003,Assembly Line,11.3,Morning,OP0085,Unknown,Aerospace Component,Aluminum,MetalWorks Pvt Ltd,250,272,249,5,A+,No,11.4,43.54,71.7,34.2,3.31,135.17,31.75,133.94,6.56,69.7,83,OK,Routine check,91.54,2.01
836,ORD-42011,2026-01-10,Plant A,MC-010,Welding Robot,5.0,Night,OP0008,S. Kumar,Home Appliance Component,ABS Plastic,SteelCorp Ltd,50,606,609,10,B,Not Recorded,17.6,39.47,55.7,56.4,1.99,67.41,19.93,102.91,9.17,76.3,27,Not Scheduled,No Remarks,100.5,1.64
837,ORD-67043,2025-11-02,Plant B,MC-002,Stamping Press,6.1,Morning,OP0072,K. Verma,Metal Bracket,Copper,Global Alloys,175,461,441,4,Not Graded,No,31.9,32.94,72.1,50.8,1.56,131.12,42.93,117.49,9.15,66.1,69,OK,Power fluctuation,95.66,0.91
838,ORD-33335,2026-02-28,Plant B,MC-019,Injection Molder,6.0,Morning,OP0039,S. Kumar,Medical Device Part,Aluminum,Global Alloys,250,589,599,11,A,Not Recorded,7.4,43.0,67.5,20.0,1.11,72.32,13.62,111.7,7.4,43.9,22,Due,unknown issue,101.7,1.84
839,ORD-51874,2025-12-25,Plant A,MC-040,CNC Lathe,1.9,Evening,OP0003,P. Rao,Electronics Housing,Copper,Precision Components Co,150,418,366,10,Not Graded,Yes,21.8,45.26,70.5,43.9,2.44,103.88,27.69,164.79,5.53,85.0,42,Overdue,No Remarks,87.56,2.73
840,ORD-61947,2026-04-13,Plant B,MC-011,Assembly Line,3.6,Night,OP0091,S. Kumar,Aerospace Component,Copper,Poly Materials Inc,300,494,402,5,B,Yes,11.5,37.1,66.4,47.1,4.57,140.33,24.27,95.88,8.04,49.1,52,Not Scheduled,No Remarks,81.38,1.24
841,ORD-13145,2025-11-24,Plant A,MC-022,CNC Mill,5.5,Night,OP0040,K. Verma,Aerospace Component,ABS Plastic,Unknown,100,598,595,14,A,No,70.1,40.73,69.0,40.0,2.1,173.65,31.94,246.51,5.98,90.5,51,OK,No Remarks,99.5,2.35
842,ORD-40177,2026-01-19,Plant A,MC-003,Laser Cutter,2.8,Morning,OP0057,S. Kumar,Home Appliance Component,Steel,Global Alloys,150,603,535,15,B,Yes,49.9,26.39,69.4,40.7,1.47,166.97,13.93,108.08,7.61,66.9,31,Scheduled,Material shortage,88.72,2.8
843,ORD-71126,2025-11-17,Plant B,MC-004,3D Printer,11.1,Night,OP0001,K. Verma,Metal Bracket,ABS Plastic,MetalWorks Pvt Ltd,250,432,349,7,B,Not Recorded,12.9,45.83,89.7,32.0,1.17,177.53,37.62,161.12,6.69,91.6,39,Overdue,customer complaint logged,80.79,2.01
844,ORD-54490,2026-03-10,Plant A,MC-039,Press Brake,7.1,Evening,OP0017,S. Kumar,Packaging Unit,Polycarbonate,MetalWorks Pvt Ltd,100,710,590,10,A+,Yes,7.8,60.8,68.7,45.5,1.74,99.65,15.28,82.1,7.78,78.7,108,Due,OK,83.1,1.69
845,ORD-19185,2026-08-15,Plant C,MC-020,3D Printer,0.9,Morning,OP0061,R. Sharma,Packaging Unit,Unknown,Poly Materials Inc,250,815,746,13,A+,Not Recorded,1.7,46.16,59.8,39.9,1.82,111.81,32.25,373.01,9.38,88.0,32,Not Scheduled,customer complaint logged,91.53,1.74
846,ORD-19154,2026-01-07,Plant C,MC-016,Injection Molder,7.2,Morning,OP0038,A. Iyer,Industrial Fastener,Copper,SteelCorp Ltd,50,546,472,15,Not Graded,Yes,47.9,53.56,58.8,52.3,4.01,118.94,30.6,255.01,8.31,63.7,68,Not Scheduled,Material shortage,86.45,3.18
847,ORD-45173,2025-10-28,Plant B,MC-015,Laser Cutter,0.3,Night,OP0069,R. Sharma,Packaging Unit,Unknown,Unknown,50,516,507,8,Reject,Not Recorded,23.7,49.11,72.6,58.2,0.25,85.89,24.88,174.28,11.47,93.7,31,Overdue,No Remarks,98.26,1.58
848,ORD-37469,2026-07-20,Plant B,MC-025,Welding Robot,0.3,Morning,OP0029,P. Rao,Home Appliance Component,Steel,MetalWorks Pvt Ltd,150,583,542,10,B,Yes,37.0,39.81,48.0,44.6,0.68,124.61,32.75,298.44,5.7,87.9,48,Not Scheduled,No Remarks,92.97,1.85
849,ORD-85403,2025-12-14,Plant E,MC-038,Welding Robot,13.1,Morning,OP0088,A. Iyer,Automotive Parts,Polycarbonate,Global Alloys,300,366,338,3,B,Yes,46.5,22.79,74.1,62.9,3.16,133.94,17.75,38.41,5.49,47.6,30,Overdue,unknown issue,92.35,0.89
850,ORD-45162,2026-02-28,Plant C,MC-039,Welding Robot,5.8,Night,OP0007,N. Fernandes,Packaging Unit,Copper,SteelCorp Ltd,200,635,582,20,B,No,18.4,53.46,47.9,67.6,2.18,63.21,17.39,295.55,7.94,66.2,39,OK,Routine check,91.65,3.44
851,ORD-60913,2025-12-21,Plant B,MC-016,CNC Mill,14.9,Morning,OP0003,L. D'Souza,Electronics Housing,ABS Plastic,MetalWorks Pvt Ltd,100,535,514,8,C,Yes,10.6,26.59,52.8,37.8,2.78,97.14,12.9,61.28,9.47,52.6,11,OK,Routine check,96.07,1.56
852,ORD-14672,2026-07-26,Plant B,MC-023,CNC Lathe,14.9,Morning,OP0102,K. Verma,Aerospace Component,Steel,Global Alloys,150,647,628,17,A,Yes,37.0,60.18,71.9,38.5,2.53,100.32,33.44,461.01,8.59,40.5,79,OK,OK,97.06,2.71
853,ord6574,2026-03-27,Plant A,MC-036,Stamping Press,7.1,Unknown,OP0118,L. D'Souza,Consumer Plastics,Copper,SteelCorp Ltd,150,615,574,10,A+,Yes,9.1,53.56,74.6,54.6,1.72,141.51,19.22,120.95,8.7,89.1,38,Not Scheduled,Routine check,93.33,1.74
854,ORD-78134,2025-11-10,Plant A,MC-028,Press Brake,6.6,Morning,OP0013,R. Sharma,Medical Device Part,Steel,Global Alloys,100,486,487,14,B,Yes,43.2,49.73,77.2,19.6,1.8,12.18,4.77,42.38,5.22,97.5,36,Scheduled,OK,100.21,2.87
855,ORD-30164,2025-10-03,Plant A,MC-034,Conveyor Unit,4.1,Evening,OP0007,Unknown,Home Appliance Component,Steel,Unknown,250,431,409,9,Reject,Yes,35.7,42.59,67.5,34.2,3.6,176.53,27.36,172.6,8.79,79.7,73,Not Scheduled,Line stopped briefly,94.9,2.2
856,ORD-68776,2026-06-05,Plant B,MC-004,Injection Molder,0.4,Night,OP0021,Unknown,Home Appliance Component,ABS Plastic,Global Alloys,250,604,560,12,C,Yes,4.3,30.24,69.7,58.7,0.88,121.21,28.14,203.48,8.59,44.6,27,Overdue,No Remarks,92.72,2.14
857,ORD-58631,2025-12-03,Plant A,MC-005,CNC Mill,5.5,Morning,OP0013,Unknown,Consumer Plastics,Steel,SteelCorp Ltd,300,553,568,15,B,Not Recorded,4.2,52.75,47.9,63.3,0.68,125.91,25.83,203.77,10.89,69.6,46,Due,Power fluctuation,102.71,2.64
858,ORD-68886,2026-03-20,Plant A,MC-039,Laser Cutter,2.7,Night,OP0053,N. Fernandes,Automotive Parts,Steel,Poly Materials Inc,250,578,533,16,Not Graded,Not Recorded,4.8,25.94,51.1,47.2,1.52,59.48,6.12,95.71,9.05,77.7,39,OK,unknown issue,92.21,3.0
859,ORD-53746,2025-12-30,Plant D,MC-010,Assembly Line,13.1,Night,OP0120,N. Fernandes,Home Appliance Component,Steel,Poly Materials Inc,300,362,324,4,B,Yes,11.3,47.73,56.5,34.1,4.22,96.97,17.48,51.51,6.57,96.9,44,OK,unknown issue,89.5,1.23
860,ORD-26267,2026-04-03,Plant B,MC-005,Press Brake,13.7,Night,OP0097,R. Sharma,Consumer Plastics,Polycarbonate,MetalWorks Pvt Ltd,150,462,410,6,B,Yes,33.7,48.18,64.9,36.5,1.86,91.41,25.15,136.6,9.35,91.2,47,Due,unknown issue,88.74,1.46
861,ORD-80143,2025-10-26,Plant A,MC-015,CNC Lathe,14.4,Evening,OP0099,S. Kumar,Aerospace Component,Unknown,SteelCorp Ltd,300,555,610,10,C,No,32.4,68.36,65.7,65.7,2.23,96.17,11.04,70.95,6.62,71.1,43,Not Scheduled,unknown issue,109.91,1.64
862,ORD-55718,2025-11-01,Unknown,MC-036,Assembly Line,6.2,Night,OP0023,L. D'Souza,Packaging Unit,Unknown,Global Alloys,250,646,684,14,Reject,Yes,51.5,24.78,70.8,45.0,2.64,92.97,31.93,290.03,7.17,97.5,71,Due,Power fluctuation,105.88,2.05
863,ORD-56593,2026-07-26,Plant D,MC-013,Press Brake,13.6,Morning,OP0013,Unknown,Electronics Housing,Copper,Precision Components Co,300,424,423,8,Reject,Not Recorded,33.3,31.25,63.8,52.2,3.24,113.25,19.84,87.87,7.47,85.3,23,Due,customer complaint logged,99.76,1.89
864,ORD-93139,2025-10-01,Plant B,MC-022,Welding Robot,2.4,Night,OP0115,R. Sharma,Medical Device Part,Copper,SteelCorp Ltd,300,389,331,4,A,Yes,35.6,45.21,80.0,58.7,3.97,171.13,21.31,80.71,9.28,70.4,25,Due,No Remarks,85.09,1.21
865,ORD-55504,2026-01-26,Plant A,MC-029,Injection Molder,5.9,Morning,OP0046,K. Verma,Automotive Parts,Cast Iron,Unknown,200,345,282,4,B,No,45.8,44.22,63.0,29.4,2.73,136.16,42.13,158.18,7.42,46.9,16,Not Scheduled,No Remarks,81.74,1.42
866,ORD-28519,2025-11-17,Plant E,MC-006,CNC Mill,12.2,Evening,OP0112,K. Verma,Packaging Unit,Steel,SteelCorp Ltd,250,478,445,10,C,Yes,9.0,56.17,72.4,56.5,1.05,91.81,23.91,161.34,7.53,88.2,24,Due,Routine check,93.1,2.25
867,ORD-80574,2026-06-07,Plant B,MC-037,CNC Lathe,2.6,Night,OP0033,L. D'Souza,Automotive Parts,Cast Iron,SteelCorp Ltd,100,646,587,7,Reject,Yes,30.5,48.24,50.8,44.2,0.32,189.55,40.85,266.99,6.49,59.9,33,Due,OK,90.87,1.19
868,ORD-55239,2026-03-14,Plant A,MC-007,Press Brake,9.9,Morning,OP0099,Unknown,Automotive Parts,Copper,SteelCorp Ltd,300,601,531,9,A,Yes,4.8,41.27,69.4,21.3,3.86,134.5,22.64,141.28,10.63,64.0,5,Due,Power fluctuation,88.35,1.69
869,ORD-26197,2026-01-01,Plant A,MC-004,Assembly Line,7.6,Morning,OP0115,N. Fernandes,Metal Bracket,Copper,Global Alloys,50,420,360,9,B,Yes,19.3,19.57,74.0,70.5,1.28,76.75,40.24,294.02,4.53,76.7,66,OK,Material shortage,85.71,2.5
870,ORD-40091,2026-08-12,Plant B,MC-031,Injection Molder,5.5,Unknown,OP0033,S. Kumar,Electronics Housing,Polycarbonate,Poly Materials Inc,200,456,373,8,B,Yes,549.1,36.17,60.5,35.3,1.25,130.03,24.37,118.01,7.29,77.5,49,Overdue,Power fluctuation,81.8,2.14
871,ORD-49774,2025-11-01,Plant E,MC-007,Laser Cutter,12.1,Evening,OP0070,M. Naidu,Electronics Housing,Aluminum,SteelCorp Ltd,200,324,315,5,Reject,Yes,24.0,23.16,77.6,36.5,1.85,140.92,42.38,180.69,7.94,69.6,32,Not Scheduled,No Remarks,97.22,1.59
872,ORD-11303,2026-05-01,Plant B,MC-031,Assembly Line,11.4,Morning,OP0097,M. Naidu,Consumer Plastics,Copper,Global Alloys,300,593,505,14,C,Not Recorded,21.5,57.28,66.2,32.6,2.75,90.57,37.12,393.96,6.54,94.3,30,Not Scheduled,Power fluctuation,85.16,2.77
873,ORD-29122,2026-05-12,Plant D,MC-010,Press Brake,13.3,Morning,OP0102,Unknown,Home Appliance Component,Unknown,SteelCorp Ltd,100,534,462,11,A+,Yes,20.9,52.21,77.1,37.2,0.6,118.69,14.85,154.97,6.45,69.0,61,Due,Material shortage,86.52,2.38
874,ORD-20673,2026-08-12,Plant A,MC-037,Press Brake,10.4,Night,OP0044,S. Kumar,Packaging Unit,Steel,SteelCorp Ltd,50,424,361,5,A+,No,1.5,38.82,63.9,49.1,2.69,13.44,4.4,13.59,8.74,57.2,58,OK,No Remarks,85.14,1.39
875,ORD-18200,2025-11-28,Plant E,MC-007,Injection Molder,2.8,Morning,OP0021,K. Verma,Medical Device Part,Cast Iron,Precision Components Co,250,716,685,11,A,Yes,10.9,60.67,67.2,18.1,1.45,154.74,6.78,54.05,8.82,53.9,51,Not Scheduled,Routine check,95.67,1.61
876,ORD-27607,2026-06-06,Plant E,MC-035,Assembly Line,3.4,Morning,OP0013,P. Rao,Metal Bracket,Steel,Global Alloys,50,338,358,6,B,Yes,18.3,53.06,37.0,31.0,3.94,112.24,16.66,75.06,8.14,50.5,31,Not Scheduled,Line stopped briefly,105.92,1.68
877,ORD-30996,2025-11-09,Plant C,MC-007,CNC Mill,3.0,Morning,OP0093,M. Naidu,Automotive Parts,Cast Iron,Poly Materials Inc,100,572,516,11,A,No,15.6,54.84,63.7,56.1,3.26,163.87,6.52,52.37,6.6,73.9,9,OK,No Remarks,90.21,2.13
878,ORD-12974,2026-06-02,Plant B,MC-021,CNC Lathe,9.5,Evening,OP0078,R. Sharma,Home Appliance Component,Copper,Global Alloys,150,664,633,11,A+,No,1.7,54.19,70.7,43.2,1.15,104.76,26.39,250.85,4.61,74.9,40,Not Scheduled,unknown issue,95.33,1.74
879,ORD-39949,2026-06-03,Plant D,MC-007,Laser Cutter,12.5,Night,OP0019,A. Iyer,Electronics Housing,Polycarbonate,Poly Materials Inc,200,758,745,12,Reject,No,17.2,46.21,53.3,51.6,4.71,145.12,28.02,311.49,9.47,78.6,36,Not Scheduled,Routine check,98.28,1.61
880,ORD-97080,2025-12-16,Plant C,MC-039,Stamping Press,0.8,Morning,OP0007,N. Fernandes,Industrial Fastener,Cast Iron,Precision Components Co,300,423,427,3,B,No,76.8,39.05,77.2,31.9,2.58,136.76,12.79,24.77,7.93,100.0,5,Due,OK,100.95,0.7
881,ORD-76648,2025-12-20,Plant C,MC-030,3D Printer,1.8,Morning,OP0013,M. Naidu,Consumer Plastics,Polycarbonate,Global Alloys,150,483,482,12,B,Not Recorded,9.8,47.74,71.8,38.5,2.95,136.7,33.15,248.88,7.34,86.7,42,Not Scheduled,No Remarks,99.79,2.49
882,ORD-59331,2025-10-06,Plant A,MC-022,3D Printer,7.3,Morning,OP0021,M. Naidu,Industrial Fastener,Steel,MetalWorks Pvt Ltd,200,405,398,8,Reject,Not Recorded,49.3,63.81,62.1,25.7,0.69,104.37,21.62,99.46,7.38,64.5,0,Due,No Remarks,98.27,2.01
883,ORD-44407,2026-05-13,Plant A,MC-013,Laser Cutter,9.5,Night,OP0050,M. Naidu,Packaging Unit,Copper,SteelCorp Ltd,100,642,666,17,B,Not Recorded,26.1,52.46,60.1,66.8,3.3,153.34,7.65,95.34,10.11,72.4,23,Not Scheduled,Material shortage,103.74,2.55
884,ORD-30059,2026-02-13,Plant D,MC-009,Press Brake,6.1,Evening,OP0063,A. Iyer,Packaging Unit,Steel,Poly Materials Inc,200,760,744,24,Reject,Yes,18.7,56.97,62.3,47.2,2.4,83.36,40.0,859.79,10.11,96.4,35,OK,Material shortage,97.89,3.23
885,ORD-40284,2026-04-10,Plant B,MC-033,Stamping Press,6.7,Night,OP0107,M. Naidu,Consumer Plastics,Aluminum,Unknown,150,455,423,14,Not Graded,Yes,10.4,31.65,76.5,35.6,1.46,130.48,35.62,319.34,5.35,93.4,52,OK,No Remarks,92.97,3.31
886,ORD-14877,2025-11-16,Plant C,MC-035,CNC Mill,11.3,Night,OP0106,K. Verma,Consumer Plastics,Copper,SteelCorp Ltd,150,470,426,8,Not Graded,No,5.0,43.03,68.0,46.9,1.22,125.23,11.22,65.72,7.78,51.1,34,OK,Line stopped briefly,90.64,1.88
887,ORD-61199,2025-12-22,Plant A,MC-039,CNC Mill,5.1,Morning,OP0086,R. Sharma,Packaging Unit,ABS Plastic,Global Alloys,300,647,592,9,Not Graded,Yes,7.6,41.39,76.2,37.0,2.67,109.31,20.77,152.8,8.64,56.7,3,Scheduled,unknown issue,91.5,1.52
888,ORD-92470,2026-09-03,Plant A,MC-027,CNC Mill,14.1,Morning,OP0106,K. Verma,Home Appliance Component,Unknown,Unknown,150,455,480,13,A,Yes,27.9,52.55,63.4,55.0,3.29,96.59,12.81,115.8,10.02,70.5,42,Not Scheduled,Power fluctuation,105.49,2.71
889,ORD-41850,2026-01-11,Plant E,MC-024,Laser Cutter,0.7,Night,OP0044,R. Sharma,Industrial Fastener,Copper,MetalWorks Pvt Ltd,200,554,507,8,A,Yes,8.6,61.85,67.8,24.9,0.71,85.26,4.69,23.98,11.69,56.2,31,Due,OK,91.52,1.58
890,ORD-36177,2026-01-31,Plant C,MC-022,Injection Molder,14.3,Morning,OP0101,P. Rao,Aerospace Component,Copper,SteelCorp Ltd,150,798,818,23,Not Graded,Yes,9.9,31.47,79.8,57.1,1.79,129.59,33.74,574.26,9.35,44.2,40,Not Scheduled,OK,102.51,2.81
891,ORD-64460,2026-06-26,Plant A,MC-001,CNC Mill,14.5,Unknown,OP0068,S. Kumar,Metal Bracket,Steel,SteelCorp Ltd,50,666,593,20,Not Graded,Yes,33.2,49.39,68.3,26.4,2.89,138.56,20.63,302.84,6.17,59.4,39,Overdue,Power fluctuation,89.04,3.37
892,ORD-56525,2026-07-11,Plant E,MC-009,CNC Lathe,4.6,Morning,OP0017,Unknown,Home Appliance Component,Aluminum,Precision Components Co,200,596,652,12,Reject,Not Recorded,23.6,59.92,61.0,37.2,1.7,46.34,44.05,420.63,8.08,46.3,1,Overdue,No Remarks,109.4,1.84
893,ORD-45896,2026-07-30,Plant A,MC-039,Stamping Press,5.2,Morning,OP0029,Unknown,Electronics Housing,Aluminum,SteelCorp Ltd,250,426,390,4,A+,No,49.0,57.76,73.5,27.3,1.64,188.16,20.64,43.71,8.09,62.7,35,OK,No Remarks,91.55,1.03
894,ORD-93379,2025-10-07,Plant B,MC-031,CNC Mill,11.0,Morning,OP0076,L. D'Souza,Aerospace Component,Steel,Precision Components Co,200,383,346,8,B,Yes,49.2,48.76,60.0,45.7,4.46,167.17,30.7,244.45,9.11,52.5,49,Not Scheduled,OK,90.34,2.31
895,ORD-75374,2025-10-28,Plant A,MC-031,Stamping Press,10.0,Evening,OP0016,Unknown,Home Appliance Component,Steel,Unknown,200,576,526,4,A,Not Recorded,23.1,31.23,68.8,9.1,1.86,62.93,27.06,68.35,9.22,92.5,50,OK,No Remarks,91.32,0.76
896,ORD-15234,2026-07-18,Plant D,MC-004,3D Printer,4.8,Night,OP0050,K. Verma,Electronics Housing,ABS Plastic,SteelCorp Ltd,300,540,477,5,C,Not Recorded,2.9,37.4,92.5,52.3,3.03,92.86,21.04,66.72,8.91,85.8,35,Due,unknown issue,88.33,1.05
897,ORD-75663,2026-04-25,Plant C,MC-024,Assembly Line,2.8,Morning,OP0117,R. Sharma,Industrial Fastener,Cast Iron,SteelCorp Ltd,250,252,241,5,A+,Yes,15.6,51.9,72.8,15.4,1.24,160.35,32.79,157.23,9.36,91.2,74,Due,No Remarks,95.63,2.07
898,ORD-87432,2025-10-24,Plant B,MC-020,Press Brake,13.9,Night,OP0092,Unknown,Aerospace Component,Unknown,Global Alloys,100,576,527,8,A+,Not Recorded,36.4,55.83,66.1,54.2,1.75,166.46,8.16,55.83,8.75,85.9,45,Due,Line stopped briefly,91.49,1.52
899,ORD-10211,2026-08-24,Plant B,MC-031,Press Brake,11.6,Evening,OP0041,N. Fernandes,Home Appliance Component,Unknown,Global Alloys,300,588,561,10,A,Yes,14.0,39.03,59.4,57.8,0.16,113.05,18.6,144.83,7.53,42.4,33,Overdue,Material shortage,95.41,1.78
900,ORD-82291,2026-08-04,Plant C,MC-014,3D Printer,6.7,Morning,OP0013,R. Sharma,Consumer Plastics,Copper,Global Alloys,300,700,604,10,B,Yes,5.6,62.21,70.7,36.3,2.27,117.85,35.12,346.47,6.92,67.6,75,Due,Material shortage,86.29,1.66
901,ORD-77043,2026-03-19,Plant A,MC-006,Stamping Press,11.7,Night,OP0057,A. Iyer,Consumer Plastics,Cast Iron,MetalWorks Pvt Ltd,150,569,468,11,B,Yes,22.9,51.72,72.8,51.3,1.63,95.59,22.95,131.35,8.05,79.3,44,OK,Material shortage,82.25,2.35
902,ORD-71300,2026-04-24,Plant B,MC-018,Stamping Press,0.3,Evening,OP0084,P. Rao,Home Appliance Component,Steel,MetalWorks Pvt Ltd,250,442,430,6,B,Yes,24.0,33.18,72.1,47.0,2.28,133.63,23.72,139.96,4.65,75.0,35,Due,customer complaint logged,97.29,1.4
903,ORD-77084,2026-06-18,Plant B,MC-011,Stamping Press,7.0,Morning,OP0020,Unknown,Electronics Housing,Cast Iron,Precision Components Co,200,701,714,7,A,No,12.4,47.36,81.7,33.0,3.12,88.92,11.16,62.75,9.07,88.2,18,Due,Routine check,101.85,0.98
904,ORD-58532,2026-02-11,Plant C,MC-029,Welding Robot,2.6,Evening,OP0112,K. Verma,Medical Device Part,Cast Iron,Global Alloys,50,584,466,3,A,Yes,20.6,29.44,75.3,34.5,1.77,131.57,20.97,31.49,9.33,52.8,21,OK,Late shift start,79.71,0.64
905,ORD-12628,2025-12-29,Plant A,MC-029,Laser Cutter,13.8,Evening,OP0062,Unknown,Medical Device Part,Steel,SteelCorp Ltd,300,345,314,9,A+,Yes,20.7,37.31,63.3,43.1,1.16,106.11,29.11,142.23,7.47,70.3,19,Due,Routine check,91.01,2.87
906,ORD-39771,2026-01-09,Plant C,MC-037,Welding Robot,6.5,Morning,OP0112,P. Rao,Automotive Parts,Copper,Global Alloys,250,419,430,9,A+,Yes,35.0,42.17,67.8,40.1,1.89,143.48,9.67,74.24,11.59,41.1,1,Overdue,No Remarks,102.63,2.09
907,ORD-33853,2026-03-07,Plant D,MC-006,CNC Mill,5.3,Morning,OP0035,N. Fernandes,Metal Bracket,Polycarbonate,Precision Components Co,250,441,460,3,A,No,9.3,43.3,69.2,53.7,2.93,129.06,10.44,27.14,8.17,88.2,19,Overdue,Material shortage,104.31,0.65
908,ORD-64533,2026-06-12,Plant B,MC-037,Injection Molder,5.8,Morning,OP0066,L. D'Souza,Electronics Housing,Polycarbonate,Poly Materials Inc,200,635,622,13,A,Yes,5.9,36.84,69.9,50.6,1.6,190.53,21.83,193.57,8.22,66.4,4,Not Scheduled,Late shift start,97.95,2.09
909,ORD-87120,2026-01-18,Unknown,MC-025,Conveyor Unit,3.9,Evening,OP0047,P. Rao,Metal Bracket,Steel,Precision Components Co,200,631,560,6,A+,No,31.9,44.59,78.7,29.6,0.66,129.78,12.02,41.74,6.58,52.9,23,OK,OK,88.75,1.07
910,ORD-60930,2026-06-20,Plant B,MC-008,CNC Lathe,14.0,Morning,OP0073,P. Rao,Industrial Fastener,Polycarbonate,MetalWorks Pvt Ltd,300,505,497,6,Reject,Yes,19.3,45.55,80.0,43.2,0.36,244.04,15.09,59.3,8.44,71.6,35,Not Scheduled,No Remarks,98.42,1.21
911,ORD-86528,2026-07-10,Unknown,MC-034,Welding Robot,9.5,Morning,OP0063,N. Fernandes,Consumer Plastics,Cast Iron,SteelCorp Ltd,100,468,424,7,B,No,45.7,19.47,68.8,41.3,3.66,154.34,18.95,68.02,4.86,80.6,39,Not Scheduled,No Remarks,90.6,1.65
912,ORD-12766,2025-10-25,Plant C,MC-020,Welding Robot,11.6,Morning,OP0070,A. Iyer,Metal Bracket,Aluminum,Global Alloys,250,419,365,9,A,Yes,32.0,54.9,58.1,47.9,1.3,153.99,11.53,55.65,9.22,47.6,2,Due,No Remarks,87.11,2.47
913,ORD-93986,2026-06-11,Plant B,MC-021,Press Brake,12.2,Evening,OP0035,Unknown,Packaging Unit,Steel,Global Alloys,200,728,704,16,A+,Not Recorded,9.4,53.15,66.9,40.0,0.68,142.85,17.36,277.68,8.1,83.4,74,OK,unknown issue,96.7,2.27
914,ORD-46318,2026-08-21,Plant B,MC-032,Assembly Line,2.2,Night,OP0059,Unknown,Consumer Plastics,ABS Plastic,Global Alloys,250,599,574,16,B,No,63.1,33.56,77.7,44.0,1.93,66.22,17.95,277.74,7.42,61.7,0,Due,No Remarks,95.83,2.79
915,ORD-80119,2026-05-12,Plant B,MC-025,3D Printer,4.0,Morning,OP0103,Unknown,Industrial Fastener,Polycarbonate,Global Alloys,50,521,504,4,B,Yes,39.6,58.73,71.6,50.1,0.07,168.29,20.06,68.22,6.82,79.2,22,Not Scheduled,Material shortage,96.74,0.79
916,ORD-45884,2026-07-21,Plant B,MC-036,Stamping Press,8.6,Evening,OP0041,Unknown,Medical Device Part,Steel,Poly Materials Inc,300,502,405,4,B,Yes,9.7,77.51,73.9,42.5,2.68,49.33,16.83,64.52,11.78,92.7,21,Due,Line stopped briefly,80.68,0.99
917,ORD-36462,2025-10-26,Plant A,MC-008,CNC Mill,9.4,Morning,OP0006,Unknown,Electronics Housing,ABS Plastic,SteelCorp Ltd,200,405,377,11,B,Yes,42.6,41.92,65.9,40.1,1.4,130.32,12.43,75.15,7.12,77.1,59,OK,Material shortage,93.09,2.92
918,ORD-30191,2026-02-09,Plant E,MC-036,Press Brake,7.2,Morning,OP0020,A. Iyer,Industrial Fastener,Aluminum,Global Alloys,200,477,456,8,A+,Yes,29.3,61.69,72.2,46.2,0.82,138.09,3.13,22.22,8.09,47.5,25,Not Scheduled,customer complaint logged,95.6,1.75
919,ORD-49048,2026-02-01,Plant C,MC-010,3D Printer,7.8,Evening,OP0056,R. Sharma,Consumer Plastics,Cast Iron,Precision Components Co,200,515,420,9,A,Yes,33.0,43.08,62.7,19.8,1.99,158.38,13.77,121.93,9.08,41.0,42,OK,unknown issue,81.55,2.14
920,ORD-65377,2026-02-10,Plant C,MC-030,Stamping Press,5.1,Evening,OP0069,N. Fernandes,Consumer Plastics,Polycarbonate,MetalWorks Pvt Ltd,300,392,363,8,A+,Not Recorded,19.6,45.35,77.8,55.5,1.11,104.26,39.32,173.0,6.94,83.3,63,Scheduled,No Remarks,92.6,2.2
921,ORD-98846,2026-01-10,Plant C,MC-014,Conveyor Unit,3.4,Night,OP0015,L. D'Souza,Packaging Unit,Cast Iron,MetalWorks Pvt Ltd,250,272,266,3,A,Not Recorded,6.7,20.89,66.3,46.9,1.93,140.13,9.99,29.24,6.31,75.2,7,Due,Routine check,97.79,1.13
922,ORD-13918,2026-08-18,Plant B,MC-035,Laser Cutter,11.5,Morning,OP0092,S. Kumar,Packaging Unit,Steel,Poly Materials Inc,300,323,273,7,A,Yes,4.5,71.54,76.2,46.8,2.21,130.14,21.45,89.06,10.44,57.9,18,Not Scheduled,No Remarks,84.52,2.56
923,ORD-90082,2026-02-08,Plant C,MC-012,Injection Molder,14.5,Evening,OP0009,L. D'Souza,Metal Bracket,Polycarbonate,Global Alloys,300,539,578,10,A,Yes,33.1,34.78,61.6,49.6,3.41,151.8,41.39,241.04,7.73,55.0,22,Due,Routine check,107.24,1.73
924,ORD-15946,2026-03-19,Plant A,MC-014,Press Brake,4.0,Morning,OP0019,M. Naidu,Packaging Unit,Cast Iron,Global Alloys,200,364,345,2,A,Yes,11.8,52.31,65.0,52.4,0.65,96.72,39.03,62.55,7.36,79.9,24,Not Scheduled,customer complaint logged,94.78,0.58
925,ORD-10973,2026-07-25,Plant C,MC-016,CNC Lathe,5.3,Night,OP0034,L. D'Souza,Aerospace Component,Steel,Poly Materials Inc,150,383,364,10,B,No,25.7,37.15,69.0,58.3,0.88,73.47,28.38,187.5,6.84,92.2,1,Overdue,OK,95.04,2.75
926,ORD-51182,2026-04-29,Plant C,MC-023,CNC Lathe,9.5,Morning,OP0106,L. D'Souza,Aerospace Component,Steel,Precision Components Co,150,638,603,10,C,Yes,15.1,42.66,79.5,47.6,3.21,120.33,38.85,232.18,8.31,79.2,24,Due,Material shortage,94.51,1.66
927,ORD-64720,2026-01-20,Plant B,MC-039,Press Brake,5.6,Unknown,OP0065,M. Naidu,Automotive Parts,Copper,Poly Materials Inc,150,482,423,7,A,Yes,36.2,70.58,77.9,37.2,2.47,106.0,44.71,193.24,6.29,97.2,7,Not Scheduled,No Remarks,87.76,1.65
928,ORD-10931,2026-03-24,Plant B,MC-009,Welding Robot,2.7,Morning,OP0098,A. Iyer,Medical Device Part,ABS Plastic,Precision Components Co,300,843,737,18,B,Yes,12.6,36.89,73.3,53.9,0.29,140.36,21.41,255.84,9.2,74.5,20,Not Scheduled,unknown issue,87.43,2.44
929,ORD-18779,2026-07-17,Plant A,MC-015,Welding Robot,1.4,Morning,OP0077,L. D'Souza,Electronics Housing,Aluminum,SteelCorp Ltd,250,422,381,11,B,Yes,42.2,56.33,69.4,68.7,2.79,166.27,35.46,197.13,9.54,47.2,53,Scheduled,No Remarks,90.28,2.89
930,ORD-66387,2026-01-17,Plant E,MC-005,Assembly Line,8.0,Morning,OP0049,M. Naidu,Medical Device Part,Cast Iron,Poly Materials Inc,50,675,698,17,B,No,38.6,58.71,87.5,58.2,0.68,131.29,10.23,140.75,9.23,58.8,16,OK,No Remarks,103.41,2.44
931,ORD-36864,2026-01-11,Plant C,MC-039,Conveyor Unit,12.1,Morning,OP0114,N. Fernandes,Aerospace Component,Steel,Global Alloys,200,472,469,8,Reject,Yes,28.0,57.56,68.4,38.7,1.02,111.79,37.45,161.22,8.4,52.6,34,Scheduled,customer complaint logged,99.36,1.71
932,ORD-85088,2026-02-09,Plant C,MC-022,Welding Robot,11.9,Morning,OP0082,M. Naidu,Home Appliance Component,Unknown,Precision Components Co,50,546,616,18,Reject,Yes,17.0,43.81,76.3,41.5,2.45,118.8,19.63,244.44,7.65,50.1,17,Due,No Remarks,112.82,2.92
933,ORD-51889,2026-04-22,Plant A,MC-016,CNC Mill,5.0,Morning,OP0072,A. Iyer,Medical Device Part,Polycarbonate,Global Alloys,300,548,479,11,Not Graded,No,13.9,48.83,71.4,44.0,3.15,76.4,43.72,349.16,8.52,66.3,18,OK,Line stopped briefly,87.41,2.3
934,ORD-88643,2026-07-20,Plant D,MC-033,Laser Cutter,1.8,Morning,OP0051,M. Naidu,Industrial Fastener,Copper,Precision Components Co,250,394,307,7,A,No,36.6,15.89,73.8,59.1,2.62,117.84,12.21,48.75,6.32,76.3,14,Scheduled,No Remarks,77.92,2.28
935,ORD-59828,2026-06-06,Plant B,MC-027,Press Brake,9.5,Morning,OP0036,A. Iyer,Home Appliance Component,Copper,SteelCorp Ltd,50,545,574,7,B,Yes,44.4,38.08,70.7,47.2,2.16,114.06,16.61,99.55,8.21,76.2,29,Not Scheduled,customer complaint logged,105.32,1.22
936,ORD-83783,2025-12-10,Plant B,MC-004,Welding Robot,11.5,Night,OP0081,Unknown,Consumer Plastics,Aluminum,SteelCorp Ltd,150,632,462,14,B,No,34.1,56.07,69.1,64.2,2.38,70.41,10.8,95.46,8.34,74.8,34,OK,No Remarks,73.1,3.03
937,ORD-77590,2025-11-28,Plant A,MC-040,CNC Lathe,8.5,Morning,OP0008,M. Naidu,Medical Device Part,Polycarbonate,SteelCorp Ltd,300,333,274,3,B,Yes,0.2,30.91,76.9,30.3,1.52,136.57,28.88,45.36,4.54,91.8,32,Not Scheduled,Power fluctuation,82.28,1.09
938,ORD-33393,2026-02-04,Plant C,MC-035,3D Printer,11.0,Morning,OP0004,P. Rao,Aerospace Component,Copper,Poly Materials Inc,150,481,385,8,Not Graded,Yes,18.1,32.52,73.6,38.6,5.4,140.97,43.01,257.92,7.27,68.9,47,Not Scheduled,Power fluctuation,80.04,2.08
939,ORD-46829,2025-11-08,Plant A,MC-006,Conveyor Unit,6.6,Evening,OP0023,S. Kumar,Industrial Fastener,Polycarbonate,Poly Materials Inc,200,580,495,7,Not Graded,No,554.6,38.94,73.8,38.4,3.07,80.91,11.75,79.44,7.07,50.2,38,Due,No Remarks,85.34,1.41
940,ORD-51229,2025-11-04,Plant D,MC-012,3D Printer,8.8,Evening,OP0013,A. Iyer,Consumer Plastics,Cast Iron,Unknown,150,408,355,3,A,No,57.6,52.1,68.6,50.7,3.47,126.96,6.43,18.83,10.14,66.6,9,Due,Line stopped briefly,87.01,0.85
941,ORD-43092,2026-07-29,Plant B,MC-007,Press Brake,2.2,Evening,Unknown,Unknown,Consumer Plastics,Polycarbonate,Poly Materials Inc,150,641,599,12,A,No,8.8,56.66,73.8,61.4,0.85,144.01,21.09,199.18,10.17,92.4,13,OK,Material shortage,93.45,2.0
942,ORD-54345,2026-02-08,Plant B,MC-039,CNC Lathe,2.7,Evening,OP0070,Unknown,Electronics Housing,Steel,SteelCorp Ltd,100,384,384,14,B,No,1.0,50.04,70.9,58.7,2.68,206.63,4.58,54.35,6.42,90.7,34,Due,Line stopped briefly,100.0,3.65
943,ORD-31940,2026-05-16,Plant B,MC-039,Stamping Press,10.4,Morning,OP0008,Unknown,Industrial Fastener,ABS Plastic,Poly Materials Inc,300,535,434,8,Not Graded,Not Recorded,32.6,56.45,63.7,41.7,2.56,116.2,22.03,133.64,8.19,62.9,28,Due,Material shortage,81.12,1.84
944,ORD-35391,2025-12-29,Plant D,MC-039,Injection Molder,11.2,Morning,OP0101,P. Rao,Electronics Housing,Aluminum,Global Alloys,50,681,655,17,A,No,43.8,42.37,78.7,38.3,2.31,140.0,19.29,247.18,8.57,43.0,40,OK,Routine check,96.18,2.6
945,ORD-21177,2025-12-07,Plant A,MC-005,Stamping Press,12.3,Evening,OP0017,A. Iyer,Packaging Unit,Aluminum,Poly Materials Inc,250,475,518,7,Not Graded,No,5.3,32.16,67.0,43.3,3.08,145.92,39.37,216.49,9.74,70.5,23,Due,customer complaint logged,109.05,1.35
946,ORD-86865,2026-05-30,Plant B,MC-005,CNC Lathe,5.2,Morning,OP0051,Unknown,Automotive Parts,Unknown,Global Alloys,300,281,245,6,A+,Not Recorded,12.6,42.42,65.2,54.4,3.8,168.85,15.73,71.32,6.93,79.3,26,Not Scheduled,No Remarks,87.19,2.45
947,ORD-99918,2025-10-07,Plant A,MC-038,CNC Mill,8.8,Evening,OP0055,R. Sharma,Automotive Parts,Aluminum,Global Alloys,250,544,473,7,B,No,50.8,36.65,72.8,61.3,1.45,138.62,40.31,266.92,6.47,65.4,31,Due,Routine check,86.95,1.48
948,ORD-81646,2026-04-03,Plant B,MC-032,Injection Molder,10.6,Morning,OP0005,N. Fernandes,Packaging Unit,Polycarbonate,Global Alloys,300,632,581,18,A,Yes,31.0,40.4,59.7,41.8,2.0,61.84,24.52,391.13,8.43,70.3,29,Not Scheduled,No Remarks,91.93,3.1
949,ORD-44581,2025-11-02,Plant D,MC-034,Assembly Line,10.6,Night,OP0062,Unknown,Metal Bracket,Copper,Global Alloys,300,572,644,15,A,Not Recorded,10.4,47.05,78.0,29.8,1.48,89.89,27.03,302.63,8.38,48.5,12,Not Scheduled,No Remarks,112.59,2.33
950,ORD-84647,2026-04-10,Plant E,MC-004,Assembly Line,12.1,Morning,OP0074,K. Verma,Automotive Parts,ABS Plastic,SteelCorp Ltd,100,438,457,6,Not Graded,Not Recorded,45.4,36.37,66.8,50.5,1.53,136.25,15.36,62.79,8.83,47.6,2,Due,Power fluctuation,104.34,1.31
951,ORD-44866,2026-01-16,Plant A,MC-021,Laser Cutter,11.5,Night,OP0116,S. Kumar,Metal Bracket,Copper,Global Alloys,50,387,326,8,A,No,18.3,34.76,58.4,33.3,3.67,133.93,43.55,282.83,6.77,40.5,8,OK,OK,84.24,2.45
952,ORD-72573,2026-01-11,Plant A,MC-037,Laser Cutter,6.1,Morning,OP0063,K. Verma,Home Appliance Component,Steel,Poly Materials Inc,200,523,541,20,A,No,60.5,45.48,65.9,48.2,2.42,168.54,14.83,263.94,6.71,90.5,18,OK,customer complaint logged,103.44,3.7
953,ORD-42457,2026-08-22,Plant C,MC-018,Conveyor Unit,10.4,Morning,OP0100,P. Rao,Medical Device Part,Steel,SteelCorp Ltd,50,598,545,9,A+,No,84.1,67.78,65.2,39.6,6.17,82.24,2.63,15.29,7.27,55.4,32,Not Scheduled,Material shortage,91.14,1.65
954,ORD-98027,2026-02-28,Plant C,MC-018,Laser Cutter,8.3,Night,OP0036,Unknown,Consumer Plastics,Polycarbonate,Precision Components Co,200,226,205,3,A,Yes,20.7,42.47,80.6,50.2,2.73,136.18,26.89,60.95,7.56,61.3,22,OK,customer complaint logged,90.71,1.46
955,ORD-79817,2025-11-26,Plant C,MC-011,3D Printer,7.1,Evening,OP0077,P. Rao,Industrial Fastener,Steel,Global Alloys,200,590,555,8,B,Not Recorded,28.7,37.08,58.8,38.9,3.87,107.24,19.46,149.81,8.02,75.7,34,Scheduled,customer complaint logged,94.07,1.44
956,ORD-33706,2025-12-05,Plant B,MC-011,CNC Mill,6.6,Night,OP0104,M. Naidu,Metal Bracket,Aluminum,SteelCorp Ltd,150,418,398,16,Not Graded,Yes,48.8,54.11,66.1,45.2,2.13,110.59,41.5,651.97,6.38,60.8,25,Overdue,No Remarks,95.22,4.02
957,ORD-64657,2026-03-15,Plant C,MC-010,Press Brake,14.3,Night,OP0002,P. Rao,Industrial Fastener,Steel,Poly Materials Inc,100,487,493,9,B,No,19.4,58.81,73.0,48.6,1.72,143.66,40.57,205.96,7.6,55.9,28,Not Scheduled,No Remarks,101.23,1.83
958,ORD-72988,2026-06-14,Plant B,MC-009,Conveyor Unit,14.7,Morning,OP0104,P. Rao,Packaging Unit,Aluminum,SteelCorp Ltd,150,453,432,8,C,No,27.4,57.5,51.8,40.9,1.81,117.57,18.81,116.52,11.53,71.3,30,OK,Material shortage,95.36,1.85
959,ORD-43801,2025-11-26,Plant A,MC-020,Stamping Press,13.2,Morning,OP0017,K. Verma,Packaging Unit,Unknown,SteelCorp Ltd,150,348,333,10,A,No,16.7,47.41,76.1,44.6,1.1,116.53,44.06,272.21,6.68,46.5,39,Due,Power fluctuation,95.69,3.0
960,ORD-16708,2026-07-29,Plant C,MC-027,Laser Cutter,11.8,Morning,OP0050,K. Verma,Metal Bracket,Cast Iron,Unknown,250,529,538,9,A,Yes,8.7,47.7,75.1,52.6,0.58,125.14,22.5,122.07,6.93,93.5,4,Not Scheduled,OK,101.7,1.67
961,ORD-42285,2025-12-12,Plant E,MC-017,3D Printer,12.7,Morning,OP0097,Unknown,Automotive Parts,Cast Iron,MetalWorks Pvt Ltd,150,376,338,6,A+,Yes,48.3,22.67,69.0,55.3,1.55,80.41,39.34,225.86,9.94,100.0,63,Due,OK,89.89,1.78
962,ORD-42435,2026-02-11,Plant D,MC-016,CNC Lathe,4.8,Night,OP0065,P. Rao,Home Appliance Component,Polycarbonate,SteelCorp Ltd,300,375,388,12,Reject,Yes,0.2,42.76,68.5,51.4,2.01,137.03,6.99,64.97,8.44,77.2,42,OK,unknown issue,103.47,3.09
963,ORD-67779,2026-01-30,Unknown,MC-037,Welding Robot,6.5,Evening,OP0073,R. Sharma,Packaging Unit,Polycarbonate,Unknown,50,793,745,22,A,No,27.0,47.69,60.9,50.7,4.55,167.09,41.84,523.19,8.15,66.1,34,Scheduled,No Remarks,93.95,2.95
964,ORD-92254,2026-05-31,Plant C,MC-019,Stamping Press,12.7,Evening,OP0115,R. Sharma,Packaging Unit,Steel,MetalWorks Pvt Ltd,200,408,408,5,Not Graded,Yes,19.5,58.29,65.4,17.9,2.34,126.32,15.73,67.49,11.7,40.2,15,Overdue,unknown issue,100.0,1.23
965,ORD-94252,2025-11-13,Plant C,MC-005,Stamping Press,2.2,Morning,OP0050,L. D'Souza,Medical Device Part,Aluminum,SteelCorp Ltd,100,788,731,17,Reject,Yes,6.9,45.45,65.6,44.0,1.87,94.38,36.52,491.05,8.96,51.6,74,Due,No Remarks,92.77,2.33
966,ORD-27635,2026-08-31,Plant E,MC-003,Conveyor Unit,3.6,Evening,OP0054,S. Kumar,Electronics Housing,Polycarbonate,Poly Materials Inc,50,427,394,15,C,Not Recorded,17.2,48.51,69.3,37.6,2.28,175.6,21.28,290.51,8.35,49.5,15,Not Scheduled,Line stopped briefly,92.27,3.81
967,ORD-10593,2026-05-04,Plant D,MC-023,Conveyor Unit,3.0,Morning,OP0077,M. Naidu,Electronics Housing,Cast Iron,Precision Components Co,300,695,735,13,A+,Not Recorded,17.4,51.54,67.9,35.6,2.01,72.65,43.02,502.97,8.35,51.3,18,OK,Routine check,105.76,1.77
968,ORD-53866,2026-07-19,Plant A,MC-023,Laser Cutter,4.5,Morning,OP0026,S. Kumar,Aerospace Component,Steel,Poly Materials Inc,100,350,276,5,A,Yes,6.7,35.89,60.8,48.9,4.12,71.11,19.12,74.4,8.28,56.2,17,Not Scheduled,No Remarks,78.86,1.81
969,ord3284,2026-03-11,Plant E,MC-023,3D Printer,10.8,Night,OP0031,P. Rao,Home Appliance Component,Unknown,Poly Materials Inc,150,406,340,6,B,No,54.6,29.19,64.1,74.2,1.21,176.69,9.6,40.12,7.1,82.3,8,OK,Material shortage,83.74,1.76
970,ORD-46817,2025-12-25,Plant B,MC-029,Assembly Line,4.6,Morning,OP0063,M. Naidu,Medical Device Part,Aluminum,MetalWorks Pvt Ltd,200,493,472,5,A,No,38.6,51.53,76.0,42.9,1.43,153.21,37.85,125.11,7.12,59.1,53,Due,Late shift start,95.74,1.06
971,ORD-21683,2026-02-21,Plant D,MC-031,CNC Mill,4.8,Evening,OP0089,K. Verma,Aerospace Component,Aluminum,MetalWorks Pvt Ltd,150,728,736,15,Reject,Yes,44.2,36.31,62.2,12.1,3.64,173.91,7.9,85.14,8.75,60.7,35,Not Scheduled,Late shift start,101.1,2.04
972,ORD-10746,2025-10-24,Plant C,MC-030,Welding Robot,13.2,Morning,OP0004,L. D'Souza,Aerospace Component,Steel,MetalWorks Pvt Ltd,50,570,550,7,C,No,35.2,34.72,65.0,40.6,2.58,143.65,14.53,93.26,6.45,40.6,22,Due,No Remarks,96.49,1.27
973,ORD-46890,2026-04-25,Plant D,MC-008,Press Brake,2.9,Evening,OP0067,M. Naidu,Consumer Plastics,Steel,Precision Components Co,150,306,283,4,Not Graded,Not Recorded,7.4,39.71,81.9,35.7,1.98,167.27,18.0,57.03,5.6,60.2,15,Not Scheduled,Late shift start,92.48,1.41
974,ORD-83389,2026-01-25,Plant D,MC-007,CNC Mill,13.4,Evening,OP0097,M. Naidu,Aerospace Component,Polycarbonate,MetalWorks Pvt Ltd,250,605,612,13,Not Graded,Yes,10.3,57.39,81.1,39.2,1.16,124.86,20.68,159.93,7.11,59.2,33,Scheduled,unknown issue,101.16,2.12
975,ORD-62205,2026-07-10,Plant A,MC-001,Injection Molder,14.1,Morning,OP0110,A. Iyer,Metal Bracket,Copper,SteelCorp Ltd,50,490,450,14,A,Yes,20.3,30.91,63.3,54.3,0.36,125.96,39.59,326.83,5.61,88.8,18,Not Scheduled,Routine check,91.84,3.11
976,ORD-18027,2026-09-02,Plant D,MC-009,Press Brake,6.9,Night,Unknown,Unknown,Electronics Housing,Steel,Global Alloys,50,674,598,12,C,Yes,10.3,39.07,58.5,25.7,4.55,96.07,10.56,80.57,9.76,56.1,43,Scheduled,OK,88.72,2.01
977,ORD-64005,2025-11-19,Plant A,MC-008,Conveyor Unit,3.6,Night,OP0044,A. Iyer,Medical Device Part,Steel,SteelCorp Ltd,50,603,506,16,A,Not Recorded,18.3,46.79,78.8,24.8,2.26,77.68,19.98,319.42,10.51,55.6,34,Due,Material shortage,83.91,3.16
978,ORD-28058,2026-03-15,Plant C,MC-027,CNC Lathe,10.0,Evening,OP0114,P. Rao,Consumer Plastics,Aluminum,Precision Components Co,300,390,370,7,Not Graded,Not Recorded,4.7,44.68,62.1,57.5,2.55,134.21,21.41,85.37,4.95,59.7,34,Overdue,No Remarks,94.87,1.89
979,ORD-80663,2025-12-03,Plant D,MC-013,CNC Lathe,9.8,Morning,OP0095,Unknown,Metal Bracket,Cast Iron,SteelCorp Ltd,175,207,203,3,C,Yes,15.8,48.22,58.0,59.4,1.32,61.39,5.12,8.99,8.44,49.4,14,OK,unknown issue,98.07,1.48
980,ORD-21761,2025-10-17,Plant B,MC-026,Laser Cutter,9.0,Evening,OP0091,Unknown,Metal Bracket,Polycarbonate,Precision Components Co,200,340,336,3,B,Not Recorded,5.9,46.7,83.7,30.7,3.43,143.79,36.97,90.65,7.55,49.3,41,Not Scheduled,No Remarks,98.82,0.89
981,ORD-19549,2025-11-25,Plant D,MC-033,Welding Robot,11.1,Evening,OP0042,K. Verma,Consumer Plastics,Steel,Unknown,200,750,650,9,Reject,Yes,21.2,47.01,71.7,38.2,0.63,92.56,39.58,286.51,9.43,79.9,7,Overdue,No Remarks,86.67,1.38
982,ORD-91327,2026-01-07,Plant A,MC-018,Assembly Line,7.3,Morning,OP0023,N. Fernandes,Electronics Housing,Unknown,Global Alloys,200,539,578,12,Not Graded,Yes,45.1,43.76,58.2,39.5,1.95,11.23,40.26,404.82,10.0,69.8,36,Not Scheduled,unknown issue,107.24,2.08
983,ORD-40262,2026-01-29,Plant C,MC-036,Press Brake,10.5,Night,OP0108,N. Fernandes,Packaging Unit,Copper,Poly Materials Inc,200,516,443,10,A,Yes,10.3,53.17,68.3,53.9,0.94,70.29,39.91,359.1,7.79,64.8,3,OK,Late shift start,85.85,2.26
984,ORD-30669,2026-01-24,Plant A,MC-027,Welding Robot,4.7,Morning,OP0029,R. Sharma,Medical Device Part,Unknown,Global Alloys,50,442,428,4,A+,Not Recorded,8.0,55.2,69.9,44.5,1.25,72.56,18.59,65.83,6.51,80.3,29,Overdue,Late shift start,96.83,0.93
985,ORD-79188,2026-06-27,Plant B,MC-022,Assembly Line,1.0,Morning,OP0069,S. Kumar,Metal Bracket,ABS Plastic,Unknown,175,379,311,9,A,No,7.3,45.98,86.3,29.5,2.18,56.5,7.74,41.26,6.91,54.9,49,Overdue,unknown issue,82.06,2.89
986,ORD-80931,2026-03-30,Plant A,MC-036,Press Brake,11.4,Evening,OP0027,Unknown,Home Appliance Component,Aluminum,Global Alloys,250,525,459,8,Reject,No,10.9,45.43,64.9,39.2,3.1,182.58,18.51,100.84,8.67,60.0,46,Scheduled,No Remarks,87.43,1.74
987,ORD-69848,2026-05-11,Plant A,MC-021,Injection Molder,3.6,Night,OP0119,Unknown,Medical Device Part,Aluminum,MetalWorks Pvt Ltd,150,292,279,4,A,Yes,51.4,36.58,70.3,35.1,0.52,72.24,42.77,164.12,6.28,72.8,59,Overdue,Routine check,95.55,1.43
988,ORD-58023,2025-10-06,Plant A,MC-002,Welding Robot,7.8,Evening,OP0093,N. Fernandes,Aerospace Component,Polycarbonate,Global Alloys,150,622,524,14,C,Yes,34.5,31.67,72.7,31.2,2.4,92.55,21.48,160.23,6.78,52.6,37,Due,Line stopped briefly,84.24,2.67
989,ORD-68491,2026-03-15,Plant A,MC-011,CNC Mill,4.3,Morning,OP0091,M. Naidu,Metal Bracket,Aluminum,Poly Materials Inc,150,402,376,7,A+,No,27.6,62.87,88.4,40.1,2.74,139.94,4.21,17.37,6.78,63.5,43,OK,Late shift start,93.53,1.86
990,ORD-88525,2026-05-29,Plant D,MC-037,Press Brake,0.4,Morning,OP0045,K. Verma,Automotive Parts,Steel,Precision Components Co,250,537,527,6,Not Graded,Yes,57.2,36.72,75.0,53.5,1.33,90.84,11.13,66.68,9.05,93.3,34,Not Scheduled,OK,98.14,1.14
991,ORD-48625,2026-05-03,Plant D,MC-040,Laser Cutter,11.6,Morning,OP0038,Unknown,Metal Bracket,Unknown,Poly Materials Inc,100,569,450,8,Not Graded,Yes,11.7,45.2,59.9,52.6,1.62,90.53,2.86,14.36,7.47,96.2,23,Due,Late shift start,79.09,1.78
992,ORD-69989,2026-04-10,Plant B,MC-034,Welding Robot,1.9,Night,OP0024,R. Sharma,Packaging Unit,Aluminum,MetalWorks Pvt Ltd,200,501,455,14,A,Not Recorded,41.8,69.35,59.8,44.0,1.42,136.84,5.04,68.08,10.48,60.6,3,Not Scheduled,customer complaint logged,90.82,3.08
993,ORD-45765,2026-01-26,Plant A,MC-026,Conveyor Unit,6.2,Night,OP0015,M. Naidu,Aerospace Component,Unknown,SteelCorp Ltd,250,420,446,16,Reject,No,37.5,41.81,70.7,57.8,1.85,58.4,25.58,311.25,7.58,57.5,10,Scheduled,No Remarks,106.19,3.59
994,ORD-93738,2025-10-28,Plant E,MC-021,Welding Robot,10.0,Evening,OP0030,A. Iyer,Home Appliance Component,Steel,Poly Materials Inc,250,734,693,13,A,Yes,51.5,58.06,85.6,47.7,0.96,104.58,23.39,271.63,5.6,67.7,23,Not Scheduled,Power fluctuation,94.41,1.88
995,ORD-54085,2026-09-07,Plant C,MC-007,Conveyor Unit,6.2,Night,OP0020,Unknown,Metal Bracket,Polycarbonate,Global Alloys,300,490,505,14,B,No,1.6,53.26,65.8,63.3,1.69,101.02,30.53,251.72,8.16,81.5,25,Due,No Remarks,103.06,2.77
996,ORD-79888,2026-06-16,Plant E,MC-035,Conveyor Unit,5.9,Morning,OP0078,P. Rao,Packaging Unit,Aluminum,Global Alloys,250,604,565,15,A,Yes,19.6,34.99,52.5,47.8,3.28,112.1,7.71,63.21,10.57,93.8,25,Due,Power fluctuation,93.54,2.65
997,ORD-45100,2026-03-24,Plant B,MC-002,Stamping Press,9.7,Unknown,Unknown,R. Sharma,Industrial Fastener,Aluminum,SteelCorp Ltd,100,406,342,4,B,No,11.7,67.95,71.5,29.7,0.97,123.29,31.72,82.17,9.44,51.6,10,OK,customer complaint logged,84.24,1.17
998,ORD-63112,2026-06-09,Plant D,MC-012,Assembly Line,0.9,Morning,OP0075,A. Iyer,Aerospace Component,Polycarbonate,Precision Components Co,150,763,728,10,C,No,6.1,38.14,79.4,44.7,0.0,127.46,44.34,319.93,10.79,85.2,0,Overdue,customer complaint logged,95.41,1.37
999,ORD-55074,2026-08-16,Plant B,MC-039,Welding Robot,10.8,Morning,OP0115,Unknown,Industrial Fastener,Copper,Unknown,200,236,225,6,C,Yes,30.8,39.83,76.2,49.8,3.19,72.08,2.61,12.77,7.33,74.5,59,OK,Routine check,95.34,2.67
1000,ORD-18292,2026-07-20,Plant E,MC-013,Injection Molder,6.9,Evening,OP0026,N. Fernandes,Automotive Parts,ABS Plastic,MetalWorks Pvt Ltd,150,507,441,12,B,No,31.1,33.17,66.3,54.0,1.36,90.37,33.78,276.99,6.84,40.5,5,Not Scheduled,unknown issue,86.98,2.72
1001,ORD-31639,2025-12-27,Plant E,MC-039,CNC Lathe,2.8,Night,OP0114,K. Verma,Home Appliance Component,Steel,Poly Materials Inc,150,416,467,7,Reject,Yes,6.7,65.08,53.5,49.3,3.0,148.76,34.8,173.06,5.37,88.6,13,Due,Late shift start,112.26,1.5
1002,ORD-60123,2026-04-26,Plant B,MC-007,CNC Lathe,4.9,Unknown,OP0075,M. Naidu,Medical Device Part,Aluminum,Global Alloys,100,472,443,7,B,Yes,21.0,56.57,58.2,46.2,1.16,110.5,41.06,279.15,8.73,83.3,56,Overdue,No Remarks,93.86,1.58
1003,ORD-46152,2026-06-30,Plant C,MC-026,Laser Cutter,5.1,Evening,OP0085,S. Kumar,Medical Device Part,Aluminum,Poly Materials Inc,200,554,499,11,B,No,28.7,46.14,53.4,14.9,2.49,124.88,25.64,205.58,7.11,49.8,29,OK,Power fluctuation,90.07,2.2
1004,ORD-26154,2025-12-06,Plant B,MC-027,CNC Mill,3.7,Morning,OP0046,L. D'Souza,Medical Device Part,Aluminum,SteelCorp Ltd,200,653,597,11,A+,Not Recorded,28.3,36.39,51.1,62.6,5.99,103.36,19.01,201.49,6.7,69.0,6,Overdue,OK,91.42,1.84
1005,ORD-45222,2026-01-31,Plant D,MC-007,Welding Robot,3.4,Morning,OP0030,S. Kumar,Packaging Unit,Polycarbonate,Global Alloys,300,476,470,6,C,Not Recorded,11.7,39.74,51.9,50.6,2.57,102.97,27.44,148.15,6.65,78.3,11,OK,Line stopped briefly,98.74,1.28
1006,ORD-14529,2026-09-14,Plant B,MC-002,Laser Cutter,13.2,Evening,OP0041,M. Naidu,Packaging Unit,Steel,Unknown,200,652,633,7,A,Yes,50.0,46.18,65.7,43.4,1.81,149.61,10.93,50.81,9.09,90.0,7,Overdue,No Remarks,97.09,1.11
1007,ORD-32041,2025-12-22,Plant B,MC-008,CNC Mill,11.7,Morning,OP0046,Unknown,Metal Bracket,Unknown,SteelCorp Ltd,250,641,550,13,B,Not Recorded,51.1,47.55,67.4,27.8,0.66,132.28,26.23,239.78,6.99,63.8,5,OK,Routine check,85.8,2.36
1008,ORD-25029,2025-11-26,Unknown,MC-004,Laser Cutter,11.9,Morning,OP0091,Unknown,Packaging Unit,Steel,Global Alloys,50,664,550,8,A,Yes,14.6,41.75,54.6,40.2,1.97,98.02,2.91,21.62,8.64,96.1,47,Scheduled,Routine check,82.83,1.45
1009,ORD-72092,2025-10-21,Plant E,MC-036,Conveyor Unit,7.1,Morning,OP0069,P. Rao,Medical Device Part,Unknown,Global Alloys,150,710,704,7,B,Yes,17.7,46.55,55.4,55.9,2.87,139.51,44.69,231.88,6.38,76.1,42,OK,Routine check,99.15,0.99
1010,ORD-18707,2026-07-11,Plant D,MC-032,Welding Robot,14.0,Morning,OP0074,P. Rao,Packaging Unit,Copper,Poly Materials Inc,200,675,647,17,C,No,6.9,26.08,52.2,47.8,3.38,151.95,17.85,159.52,9.35,71.7,48,Due,unknown issue,95.85,2.63
1011,ORD-17162,2026-05-27,Plant A,MC-030,Stamping Press,12.7,Morning,OP0014,S. Kumar,Electronics Housing,Polycarbonate,Global Alloys,300,492,491,6,A,Yes,41.4,47.77,61.9,31.5,0.16,138.07,12.11,62.36,5.24,42.4,58,Scheduled,Late shift start,99.8,1.22
1012,ORD-69382,2025-12-21,Plant A,MC-011,Assembly Line,5.0,Morning,OP0098,S. Kumar,Packaging Unit,Aluminum,MetalWorks Pvt Ltd,100,672,635,10,C,Not Recorded,44.9,60.61,50.0,36.5,2.74,142.55,4.7,39.41,6.72,59.5,34,Not Scheduled,OK,94.49,1.57
1013,ORD-15559,2026-08-24,Plant B,MC-037,CNC Mill,10.2,Evening,OP0040,M. Naidu,Electronics Housing,Cast Iron,Precision Components Co,300,303,328,7,A+,No,12.4,44.65,74.9,52.8,2.41,118.47,38.09,157.49,8.92,94.8,10,Overdue,No Remarks,108.25,2.13
1014,ORD-12239,2025-12-11,Unknown,MC-037,Assembly Line,2.0,Morning,OP0003,Unknown,Consumer Plastics,Steel,MetalWorks Pvt Ltd,150,557,532,11,Reject,Yes,50.7,43.48,65.6,33.3,0.89,84.14,27.53,252.4,7.2,54.7,6,Not Scheduled,OK,95.51,2.07
1015,ORD-87283,2026-01-11,Plant D,MC-009,Stamping Press,6.5,Night,OP0009,A. Iyer,Home Appliance Component,Steel,SteelCorp Ltd,50,416,407,9,A,No,52.8,46.77,62.6,27.9,0.23,133.18,12.9,105.98,8.8,78.4,45,Scheduled,OK,97.84,2.21
1016,ORD-60125,2026-04-19,Plant C,MC-017,CNC Mill,8.7,Evening,OP0094,Unknown,Automotive Parts,Steel,Poly Materials Inc,150,316,276,10,A+,Not Recorded,27.1,47.67,64.4,50.5,2.34,50.29,34.75,264.15,6.99,82.4,15,OK,Power fluctuation,87.34,3.62
1017,ORD-43477,2026-06-19,Plant E,MC-040,CNC Lathe,7.0,Morning,OP0023,S. Kumar,Industrial Fastener,Unknown,SteelCorp Ltd,250,443,444,8,C,No,9.1,63.58,55.8,37.9,1.0,146.13,26.81,119.27,10.49,80.0,16,Overdue,No Remarks,100.23,1.8
1018,ORD-57727,2026-03-19,Plant A,MC-016,Injection Molder,2.6,Morning,OP0042,Unknown,Medical Device Part,Cast Iron,MetalWorks Pvt Ltd,50,715,745,7,Not Graded,Yes,29.0,34.06,50.2,53.9,3.84,106.87,15.47,108.02,11.59,82.2,32,Due,unknown issue,104.2,0.94
1019,ORD-95517,2026-05-03,Plant C,MC-004,Laser Cutter,3.7,Morning,OP0030,R. Sharma,Electronics Housing,Polycarbonate,Poly Materials Inc,50,557,459,12,C,Yes,10.8,29.25,85.0,67.8,3.43,154.56,33.51,223.25,8.45,70.6,16,Not Scheduled,Late shift start,82.41,2.61
1020,ORD-79869,2025-12-02,Plant D,MC-023,Conveyor Unit,0.8,Evening,OP0017,N. Fernandes,Automotive Parts,ABS Plastic,SteelCorp Ltd,150,332,255,7,B,Yes,9.1,53.91,61.8,30.6,0.53,160.23,9.98,52.18,6.89,51.8,16,Not Scheduled,Line stopped briefly,76.81,2.75
1021,ORD-88383,2026-01-25,Plant A,MC-007,Welding Robot,13.6,Night,OP0001,A. Iyer,Home Appliance Component,Aluminum,Unknown,300,514,487,7,Not Graded,Yes,19.6,59.29,59.5,57.9,1.07,163.39,23.7,92.09,6.65,85.0,17,Due,No Remarks,94.75,1.44
1022,ORD-51104,2025-10-08,Plant B,MC-016,Injection Molder,1.4,Night,OP0022,M. Naidu,Packaging Unit,Aluminum,SteelCorp Ltd,50,406,367,10,B,Yes,21.0,59.29,79.7,34.6,2.9,162.6,2.72,16.18,6.93,49.3,37,Not Scheduled,No Remarks,90.39,2.72
1023,ORD-99626,2025-12-31,Plant E,MC-035,Injection Molder,2.2,Morning,OP0117,A. Iyer,Packaging Unit,Aluminum,Poly Materials Inc,250,562,522,5,A,No,19.3,38.07,75.8,34.9,2.45,110.88,44.13,144.86,7.36,46.4,27,Not Scheduled,Late shift start,92.88,0.96
1024,ORD-58668,2026-02-26,Plant B,MC-025,Injection Molder,8.9,Evening,OP0018,P. Rao,Industrial Fastener,Copper,SteelCorp Ltd,150,516,470,13,A,Yes,11.1,46.37,60.4,49.8,0.92,120.59,36.5,296.17,7.23,97.9,53,OK,unknown issue,91.09,2.77
1025,ORD-31589,2026-04-12,Plant C,MC-008,Stamping Press,6.0,Evening,OP0014,P. Rao,Medical Device Part,Copper,SteelCorp Ltd,100,539,465,11,A+,Not Recorded,25.5,50.01,60.1,42.0,2.08,133.22,13.61,142.81,8.36,76.8,28,OK,OK,86.27,2.37
1026,ORD-19059,2026-01-28,Plant B,MC-011,Conveyor Unit,7.2,Evening,OP0024,Unknown,Aerospace Component,Unknown,Global Alloys,150,444,443,5,B,No,14.6,39.77,52.2,23.8,1.13,138.87,22.4,104.18,6.4,86.5,26,Not Scheduled,No Remarks,99.77,1.13
1027,ORD-31605,2026-05-10,Plant A,MC-012,Conveyor Unit,1.5,Night,OP0112,S. Kumar,Automotive Parts,Unknown,Global Alloys,150,591,503,9,B,Yes,22.5,40.84,76.8,36.0,4.58,69.74,43.37,389.42,7.61,86.8,13,Due,No Remarks,85.11,1.79
1028,ORD-74558,2025-10-01,Plant B,MC-017,Press Brake,9.9,Morning,OP0102,A. Iyer,Home Appliance Component,Cast Iron,Unknown,200,657,565,14,Not Graded,Yes,2.0,57.65,85.8,47.1,1.41,92.95,36.31,404.5,11.24,68.0,27,Scheduled,Late shift start,86.0,2.48
1029,ORD-79349,2025-11-30,Plant A,MC-019,Welding Robot,14.6,Morning,OP0040,Unknown,Packaging Unit,Cast Iron,SteelCorp Ltd,250,537,528,8,Not Graded,Yes,31.8,66.25,52.5,30.6,2.96,81.3,20.53,97.41,6.21,65.9,38,OK,Power fluctuation,98.32,1.52
1030,ORD-97977,2026-03-10,Plant C,MC-007,Assembly Line,13.7,Morning,OP0036,M. Naidu,Aerospace Component,Aluminum,Precision Components Co,300,510,504,11,B,No,43.0,47.31,75.1,47.6,0.53,130.6,44.38,407.37,9.59,44.4,59,Due,OK,98.82,2.18
1031,ORD-45643,2026-04-25,Plant E,MC-007,Press Brake,13.2,Evening,OP0086,Unknown,Industrial Fastener,Cast Iron,Poly Materials Inc,250,612,587,12,A,Yes,39.3,29.9,73.7,72.9,3.48,118.49,13.07,93.59,8.65,79.3,65,Overdue,customer complaint logged,95.92,2.04
1032,ORD-77166,2026-04-11,Plant A,MC-038,3D Printer,14.1,Morning,OP0011,P. Rao,Industrial Fastener,Aluminum,Poly Materials Inc,200,463,488,9,C,Yes,45.6,55.61,74.6,41.6,2.19,138.06,13.56,131.32,7.09,82.4,27,Not Scheduled,Power fluctuation,105.4,1.84
1033,ORD-72000,2025-12-18,Plant A,MC-021,CNC Lathe,14.3,Night,OP0081,M. Naidu,Aerospace Component,Steel,SteelCorp Ltd,250,702,722,17,Not Graded,No,17.3,52.96,71.4,52.3,2.74,135.85,27.17,410.62,6.2,59.1,29,Not Scheduled,Late shift start,102.85,2.35
1034,ORD-16246,2025-12-22,Plant D,MC-028,Press Brake,14.0,Evening,OP0094,K. Verma,Home Appliance Component,Steel,Global Alloys,50,444,426,10,B,Yes,26.8,41.35,85.2,60.8,2.4,112.41,23.28,205.86,7.36,49.5,49,OK,Material shortage,95.95,2.35
1035,ORD-53501,2025-10-08,Plant C,MC-017,Assembly Line,12.2,Night,OP0085,S. Kumar,Home Appliance Component,Polycarbonate,Unknown,50,467,380,12,A+,Yes,40.7,23.24,82.6,72.1,1.89,84.03,23.49,281.05,5.2,90.0,15,Not Scheduled,Power fluctuation,81.37,3.16
1036,ORD-44536,2026-01-15,Plant D,MC-020,Press Brake,5.9,Morning,OP0089,M. Naidu,Packaging Unit,Steel,SteelCorp Ltd,100,554,525,12,Reject,No,30.4,59.67,67.5,38.5,1.41,152.47,7.47,48.84,9.3,40.9,0,Overdue,Late shift start,94.77,2.29
1037,ORD-50295,2026-07-16,Plant A,MC-004,CNC Lathe,5.9,Morning,OP0090,R. Sharma,Industrial Fastener,Aluminum,SteelCorp Ltd,50,380,323,6,Not Graded,Not Recorded,21.6,56.92,67.1,59.3,0.33,120.2,28.01,130.11,8.14,48.5,45,Not Scheduled,Routine check,85.0,1.86
1038,ORD-12597,2026-07-02,Plant C,MC-015,Stamping Press,8.0,Night,OP0103,L. D'Souza,Automotive Parts,Polycarbonate,Poly Materials Inc,50,575,560,6,A+,Not Recorded,40.6,59.85,74.6,38.0,0.72,100.96,30.58,99.9,10.97,61.2,27,Not Scheduled,Routine check,97.39,1.07
1039,ORD-64005,2026-04-08,Plant A,MC-016,Conveyor Unit,14.4,Morning,OP0003,L. D'Souza,Packaging Unit,Steel,SteelCorp Ltd,100,368,298,7,A,Yes,23.3,42.64,70.7,47.1,0.3,88.84,17.45,90.15,3.65,92.8,15,Overdue,Late shift start,80.98,2.35
1040,ORD-72406,2025-12-11,Unknown,MC-034,Welding Robot,7.5,Morning,OP0080,L. D'Souza,Industrial Fastener,Copper,Precision Components Co,300,456,363,9,A,No,13.4,27.59,68.7,57.6,2.06,147.13,13.0,94.0,7.6,92.2,35,Scheduled,Line stopped briefly,79.61,2.48
1041,ORD-70687,2026-01-24,Plant B,MC-021,Conveyor Unit,3.6,Evening,OP0011,R. Sharma,Aerospace Component,Cast Iron,MetalWorks Pvt Ltd,150,399,367,5,B,Yes,574.9,32.96,66.1,49.2,2.1,81.27,41.43,130.98,5.26,91.7,77,Not Scheduled,No Remarks,91.98,1.36
1042,ORD-13758,2025-11-06,Plant B,MC-019,CNC Mill,0.8,Morning,OP0050,R. Sharma,Consumer Plastics,Unknown,Global Alloys,150,557,530,9,A,No,38.0,57.81,57.7,26.6,1.16,156.58,33.19,229.41,9.78,81.0,9,Not Scheduled,Routine check,95.15,1.7
1043,ORD-44626,2026-09-14,Plant B,MC-023,Injection Molder,11.3,Morning,OP0047,M. Naidu,Medical Device Part,Steel,Global Alloys,300,286,274,8,A+,Yes,13.6,27.73,70.1,36.9,1.38,122.21,39.74,211.88,10.96,63.1,21,Overdue,unknown issue,95.8,2.92
1044,ORD-30474,2026-02-15,Plant D,MC-039,3D Printer,10.8,Morning,OP0067,L. D'Souza,Consumer Plastics,Aluminum,SteelCorp Ltd,100,539,491,9,C,Yes,27.3,48.48,57.1,42.1,1.21,56.11,33.6,207.74,9.66,87.1,46,OK,Line stopped briefly,91.09,1.83
1045,ORD-88675,2026-07-30,Plant A,MC-020,CNC Lathe,9.1,Night,OP0001,Unknown,Consumer Plastics,Steel,MetalWorks Pvt Ltd,300,444,466,1,A,Yes,19.1,44.64,52.9,42.5,2.07,154.64,42.63,40.49,6.8,74.2,24,Not Scheduled,unknown issue,104.84,0.21
1046,ORD-87137,2026-09-15,Plant C,MC-035,Stamping Press,9.5,Morning,OP0118,S. Kumar,Medical Device Part,Steel,SteelCorp Ltd,150,594,592,11,Not Graded,No,16.1,23.22,55.4,60.4,0.72,164.04,5.7,33.58,6.66,64.4,9,Overdue,No Remarks,99.66,1.86
1047,ORD-82154,2026-03-23,Plant C,MC-040,CNC Mill,11.2,Morning,OP0087,M. Naidu,Aerospace Component,Unknown,Poly Materials Inc,300,416,357,6,A,Not Recorded,27.5,50.66,68.7,53.9,2.73,76.68,5.41,24.21,10.57,61.5,33,OK,No Remarks,85.82,1.68
1048,ORD-38885,2026-02-11,Plant A,MC-007,Stamping Press,5.8,Evening,OP0033,Unknown,Electronics Housing,Cast Iron,Global Alloys,300,249,265,2,A+,Yes,23.8,41.38,70.2,34.3,1.04,100.88,34.41,35.35,9.89,47.3,18,Not Scheduled,unknown issue,106.43,0.75
1049,ORD-61629,2026-02-24,Plant C,MC-023,Injection Molder,1.5,Morning,OP0059,R. Sharma,Medical Device Part,Aluminum,Global Alloys,300,391,351,10,B,Not Recorded,15.0,54.98,53.9,49.4,0.27,149.53,21.74,207.56,8.34,66.6,101,Scheduled,No Remarks,89.77,2.85
1050,ORD-66173,2025-10-19,Plant A,MC-007,Assembly Line,1.2,Evening,OP0065,S. Kumar,Metal Bracket,Polycarbonate,Precision Components Co,100,464,441,10,Reject,Yes,44.2,40.68,74.7,43.4,0.74,176.43,17.41,158.24,9.51,79.9,17,Due,No Remarks,95.04,2.27
1051,ORD-69233,2026-01-08,Plant B,MC-013,Welding Robot,5.5,Morning,OP0102,A. Iyer,Metal Bracket,ABS Plastic,SteelCorp Ltd,100,496,460,8,Not Graded,Yes,10.3,31.8,68.3,30.1,1.86,135.05,36.87,246.76,6.31,51.0,94,Not Scheduled,No Remarks,92.74,1.74
1052,ORD-85738,2026-07-24,Plant B,MC-030,CNC Lathe,12.6,Morning,OP0053,R. Sharma,Metal Bracket,Unknown,Unknown,250,646,616,10,A,Yes,36.7,44.56,63.0,59.6,2.34,99.8,7.74,47.01,10.75,92.8,9,Not Scheduled,Line stopped briefly,95.36,1.62
1053,ORD-82487,2026-02-19,Plant E,MC-015,CNC Lathe,8.9,Morning,OP0043,A. Iyer,Aerospace Component,Copper,Unknown,150,431,327,6,A,Yes,16.9,45.55,79.5,44.6,0.96,162.1,13.13,64.13,9.76,52.1,5,OK,Power fluctuation,75.87,1.83
1054,ORD-49954,2026-04-04,Plant A,MC-026,Assembly Line,9.3,Unknown,OP0070,M. Naidu,Electronics Housing,Polycarbonate,Poly Materials Inc,200,517,482,16,Reject,Yes,18.9,42.75,75.7,55.6,2.97,102.15,12.43,181.77,6.17,55.4,47,Due,OK,93.23,3.32
1055,ORD-48353,2026-08-20,Plant D,MC-021,Press Brake,13.8,Morning,OP0006,P. Rao,Metal Bracket,Polycarbonate,SteelCorp Ltd,50,472,432,6,Not Graded,No,19.1,36.09,63.4,31.4,1.81,157.63,34.39,148.46,7.92,44.2,33,Not Scheduled,OK,91.53,1.39
1056,ORD-64115,2025-12-21,Plant B,MC-002,Stamping Press,13.6,Night,OP0055,S. Kumar,Metal Bracket,ABS Plastic,Unknown,250,456,361,2,A+,No,25.1,64.31,52.8,51.9,3.68,75.53,25.36,46.02,5.66,90.7,36,Not Scheduled,Late shift start,79.17,0.55
1057,ORD-87646,2026-08-03,Plant C,MC-021,Laser Cutter,11.4,Morning,OP0108,L. D'Souza,Aerospace Component,Polycarbonate,Poly Materials Inc,200,407,428,8,A+,Not Recorded,40.3,44.01,73.3,42.7,2.88,126.31,19.25,96.45,7.49,49.9,24,OK,No Remarks,105.16,1.87
1058,ORD-29342,2026-09-11,Plant B,MC-011,CNC Mill,8.3,Night,OP0097,N. Fernandes,Metal Bracket,Copper,Global Alloys,300,447,420,8,A,Yes,31.2,46.51,50.9,60.4,1.3,193.9,43.35,282.6,8.88,92.5,26,Overdue,Power fluctuation,93.96,1.9
1059,ORD-12571,2026-05-13,Plant A,MC-028,3D Printer,5.7,Night,OP0051,N. Fernandes,Metal Bracket,Steel,Precision Components Co,200,454,379,8,C,Yes,1.3,53.52,64.2,35.2,0.7,62.02,12.94,59.43,6.96,41.1,70,Scheduled,No Remarks,83.48,2.11
1060,ORD-79228,2025-12-06,Plant A,MC-029,Stamping Press,4.4,Morning,OP0054,P. Rao,Consumer Plastics,Polycarbonate,MetalWorks Pvt Ltd,100,541,556,11,C,No,1.1,52.18,60.9,34.3,2.01,77.09,26.58,192.55,8.07,52.8,30,Due,customer complaint logged,102.77,1.98
1061,ORD-97797,2025-12-07,Plant B,MC-011,CNC Mill,3.1,Night,OP0049,K. Verma,Aerospace Component,ABS Plastic,SteelCorp Ltd,150,307,274,2,Not Graded,Yes,58.7,61.58,56.4,53.3,1.45,129.22,3.08,5.17,8.85,54.4,38,Not Scheduled,OK,89.25,0.73
1062,ORD-58656,2026-05-17,Plant B,MC-031,Conveyor Unit,2.4,Morning,OP0043,S. Kumar,Automotive Parts,Steel,Poly Materials Inc,200,392,399,12,C,Yes,6.5,54.54,74.4,39.5,4.12,92.57,13.92,116.0,10.38,68.7,37,Not Scheduled,Material shortage,101.79,3.01
1063,ORD-44426,2026-01-11,Plant A,MC-001,Laser Cutter,6.8,Evening,OP0106,Unknown,Metal Bracket,Unknown,MetalWorks Pvt Ltd,100,424,409,10,C,No,4.6,53.46,70.1,45.7,4.13,143.18,27.88,213.86,6.16,66.5,31,Due,Routine check,96.46,2.44
1064,ORD-12026,2026-07-04,Plant C,MC-033,Injection Molder,4.5,Unknown,Unknown,N. Fernandes,Packaging Unit,Steel,Unknown,150,440,375,9,Not Graded,Yes,18.4,52.35,73.1,45.9,1.78,153.68,7.36,49.56,5.65,71.9,34,Not Scheduled,Material shortage,85.23,2.4
1065,ORD-28352,2026-07-24,Plant D,MC-024,3D Printer,9.1,Morning,OP0027,P. Rao,Industrial Fastener,Steel,SteelCorp Ltd,100,513,444,7,B,Yes,18.5,41.16,69.3,23.0,1.02,96.2,26.08,163.15,6.77,64.5,65,Not Scheduled,OK,86.55,1.58
1066,ORD-32243,2026-05-29,Plant A,MC-017,Laser Cutter,4.6,Morning,OP0103,A. Iyer,Metal Bracket,Aluminum,Poly Materials Inc,250,540,464,6,Not Graded,Yes,4.7,21.48,65.4,49.0,1.66,45.07,35.32,153.25,9.07,69.3,4,Due,Line stopped briefly,85.93,1.29
1067,ORD-25378,2026-07-31,Plant C,MC-028,Welding Robot,4.7,Morning,OP0111,Unknown,Electronics Housing,Aluminum,Poly Materials Inc,100,430,374,7,A,Yes,44.5,69.03,70.6,46.7,1.39,106.82,2.9,17.39,8.92,65.7,27,Not Scheduled,Routine check,86.98,1.87
1068,ORD-15486,2025-11-26,Plant A,MC-014,Injection Molder,7.7,Morning,OP0116,M. Naidu,Industrial Fastener,Aluminum,Unknown,50,417,428,2,C,Yes,3.6,37.06,74.8,37.6,0.99,98.59,5.84,9.77,8.81,60.7,20,Due,No Remarks,102.64,0.47
1069,ORD-60355,2026-08-31,Plant B,MC-013,Laser Cutter,8.7,Unknown,OP0047,S. Kumar,Industrial Fastener,ABS Plastic,Unknown,250,553,524,16,Reject,Not Recorded,27.6,71.35,66.2,43.0,0.49,118.18,4.05,57.36,11.26,43.3,39,Not Scheduled,OK,94.76,3.05
1070,ORD-27301,2025-12-23,Plant A,MC-022,3D Printer,4.2,Morning,OP0063,N. Fernandes,Electronics Housing,Aluminum,SteelCorp Ltd,300,574,549,9,C,Not Recorded,53.4,61.97,45.6,39.5,4.26,103.34,19.63,127.61,6.88,41.0,23,Not Scheduled,Line stopped briefly,95.64,1.64
1071,ORD-56636,2026-03-03,Plant D,MC-037,3D Printer,4.1,Night,OP0018,A. Iyer,Packaging Unit,Steel,Global Alloys,250,561,497,9,B,No,10.0,48.62,74.9,59.7,1.97,112.87,13.11,78.25,7.67,55.8,38,Not Scheduled,Power fluctuation,88.59,1.81
1072,ORD-69238,2026-06-26,Plant C,MC-018,CNC Lathe,6.0,Night,OP0113,P. Rao,Automotive Parts,Steel,SteelCorp Ltd,300,429,358,7,A,No,27.7,50.74,63.8,47.6,3.71,131.49,37.62,228.85,6.04,42.8,39,Not Scheduled,Routine check,83.45,1.96
1073,ORD-61052,2025-10-04,Plant E,MC-014,3D Printer,13.4,Morning,OP0010,S. Kumar,Packaging Unit,Cast Iron,SteelCorp Ltd,300,668,658,9,Reject,No,22.4,50.56,69.8,48.7,4.31,157.5,9.15,51.82,9.66,67.5,76,OK,customer complaint logged,98.5,1.37
1074,ORD-59993,2026-06-09,Plant A,MC-007,Stamping Press,12.3,Morning,OP0039,Unknown,Electronics Housing,Aluminum,SteelCorp Ltd,200,569,554,10,A,Yes,48.5,50.18,56.7,49.5,2.36,165.89,42.71,407.98,11.66,57.2,20,Scheduled,Power fluctuation,97.36,1.81
1075,ORD-91664,2026-09-14,Plant C,MC-001,CNC Lathe,11.4,Morning,OP0007,Unknown,Electronics Housing,Copper,Precision Components Co,300,607,571,16,A,Yes,45.4,26.73,64.9,44.1,1.37,81.99,13.38,159.59,6.93,57.6,7,Overdue,No Remarks,94.07,2.8
1076,ORD-98017,2026-01-17,Plant C,MC-038,Injection Molder,5.9,Morning,OP0064,Unknown,Home Appliance Component,Steel,SteelCorp Ltd,50,451,370,9,Reject,Yes,1.3,36.39,60.8,32.0,1.55,122.36,44.37,292.88,5.86,70.0,44,OK,Line stopped briefly,82.04,2.43
1077,ORD-61296,2026-08-27,Plant C,MC-024,Press Brake,14.3,Evening,OP0116,M. Naidu,Consumer Plastics,Steel,MetalWorks Pvt Ltd,100,498,449,12,A+,Not Recorded,5.5,39.88,65.7,42.7,3.55,164.6,43.98,352.3,5.92,70.9,82,OK,Routine check,90.16,2.67
1078,ORD-33004,2026-06-10,Plant D,MC-003,Stamping Press,8.2,Morning,OP0109,R. Sharma,Home Appliance Component,Copper,SteelCorp Ltd,150,448,412,4,A,Not Recorded,21.6,29.59,80.0,54.2,3.4,134.02,27.24,91.79,7.91,90.3,38,OK,Routine check,91.96,0.97
1079,ORD-93167,2026-09-13,Plant E,MC-017,Assembly Line,10.6,Morning,OP0113,N. Fernandes,Medical Device Part,Aluminum,Precision Components Co,250,422,412,6,A,Yes,24.9,46.66,66.5,63.2,3.54,108.55,12.29,66.46,8.2,66.4,44,Not Scheduled,unknown issue,97.63,1.46
1080,ORD-84569,2026-02-26,Plant D,MC-002,Laser Cutter,6.3,Morning,OP0054,M. Naidu,Industrial Fastener,Steel,SteelCorp Ltd,250,445,406,5,Reject,Yes,39.4,19.73,78.4,61.6,1.71,28.89,33.47,110.78,8.76,100.0,32,OK,No Remarks,91.24,1.23
1081,ORD-23475,2026-01-09,Plant E,MC-007,3D Printer,14.8,Night,OP0089,Unknown,Aerospace Component,Polycarbonate,Precision Components Co,200,526,458,5,Not Graded,Yes,56.9,52.33,71.5,56.3,3.28,175.33,7.87,36.93,6.64,68.2,7,Due,No Remarks,87.07,1.09
1082,ORD-34884,2026-05-13,Plant E,MC-021,Laser Cutter,6.1,Night,OP0106,M. Naidu,Automotive Parts,Aluminum,Global Alloys,150,376,386,10,A,Yes,10.5,39.07,56.7,45.3,0.58,95.99,30.54,264.96,5.97,65.6,14,Due,unknown issue,102.66,2.59
1083,ORD-48543,2025-10-09,Plant B,MC-003,Conveyor Unit,0.8,Morning,OP0066,A. Iyer,Medical Device Part,Copper,MetalWorks Pvt Ltd,250,594,467,16,Reject,Not Recorded,71.1,12.29,66.1,60.0,3.37,209.8,9.19,118.14,8.6,74.5,58,Scheduled,unknown issue,78.62,3.43
1084,ORD-57744,2026-09-12,Plant C,MC-008,Assembly Line,1.9,Evening,OP0117,Unknown,Medical Device Part,Aluminum,SteelCorp Ltd,150,539,504,11,A,Yes,16.6,46.77,69.3,44.8,0.69,87.9,35.06,243.56,8.28,93.3,9,Due,No Remarks,93.51,2.18
1085,ORD-77733,2026-03-30,Plant E,MC-034,Conveyor Unit,10.4,Morning,OP0056,A. Iyer,Metal Bracket,Unknown,SteelCorp Ltd,50,401,376,6,A+,Yes,42.5,43.87,68.4,59.4,0.92,141.41,6.06,26.61,7.21,84.8,49,OK,Line stopped briefly,93.77,1.6
1086,ORD-83023,2025-11-18,Plant B,MC-025,3D Printer,1.3,Night,OP0040,K. Verma,Metal Bracket,Aluminum,Poly Materials Inc,50,423,372,5,B,Yes,9.9,23.15,64.1,64.9,1.58,55.76,33.33,120.97,9.11,44.0,14,Not Scheduled,OK,87.94,1.34
1087,ORD-31080,2026-04-27,Plant B,MC-021,Welding Robot,1.6,Night,OP0033,Unknown,Industrial Fastener,Steel,SteelCorp Ltd,150,396,377,8,B,No,40.2,64.24,57.2,52.5,1.62,68.65,14.98,81.12,10.05,58.3,17,Not Scheduled,Line stopped briefly,95.2,2.12
1088,ORD-44504,2026-05-02,Plant D,MC-001,Laser Cutter,9.2,Evening,OP0009,N. Fernandes,Industrial Fastener,Copper,Global Alloys,250,581,549,7,A+,No,13.4,47.77,71.4,42.6,1.18,102.66,25.23,162.12,7.85,80.2,47,Not Scheduled,unknown issue,94.49,1.28
1089,ORD-15339,2025-11-22,Plant A,MC-011,Conveyor Unit,5.0,Morning,OP0100,P. Rao,Electronics Housing,Steel,MetalWorks Pvt Ltd,100,602,527,8,B,Not Recorded,32.7,56.51,67.1,44.0,2.7,139.88,24.05,119.99,8.53,41.1,9,Due,Routine check,87.54,1.52
1090,ORD-20579,2026-03-05,Plant C,MC-019,CNC Lathe,10.4,Morning,OP0040,R. Sharma,Electronics Housing,Steel,Precision Components Co,150,366,312,3,A,Yes,34.4,47.15,60.2,37.9,3.81,152.76,43.13,74.73,6.76,93.6,1,OK,Routine check,85.25,0.96
1091,ORD-27777,2026-07-22,Plant B,MC-006,CNC Lathe,9.9,Morning,OP0061,P. Rao,Home Appliance Component,Steel,Poly Materials Inc,150,548,590,10,Reject,Yes,2.3,36.03,66.9,39.9,3.67,103.36,4.74,26.1,6.79,50.5,78,Due,Late shift start,107.66,1.69
1092,ORD-80481,2026-08-29,Plant A,MC-034,Press Brake,3.9,Unknown,OP0033,L. D'Souza,Metal Bracket,Copper,Unknown,200,529,504,17,Reject,Yes,14.1,24.15,68.2,59.5,1.32,134.42,17.43,295.32,8.77,100.0,11,Overdue,Routine check,95.27,3.37
1093,ORD-98660,2026-06-08,Plant B,MC-038,CNC Mill,10.2,Morning,OP0073,S. Kumar,Electronics Housing,Aluminum,MetalWorks Pvt Ltd,50,546,543,14,B,Yes,25.3,41.48,44.4,29.5,2.91,45.42,25.08,304.71,8.06,63.2,32,Scheduled,No Remarks,99.45,2.58
1094,ORD-98362,2025-12-08,Unknown,MC-024,Laser Cutter,5.2,Evening,OP0044,P. Rao,Consumer Plastics,Polycarbonate,Unknown,300,690,659,4,B,Not Recorded,11.9,35.18,86.2,51.3,0.87,79.01,24.5,91.17,10.84,74.3,23,Not Scheduled,No Remarks,95.51,0.61
1095,ORD-16962,2026-05-11,Plant A,MC-029,Conveyor Unit,6.8,Morning,OP0019,R. Sharma,Consumer Plastics,Cast Iron,MetalWorks Pvt Ltd,150,482,489,10,B,No,50.8,22.68,61.8,43.9,2.64,175.17,16.89,105.17,5.06,83.9,30,Not Scheduled,Line stopped briefly,101.45,2.04
1096,ORD-68015,2025-11-01,Plant D,MC-014,Press Brake,14.0,Morning,OP0038,K. Verma,Metal Bracket,Copper,Poly Materials Inc,100,719,583,19,B,No,12.7,32.95,59.5,48.9,1.36,192.54,32.33,561.49,9.93,72.9,29,Scheduled,OK,81.08,3.26
1097,ORD-44646,2025-11-30,Plant D,MC-019,CNC Mill,8.1,Morning,OP0024,A. Iyer,Consumer Plastics,Unknown,SteelCorp Ltd,300,534,513,7,C,Yes,15.5,49.76,62.3,26.2,3.36,168.83,28.76,161.37,9.17,85.6,48,Due,Line stopped briefly,96.07,1.36
1098,ORD-47005,2026-07-08,Unknown,MC-022,Injection Molder,7.5,Morning,OP0115,A. Iyer,Aerospace Component,ABS Plastic,SteelCorp Ltd,250,643,676,16,Reject,Not Recorded,7.3,21.62,61.4,38.5,1.64,86.44,9.85,100.54,9.34,75.0,49,Due,customer complaint logged,105.13,2.37
1099,ORD-71320,2025-12-13,Plant D,MC-013,Assembly Line,4.1,Morning,OP0022,Unknown,Industrial Fastener,Steel,Global Alloys,250,530,465,12,B,Yes,1.7,46.29,60.1,43.1,2.67,129.42,18.93,189.41,8.18,57.0,19,Due,No Remarks,87.74,2.58
1100,ORD-84390,2026-04-20,Plant B,MC-003,3D Printer,10.5,Evening,OP0066,M. Naidu,Home Appliance Component,Steel,Global Alloys,200,352,339,8,A,Yes,5.6,48.13,75.1,38.1,1.27,178.06,38.66,215.18,7.03,95.4,38,Due,Routine check,96.31,2.36
1101,ORD-86289,2026-07-03,Plant A,MC-032,Injection Molder,10.8,Morning,OP0072,L. D'Souza,Consumer Plastics,Steel,SteelCorp Ltd,200,503,462,7,A,Yes,24.6,36.25,63.4,40.7,2.4,110.22,34.26,214.06,7.35,55.9,21,Not Scheduled,Power fluctuation,91.85,1.52
1102,ORD-99208,2026-06-02,Plant C,MC-006,Welding Robot,8.4,Night,OP0091,R. Sharma,Consumer Plastics,Unknown,SteelCorp Ltd,200,466,464,12,A,No,21.5,29.94,64.8,77.2,0.5,143.13,8.5,63.94,6.25,73.1,66,Not Scheduled,No Remarks,99.57,2.59
1103,ORD-19958,2026-06-16,Plant B,MC-023,Stamping Press,3.3,Evening,OP0069,A. Iyer,Packaging Unit,Copper,Global Alloys,100,667,667,12,Reject,Yes,10.3,42.61,66.3,26.2,2.31,147.69,20.65,224.12,7.67,74.0,40,Overdue,unknown issue,100.0,1.8
1104,ORD-98030,2026-03-27,Plant B,MC-022,3D Printer,0.6,Morning,OP0110,Unknown,Industrial Fastener,Steel,Global Alloys,250,480,462,9,B,Not Recorded,35.5,22.77,69.0,39.2,4.05,124.33,18.25,155.96,10.27,96.0,32,Due,Material shortage,96.25,1.95
1105,ORD-57125,2026-03-23,Plant B,MC-009,Press Brake,8.3,Morning,OP0083,P. Rao,Home Appliance Component,Steel,Unknown,150,548,538,14,A,No,8.3,47.28,77.1,58.4,3.55,88.99,7.46,59.48,9.37,52.6,20,Overdue,No Remarks,98.18,2.6
1106,ORD-32449,2026-09-03,Plant B,MC-020,Press Brake,4.1,Morning,OP0099,L. D'Souza,Consumer Plastics,Polycarbonate,SteelCorp Ltd,50,539,563,9,C,Yes,49.4,48.76,74.2,62.6,0.65,118.75,24.33,144.35,5.79,56.7,75,Overdue,Late shift start,104.45,1.6
1107,ord8538,2026-08-21,Plant C,MC-032,Conveyor Unit,6.1,Morning,OP0016,Unknown,Industrial Fastener,Steel,Global Alloys,150,308,287,6,Reject,Not Recorded,71.1,45.88,78.9,31.8,1.86,139.3,15.85,69.49,8.59,46.9,15,OK,Line stopped briefly,93.18,2.09
1108,ORD-95263,2026-04-30,Plant C,MC-021,CNC Lathe,3.1,Morning,OP0098,R. Sharma,Medical Device Part,Unknown,SteelCorp Ltd,50,375,362,8,Reject,Yes,24.6,64.93,78.6,40.2,3.31,112.67,40.89,317.63,7.35,52.9,43,OK,No Remarks,96.53,2.21
1109,ORD-45778,2026-09-13,Plant B,MC-037,3D Printer,14.1,Night,OP0086,N. Fernandes,Home Appliance Component,Unknown,Unknown,150,499,403,3,C,No,1.8,42.39,67.1,36.8,0.84,63.57,12.94,34.02,4.25,40.0,27,Due,customer complaint logged,80.76,0.74
1110,ORD-86823,2025-11-16,Plant A,MC-026,Stamping Press,1.8,Evening,OP0052,L. D'Souza,Home Appliance Component,Aluminum,MetalWorks Pvt Ltd,150,583,597,13,Not Graded,No,5.5,44.71,53.2,25.4,1.85,100.8,5.77,68.4,8.32,69.0,17,Due,unknown issue,102.4,2.18
1111,ORD-85204,2026-02-12,Plant A,MC-018,Injection Molder,11.1,Morning,Unknown,Unknown,Home Appliance Component,Aluminum,Global Alloys,100,588,540,13,C,Yes,3.6,54.7,69.7,40.1,0.79,95.03,42.56,471.97,11.01,79.4,24,Not Scheduled,Line stopped briefly,91.84,2.41
1112,ORD-99702,2026-04-29,Plant D,MC-006,CNC Mill,13.7,Night,OP0054,P. Rao,Electronics Housing,Polycarbonate,SteelCorp Ltd,300,548,538,5,B,Yes,14.0,60.02,62.9,56.5,4.17,91.51,17.6,58.08,9.54,42.7,13,Due,No Remarks,98.18,0.93
1113,ORD-91982,2026-01-02,Unknown,MC-023,Press Brake,14.8,Evening,OP0047,M. Naidu,Aerospace Component,Aluminum,Global Alloys,100,441,438,8,Not Graded,Not Recorded,6.3,33.54,66.7,50.6,1.15,133.68,18.74,118.27,11.71,92.1,30,Not Scheduled,No Remarks,99.32,1.83
1114,ORD-45701,2026-02-09,Plant A,MC-038,Welding Robot,14.8,Morning,OP0003,N. Fernandes,Metal Bracket,Steel,MetalWorks Pvt Ltd,300,643,617,14,A+,Yes,25.7,49.4,73.5,40.4,0.41,153.39,38.34,406.69,8.9,55.2,32,Due,No Remarks,95.96,2.27
1115,ORD-82599,2026-07-13,Plant E,MC-034,Assembly Line,10.5,Morning,OP0099,Unknown,Aerospace Component,Copper,Global Alloys,100,541,538,8,B,Yes,7.7,36.98,70.1,45.0,3.4,28.0,42.24,250.01,8.34,76.3,14,OK,Line stopped briefly,99.45,1.49
1116,ORD-64473,2025-12-25,Plant E,MC-022,Press Brake,2.9,Morning,OP0081,S. Kumar,Automotive Parts,Aluminum,SteelCorp Ltd,100,483,456,9,A+,Not Recorded,19.5,40.02,71.7,52.2,3.87,81.69,12.61,79.35,5.85,90.8,7,Not Scheduled,No Remarks,94.41,1.97
1117,ORD-88626,2026-08-23,Plant B,MC-018,Conveyor Unit,4.9,Morning,OP0099,N. Fernandes,Automotive Parts,Steel,MetalWorks Pvt Ltd,50,593,554,12,Reject,Yes,18.4,36.61,59.5,7.1,3.7,114.87,13.2,130.49,7.74,78.3,5,Scheduled,customer complaint logged,93.42,2.17
1118,ORD-17839,2025-10-27,Plant B,MC-006,Stamping Press,5.7,Morning,OP0033,M. Naidu,Metal Bracket,ABS Plastic,Unknown,100,551,538,11,A+,Not Recorded,30.6,58.74,72.8,44.5,2.52,149.92,19.26,179.45,10.85,57.8,60,OK,OK,97.64,2.04
1119,ORD-63998,2025-10-27,Plant C,MC-015,Laser Cutter,14.9,Morning,OP0017,Unknown,Industrial Fastener,Copper,Unknown,250,518,428,9,B,No,5.5,41.49,74.6,18.5,2.32,95.61,10.08,75.74,5.86,88.4,35,Due,No Remarks,82.63,2.1
1120,ORD-39237,2026-07-13,Plant B,MC-031,3D Printer,6.2,Morning,OP0039,Unknown,Metal Bracket,Steel,SteelCorp Ltd,200,611,562,9,A+,Yes,31.6,60.75,63.9,49.1,4.42,100.3,23.89,189.85,7.55,40.7,33,OK,Power fluctuation,91.98,1.6
1121,ORD-77733,2026-03-30,Plant E,MC-034,Conveyor Unit,10.4,Morning,OP0056,A. Iyer,Metal Bracket,Unknown,SteelCorp Ltd,50,401,376,6,A+,Yes,42.5,43.87,68.4,59.4,0.92,141.41,6.06,26.61,7.21,84.8,49,OK,Line stopped briefly,93.77,1.6
1122,ORD-99375,2025-12-27,Plant C,MC-031,Stamping Press,1.6,Morning,OP0055,K. Verma,Aerospace Component,Unknown,Global Alloys,300,241,229,9,Reject,No,36.2,50.86,76.1,67.9,1.34,180.17,30.78,144.29,8.77,70.8,28,Overdue,unknown issue,95.02,3.93
1123,ORD-64592,2026-04-30,Plant E,MC-036,Conveyor Unit,8.0,Evening,OP0007,K. Verma,Packaging Unit,Unknown,Precision Components Co,250,406,406,5,Reject,No,16.3,38.97,70.5,33.9,2.93,162.86,44.15,205.03,9.39,74.9,13,Not Scheduled,No Remarks,100.0,1.23
1124,ORD-92728,2026-07-21,Plant B,MC-025,CNC Lathe,6.1,Morning,OP0095,R. Sharma,Industrial Fastener,Polycarbonate,SteelCorp Ltd,300,561,593,14,A,No,25.2,41.51,89.6,55.0,1.51,122.95,44.97,628.19,8.46,44.9,26,Scheduled,customer complaint logged,105.7,2.36
1125,ORD-10907,2026-05-04,Plant C,MC-027,Assembly Line,13.2,Unknown,Unknown,S. Kumar,Medical Device Part,Unknown,MetalWorks Pvt Ltd,300,584,485,5,A+,Not Recorded,424.2,38.43,57.5,48.6,0.56,73.28,31.49,80.75,9.22,46.1,55,Scheduled,No Remarks,83.05,1.03
1126,ORD-71081,2025-12-08,Plant A,MC-015,Laser Cutter,14.4,Morning,OP0114,S. Kumar,Automotive Parts,Cast Iron,MetalWorks Pvt Ltd,200,572,617,7,A,Yes,30.3,41.05,84.4,47.3,1.68,101.09,10.9,58.83,6.44,47.5,7,OK,No Remarks,107.87,1.13
1127,ORD-69891,2026-04-06,Plant A,MC-029,Press Brake,2.4,Evening,OP0031,Unknown,Packaging Unit,ABS Plastic,Unknown,50,652,623,12,Reject,Not Recorded,82.0,37.75,83.7,44.3,0.05,136.9,6.58,65.54,11.71,62.9,23,Scheduled,Power fluctuation,95.55,1.93
1128,ORD-36288,2026-08-02,Plant D,MC-001,Assembly Line,12.3,Evening,OP0011,M. Naidu,Aerospace Component,Aluminum,SteelCorp Ltd,50,599,557,9,A,Yes,592.8,17.61,46.5,64.3,2.64,122.59,38.25,292.09,7.27,80.1,41,OK,Line stopped briefly,92.99,1.62
1129,ORD-11670,2025-12-18,Plant A,MC-039,Press Brake,9.9,Morning,OP0081,R. Sharma,Consumer Plastics,Steel,SteelCorp Ltd,50,441,400,9,C,Not Recorded,1.5,48.51,66.8,43.3,2.37,136.98,28.89,248.5,8.71,63.8,14,Not Scheduled,No Remarks,90.7,2.25
1130,ORD-36094,2026-05-16,Plant A,MC-019,3D Printer,4.0,Morning,OP0048,S. Kumar,Aerospace Component,Cast Iron,SteelCorp Ltd,150,513,451,6,B,Not Recorded,11.0,50.16,75.6,46.8,1.68,120.87,33.66,111.25,7.28,97.7,76,Not Scheduled,Line stopped briefly,87.91,1.33
1131,ORD-69500,2026-05-22,Plant B,MC-004,Laser Cutter,2.3,Unknown,OP0077,K. Verma,Home Appliance Component,Cast Iron,Precision Components Co,200,485,365,7,C,No,37.8,56.48,53.9,48.8,1.23,70.79,37.81,206.35,6.33,59.3,61,Due,No Remarks,75.26,1.92
1132,ORD-12874,2026-03-03,Plant E,MC-008,Conveyor Unit,13.3,Unknown,OP0097,Unknown,Industrial Fastener,Copper,Poly Materials Inc,100,328,244,4,A+,Yes,329.6,44.44,75.0,56.1,0.51,207.44,37.06,142.19,8.87,77.3,46,Due,customer complaint logged,74.39,1.64
1133,ORD-30761,2026-06-25,Plant B,MC-001,Welding Robot,11.3,Night,OP0029,S. Kumar,Industrial Fastener,Aluminum,MetalWorks Pvt Ltd,200,270,228,6,A+,No,13.9,45.89,59.8,56.9,0.6,81.19,15.56,48.81,8.22,80.1,55,Due,Line stopped briefly,84.44,2.63
1134,ORD-78597,2026-01-24,Plant C,MC-001,Conveyor Unit,8.3,Morning,OP0119,Unknown,Medical Device Part,Steel,Global Alloys,250,601,614,8,A,No,9.9,66.68,64.8,57.6,2.54,108.31,24.22,192.17,6.72,75.1,45,Not Scheduled,Power fluctuation,102.16,1.3
1136,ord6947,2026-07-29,Plant C,MC-015,Press Brake,5.8,Morning,OP0011,A. Iyer,Industrial Fastener,Steel,SteelCorp Ltd,100,493,428,8,B,Not Recorded,32.9,48.94,76.6,43.5,1.86,157.72,41.95,170.85,8.49,86.2,34,Scheduled,unknown issue,86.82,1.87
1137,ORD-12790,2025-11-07,Plant A,MC-008,CNC Lathe,7.8,Morning,OP0033,L. D'Souza,Automotive Parts,Aluminum,SteelCorp Ltd,100,429,382,11,B,No,34.9,47.32,74.2,48.4,1.13,99.74,18.96,138.8,11.58,49.8,14,Not Scheduled,No Remarks,89.04,2.88
1138,ORD-62190,2026-05-26,Plant A,MC-007,3D Printer,11.9,Morning,OP0042,P. Rao,Home Appliance Component,Aluminum,Precision Components Co,50,316,265,4,B,Not Recorded,13.6,46.84,63.4,50.9,0.16,80.71,33.91,92.85,8.04,63.0,2,Scheduled,OK,83.86,1.51
1139,ORD-65111,2026-02-23,Plant C,MC-004,Press Brake,0.2,Night,OP0072,A. Iyer,Medical Device Part,Steel,MetalWorks Pvt Ltd,250,604,570,11,B,Yes,13.6,34.0,54.0,67.3,3.57,71.26,44.84,421.16,6.86,40.3,10,Not Scheduled,unknown issue,94.37,1.93
1140,ORD-17377,2026-01-15,Plant C,MC-032,CNC Mill,0.5,Night,OP0090,S. Kumar,Industrial Fastener,Aluminum,SteelCorp Ltd,100,541,462,11,A,Not Recorded,22.4,46.14,71.5,80.8,0.63,90.42,10.91,76.07,5.44,45.1,20,OK,Late shift start,85.4,2.38
1141,ORD-40818,2026-08-12,Plant A,MC-040,Welding Robot,10.3,Night,OP0100,Unknown,Consumer Plastics,Cast Iron,SteelCorp Ltd,150,526,590,11,A,Yes,27.3,54.55,80.3,42.3,1.45,91.29,8.04,66.72,7.03,84.2,55,Due,customer complaint logged,112.17,1.86
1142,ORD-18910,2026-07-11,Plant B,MC-030,CNC Lathe,5.8,Evening,OP0029,S. Kumar,Packaging Unit,Aluminum,Global Alloys,200,588,639,6,Reject,No,16.3,43.19,66.8,44.7,0.89,129.88,23.44,121.99,6.0,60.8,10,Not Scheduled,Power fluctuation,108.67,0.94
1143,ORD-69834,2025-11-20,Plant B,MC-005,Press Brake,9.0,Morning,OP0038,R. Sharma,Industrial Fastener,Aluminum,Poly Materials Inc,200,346,323,10,C,No,17.4,51.82,68.7,64.7,3.08,104.03,38.88,216.25,9.36,82.5,75,Not Scheduled,Routine check,93.35,3.1
1144,ORD-24451,2026-08-12,Plant B,MC-017,Assembly Line,0.3,Morning,OP0010,K. Verma,Metal Bracket,Polycarbonate,Precision Components Co,200,427,377,4,B,Yes,73.5,62.36,67.8,29.9,3.3,112.71,8.95,35.0,8.36,42.7,31,Not Scheduled,Material shortage,88.29,1.06
1145,ORD-70047,2025-11-03,Plant D,MC-014,Injection Molder,11.1,Night,OP0016,Unknown,Industrial Fastener,Unknown,SteelCorp Ltd,300,526,483,6,B,Not Recorded,49.0,35.62,77.6,31.2,0.35,109.47,31.39,156.74,4.84,66.6,14,Not Scheduled,Line stopped briefly,91.83,1.24
1146,ORD-38745,2026-05-03,Unknown,MC-031,Laser Cutter,1.7,Morning,OP0110,Unknown,Medical Device Part,Polycarbonate,SteelCorp Ltd,250,495,437,11,Not Graded,Not Recorded,33.2,27.22,74.0,42.7,1.88,87.2,24.7,148.95,8.51,40.4,4,Not Scheduled,OK,88.28,2.52
1147,ORD-37195,2026-01-16,Plant C,MC-024,Stamping Press,0.9,Night,OP0120,N. Fernandes,Consumer Plastics,Copper,Precision Components Co,300,478,468,8,B,Yes,43.2,27.16,66.4,32.2,2.66,107.46,41.31,230.37,5.85,90.3,62,Not Scheduled,No Remarks,97.91,1.71
1148,ORD-23097,2025-12-29,Plant C,MC-016,CNC Lathe,11.2,Evening,OP0108,R. Sharma,Consumer Plastics,Aluminum,Precision Components Co,100,334,333,9,B,No,14.2,44.91,68.3,50.9,1.13,149.36,43.75,259.59,10.51,68.6,17,Overdue,Power fluctuation,99.7,2.7
1149,ORD-63558,2026-04-21,Plant D,MC-028,Laser Cutter,0.5,Evening,OP0019,Unknown,Packaging Unit,Cast Iron,Poly Materials Inc,50,570,558,11,Not Graded,Not Recorded,3.3,35.89,80.2,37.2,1.05,122.65,42.16,268.25,6.68,77.0,25,Overdue,Line stopped briefly,97.89,1.97
1150,ORD-69289,2025-10-16,Plant A,MC-015,Assembly Line,3.6,Evening,OP0063,P. Rao,Industrial Fastener,Cast Iron,SteelCorp Ltd,200,443,423,10,A+,No,45.6,53.35,68.7,48.7,2.17,160.59,32.02,176.07,7.94,97.3,67,Scheduled,Material shortage,95.49,2.36
1151,ORD-55009,2026-09-02,Plant C,MC-002,Laser Cutter,10.1,Morning,OP0118,S. Kumar,Medical Device Part,ABS Plastic,Precision Components Co,50,568,483,18,A+,No,8.4,42.75,72.4,41.1,3.8,67.12,15.45,139.4,8.81,66.0,14,Due,No Remarks,85.04,3.73
1152,ORD-31151,2026-08-24,Plant A,MC-040,CNC Mill,4.6,Morning,OP0042,N. Fernandes,Industrial Fastener,Unknown,Global Alloys,200,442,317,9,B,Not Recorded,22.4,48.66,73.1,47.1,1.19,150.75,6.44,47.61,7.47,69.0,25,Due,Late shift start,71.72,2.84
1153,ORD-97042,2025-10-15,Plant C,MC-011,Injection Molder,5.1,Morning,OP0119,M. Naidu,Metal Bracket,Steel,MetalWorks Pvt Ltd,175,728,683,18,C,Yes,5.6,49.66,72.0,33.3,2.6,196.48,28.36,462.59,10.5,62.8,35,Scheduled,OK,93.82,2.64
1154,ORD-77973,2026-08-26,Plant B,MC-002,Welding Robot,11.6,Morning,OP0032,S. Kumar,Automotive Parts,ABS Plastic,SteelCorp Ltd,100,532,468,8,C,Yes,36.8,46.85,67.3,58.6,2.57,166.7,14.17,77.75,7.26,71.7,54,Overdue,Material shortage,87.97,1.71
1155,ORD-57805,2025-12-20,Plant C,MC-008,Conveyor Unit,12.1,Evening,OP0110,P. Rao,Home Appliance Component,Copper,SteelCorp Ltd,150,896,982,23,A,Yes,36.2,47.77,53.1,27.9,2.11,102.66,35.91,767.35,8.55,55.6,12,OK,Line stopped briefly,109.6,2.34
1156,ORD-92306,2026-05-12,Plant C,MC-038,3D Printer,14.2,Evening,OP0029,K. Verma,Consumer Plastics,Aluminum,Poly Materials Inc,200,449,407,5,B,No,14.1,47.81,82.0,33.0,3.38,112.51,9.6,27.51,7.0,97.5,87,OK,unknown issue,90.65,1.23
1157,ORD-38273,2025-12-01,Plant B,MC-036,Press Brake,8.5,Morning,OP0025,N. Fernandes,Automotive Parts,Steel,Global Alloys,100,613,563,17,A,Not Recorded,21.2,50.31,61.8,57.5,1.24,109.13,12.13,167.59,7.34,54.6,14,Due,OK,91.84,3.02
1158,ORD-14392,2026-03-07,Plant E,MC-018,Assembly Line,12.1,Night,OP0019,A. Iyer,Consumer Plastics,Aluminum,Unknown,200,388,322,4,B,No,7.4,39.14,71.4,58.2,2.7,108.21,28.84,108.37,8.68,69.1,45,OK,customer complaint logged,82.99,1.24
1159,ORD-82058,2025-12-07,Plant D,MC-012,Assembly Line,7.7,Night,OP0028,K. Verma,Electronics Housing,Steel,MetalWorks Pvt Ltd,250,317,337,3,B,Yes,6.9,36.57,72.4,57.5,2.71,101.03,39.25,63.4,8.31,58.5,26,OK,Material shortage,106.31,0.89
1160,ORD-11003,2025-10-01,Plant C,MC-036,Welding Robot,13.6,Morning,OP0101,A. Iyer,Industrial Fastener,Copper,SteelCorp Ltd,200,287,273,7,Reject,Yes,9.4,56.86,99.6,49.1,2.89,85.87,29.01,116.32,9.41,80.4,7,OK,Material shortage,95.12,2.56
1161,ORD-24010,2026-07-05,Plant E,MC-036,Conveyor Unit,3.6,Night,OP0013,M. Naidu,Medical Device Part,Polycarbonate,SteelCorp Ltd,150,315,308,7,A+,No,10.3,38.58,74.0,38.9,3.08,127.32,32.04,124.12,8.0,57.9,32,Due,No Remarks,97.78,2.27
1162,ORD-73402,2026-01-13,Plant B,MC-032,Injection Molder,13.3,Night,OP0040,R. Sharma,Home Appliance Component,Copper,Unknown,100,294,264,5,B,Yes,8.9,51.22,63.4,42.8,3.26,93.18,22.49,103.05,5.74,90.7,25,Due,Line stopped briefly,89.8,1.89
1163,ORD-70931,2026-08-04,Plant B,MC-037,CNC Lathe,4.8,Night,OP0083,K. Verma,Metal Bracket,Aluminum,SteelCorp Ltd,200,762,659,11,Not Graded,No,38.1,38.69,61.2,46.8,2.54,185.67,9.41,78.76,9.46,92.8,44,Due,No Remarks,86.48,1.67
1164,ORD-24210,2025-10-16,Plant C,MC-011,3D Printer,8.5,Unknown,OP0086,M. Naidu,Automotive Parts,Steel,Precision Components Co,150,449,393,7,C,Yes,41.2,29.12,71.2,32.4,3.62,64.0,42.28,201.4,9.41,50.2,33,Not Scheduled,unknown issue,87.53,1.78
1165,ORD-12651,2025-11-21,Plant E,MC-007,Welding Robot,6.5,Morning,OP0084,L. D'Souza,Packaging Unit,Steel,Unknown,150,503,490,12,C,No,16.3,52.25,75.9,39.6,1.49,129.31,30.65,310.89,7.27,46.9,29,Due,Late shift start,97.42,2.45
1166,ORD-43183,2025-10-11,Plant B,MC-007,Conveyor Unit,14.3,Morning,OP0046,R. Sharma,Automotive Parts,ABS Plastic,Global Alloys,150,291,279,4,B,Yes,8.2,36.66,67.4,32.6,4.11,95.53,42.26,107.69,8.84,62.7,12,Due,No Remarks,95.88,1.43
1167,ORD-83604,2025-12-21,Plant C,MC-036,Injection Molder,13.4,Evening,OP0054,A. Iyer,Medical Device Part,Steel,Poly Materials Inc,100,398,374,3,Reject,No,33.8,44.36,64.5,47.4,3.01,81.25,43.21,79.01,11.29,83.4,70,OK,No Remarks,93.97,0.8
1168,ORD-13526,2025-12-05,Plant D,MC-015,Welding Robot,8.1,Night,OP0027,L. D'Souza,Electronics Housing,Unknown,Precision Components Co,250,533,454,13,A,Not Recorded,38.6,46.23,62.3,46.2,0.89,125.94,40.92,305.8,7.1,50.7,11,Not Scheduled,Line stopped briefly,85.18,2.86
1169,ORD-26832,2026-03-04,Plant A,MC-036,Conveyor Unit,4.0,Unknown,OP0039,N. Fernandes,Electronics Housing,Unknown,Global Alloys,50,437,426,12,Reject,Yes,25.4,36.17,69.3,54.4,1.78,112.84,5.46,46.77,6.56,53.0,30,Not Scheduled,Routine check,97.48,2.82
1170,ORD-75817,2026-02-17,Plant C,MC-010,3D Printer,7.6,Evening,OP0120,S. Kumar,Aerospace Component,Steel,Precision Components Co,50,477,453,9,A,Yes,5.1,49.65,78.6,40.3,2.61,108.95,17.01,112.59,6.23,60.1,65,Not Scheduled,OK,94.97,1.99
1171,ORD-89928,2026-08-01,Unknown,MC-038,Stamping Press,5.7,Morning,OP0104,Unknown,Automotive Parts,Steel,MetalWorks Pvt Ltd,100,433,424,7,Not Graded,Yes,22.1,49.01,73.9,69.1,1.87,92.06,23.57,135.8,6.57,44.7,52,Overdue,Power fluctuation,97.92,1.65
1172,ORD-26761,2026-06-21,Plant C,MC-032,3D Printer,1.9,Evening,OP0053,K. Verma,Metal Bracket,Steel,Precision Components Co,150,313,298,8,A,Yes,28.9,18.3,68.1,40.1,3.69,145.45,26.85,162.8,6.93,91.1,2,OK,OK,95.21,2.68
1173,ORD-12000,2026-01-30,Plant D,MC-028,Assembly Line,3.7,Morning,OP0075,A. Iyer,Automotive Parts,Steel,Global Alloys,50,480,449,6,A+,Yes,55.9,43.56,77.3,51.7,1.45,134.42,36.96,151.31,7.14,68.7,49,Not Scheduled,Routine check,93.54,1.34
1174,ORD-97293,2026-03-31,Plant E,MC-026,CNC Lathe,7.1,Morning,OP0084,Unknown,Industrial Fastener,Unknown,MetalWorks Pvt Ltd,200,507,398,12,Reject,Not Recorded,9.3,70.6,69.0,30.3,1.43,110.27,19.59,170.48,8.16,54.9,16,OK,Power fluctuation,78.5,3.02
1175,ORD-28970,2026-09-11,Unknown,MC-022,Conveyor Unit,4.2,Night,OP0054,K. Verma,Aerospace Component,Copper,MetalWorks Pvt Ltd,50,266,245,1,B,No,42.8,38.38,54.4,46.8,1.31,142.03,16.18,13.53,5.63,48.9,32,OK,Material shortage,92.11,0.41
1176,ORD-53488,2026-03-19,Plant A,MC-033,3D Printer,8.9,Night,OP0079,R. Sharma,Metal Bracket,Aluminum,Global Alloys,50,559,447,16,B,No,66.3,24.53,62.4,44.5,1.91,155.22,6.72,63.4,6.47,92.7,50,Due,Power fluctuation,79.96,3.58
1177,ORD-25337,2025-11-29,Plant A,MC-011,Conveyor Unit,9.2,Night,OP0029,R. Sharma,Industrial Fastener,Polycarbonate,SteelCorp Ltd,200,363,261,3,B,Yes,12.1,36.99,42.1,36.3,3.03,152.98,36.86,87.27,9.04,62.0,26,OK,No Remarks,71.9,1.15
1178,ORD-90654,2025-11-27,Plant B,MC-024,Welding Robot,13.6,Evening,OP0019,R. Sharma,Consumer Plastics,Polycarbonate,Unknown,250,495,506,11,A,Yes,46.8,55.25,72.5,62.5,0.4,96.04,7.27,67.12,8.39,52.9,28,Scheduled,Power fluctuation,102.22,2.17
1179,ord2761,2025-12-21,Plant B,MC-021,Press Brake,13.0,Night,OP0113,P. Rao,Medical Device Part,Steel,Unknown,200,479,446,8,B,No,19.2,36.6,77.8,63.4,0.82,96.1,3.59,27.03,11.44,59.8,32,Not Scheduled,No Remarks,93.11,1.79
1180,ORD-93967,2025-12-21,Plant A,MC-013,3D Printer,6.8,Night,OP0052,S. Kumar,Consumer Plastics,Cast Iron,MetalWorks Pvt Ltd,50,531,468,10,A+,Yes,16.8,27.3,64.2,46.1,3.65,109.06,10.74,91.48,7.03,64.5,50,Due,unknown issue,88.14,2.14
1181,ORD-70560,2026-08-13,Plant B,MC-020,CNC Mill,7.6,Night,OP0072,R. Sharma,Packaging Unit,Polycarbonate,Unknown,100,425,396,6,Not Graded,Yes,9.4,56.7,72.0,66.0,4.29,108.02,11.02,39.46,9.26,71.5,9,Due,Late shift start,93.18,1.52
1182,ORD-35390,2025-11-11,Plant D,MC-006,Stamping Press,5.7,Morning,OP0094,K. Verma,Packaging Unit,Unknown,SteelCorp Ltd,300,502,479,13,B,No,18.7,45.65,62.8,46.8,0.11,135.86,23.87,285.06,7.66,67.5,67,OK,No Remarks,95.42,2.71
1183,ORD-58718,2026-03-27,Plant A,MC-035,Press Brake,12.4,Morning,OP0012,S. Kumar,Consumer Plastics,Cast Iron,SteelCorp Ltd,150,746,744,15,Reject,Yes,1.8,70.35,64.9,44.6,2.04,74.27,17.16,253.15,5.31,46.1,34,Not Scheduled,Power fluctuation,99.73,2.02
1184,ORD-21071,2025-10-24,Plant A,MC-029,Injection Molder,10.7,Morning,OP0071,N. Fernandes,Electronics Housing,Steel,Unknown,100,482,412,7,C,Not Recorded,7.8,54.68,67.0,60.0,0.99,59.54,41.7,168.66,8.01,43.8,24,Not Scheduled,OK,85.48,1.7
1185,ORD-49216,2026-05-24,Unknown,MC-027,Laser Cutter,10.2,Morning,OP0097,Unknown,Automotive Parts,Unknown,SteelCorp Ltd,300,595,662,9,A,No,14.2,58.69,60.2,40.6,0.3,150.94,14.23,95.08,10.32,69.5,43,OK,Routine check,111.26,1.36
1186,ORD-22531,2026-05-12,Plant C,MC-024,Laser Cutter,12.8,Morning,OP0004,S. Kumar,Aerospace Component,Aluminum,SteelCorp Ltd,300,618,547,11,A,No,27.8,49.39,66.9,34.7,1.99,154.54,40.56,297.35,6.09,64.7,0,Due,No Remarks,88.51,2.01
1187,ORD-76550,2026-04-27,Plant E,MC-008,Laser Cutter,8.1,Morning,OP0092,P. Rao,Home Appliance Component,Aluminum,Global Alloys,150,299,291,5,Not Graded,No,21.5,34.15,73.7,25.1,2.01,77.61,8.21,38.26,7.39,43.7,26,Not Scheduled,customer complaint logged,97.32,1.72
1188,ORD-20030,2026-03-19,Plant A,MC-016,CNC Lathe,8.8,Morning,OP0051,L. D'Souza,Medical Device Part,ABS Plastic,SteelCorp Ltd,50,552,531,10,B,Not Recorded,33.9,44.51,68.0,35.2,3.43,142.85,3.5,24.11,7.02,59.1,26,Due,Late shift start,96.2,1.88
1189,ORD-86368,2025-12-24,Plant C,MC-023,CNC Mill,10.1,Morning,OP0040,S. Kumar,Metal Bracket,Steel,Precision Components Co,175,562,532,11,B,Not Recorded,14.6,32.14,66.0,44.8,0.57,88.84,21.85,208.51,5.13,84.9,14,Not Scheduled,unknown issue,94.66,2.07
1190,ORD-83783,2025-12-10,Plant B,MC-004,Welding Robot,11.5,Night,OP0081,Unknown,Consumer Plastics,Aluminum,SteelCorp Ltd,150,632,462,14,B,No,34.1,56.07,69.1,64.2,2.38,70.41,10.8,95.46,8.34,74.8,34,OK,No Remarks,73.1,3.03
1191,ORD-37180,2025-12-20,Unknown,MC-017,Conveyor Unit,2.5,Morning,OP0084,M. Naidu,Metal Bracket,Unknown,Unknown,250,418,381,5,A,Yes,67.4,57.9,70.1,48.1,1.18,105.3,4.31,15.99,8.03,47.9,30,Overdue,Late shift start,91.15,1.31
1192,ORD-26160,2026-01-29,Plant D,MC-009,Press Brake,0.8,Morning,OP0087,A. Iyer,Electronics Housing,Unknown,Global Alloys,300,613,585,16,Reject,No,40.3,51.05,61.6,25.8,3.06,213.9,34.04,488.99,6.77,100.0,8,Scheduled,Line stopped briefly,95.43,2.74
1193,ORD-49596,2026-02-18,Plant A,MC-040,Stamping Press,6.0,Morning,OP0080,Unknown,Home Appliance Component,Steel,Global Alloys,200,387,379,12,A,No,20.0,57.61,77.9,59.2,2.93,79.99,30.46,299.54,8.44,98.0,10,Due,Late shift start,97.93,3.17
1194,ORD-24369,2026-04-26,Unknown,MC-018,Laser Cutter,14.6,Morning,OP0042,P. Rao,Packaging Unit,Aluminum,Global Alloys,200,617,582,10,C,Yes,4.2,58.95,68.1,29.9,0.38,91.62,10.8,57.07,8.01,94.5,59,Scheduled,No Remarks,94.33,1.72
1195,ORD-61167,2026-04-05,Unknown,MC-024,Assembly Line,8.2,Evening,OP0107,Unknown,Consumer Plastics,Cast Iron,Global Alloys,150,138,118,1,Reject,Yes,29.4,35.67,72.3,30.2,3.28,75.32,20.17,15.63,6.8,87.6,75,Overdue,unknown issue,85.51,0.85
1196,ORD-59479,2026-07-14,Plant B,MC-020,CNC Lathe,0.4,Morning,OP0006,M. Naidu,Industrial Fastener,Aluminum,Global Alloys,200,613,497,11,A,No,0.6,13.91,63.1,49.7,0.18,126.42,25.79,245.29,7.95,66.4,5,Due,customer complaint logged,81.08,2.21
1197,ORD-55890,2026-06-03,Plant A,MC-003,3D Printer,5.2,Morning,OP0079,K. Verma,Electronics Housing,ABS Plastic,Unknown,200,488,499,12,Not Graded,Not Recorded,59.2,50.77,70.2,41.5,2.81,124.53,6.15,37.42,6.52,96.2,30,OK,Late shift start,102.25,2.4
1198,ORD-52948,2026-03-13,Plant A,MC-033,Assembly Line,7.7,Evening,OP0030,L. D'Souza,Aerospace Component,Aluminum,Global Alloys,300,632,573,9,Not Graded,Yes,31.9,44.82,82.3,29.8,1.35,116.77,29.71,170.14,10.06,46.5,13,Not Scheduled,No Remarks,90.66,1.57
1199,ORD-32318,2026-08-28,Plant A,MC-006,Welding Robot,12.6,Evening,OP0088,S. Kumar,Electronics Housing,Aluminum,SteelCorp Ltd,150,565,571,12,B,No,36.1,65.4,54.8,59.5,4.24,49.39,12.94,116.27,8.47,41.5,18,OK,Line stopped briefly,101.06,2.1
1200,ORD-88398,2026-01-31,Plant E,MC-020,Press Brake,10.2,Night,OP0077,M. Naidu,Packaging Unit,ABS Plastic,MetalWorks Pvt Ltd,200,419,400,6,B,Not Recorded,7.9,39.93,61.3,40.4,3.57,125.05,32.88,115.75,5.35,82.2,43,OK,unknown issue,95.47,1.5
1201,ORD-64805,2026-02-03,Plant A,MC-005,CNC Lathe,11.5,Evening,OP0078,S. Kumar,Aerospace Component,Steel,Global Alloys,100,620,564,14,Reject,Yes,29.1,49.27,52.8,33.8,3.46,139.95,37.26,325.48,10.06,47.0,22,Not Scheduled,customer complaint logged,90.97,2.48
1202,ORD-93738,2025-10-28,Plant E,MC-021,Welding Robot,10.0,Evening,OP0030,A. Iyer,Home Appliance Component,Steel,Poly Materials Inc,250,734,693,13,A,Yes,51.5,58.06,85.6,47.7,0.96,104.58,23.39,271.63,5.6,67.7,23,Not Scheduled,Power fluctuation,94.41,1.88
1203,ORD-36607,2025-12-04,Plant B,MC-032,Press Brake,1.0,Morning,OP0050,Unknown,Electronics Housing,Cast Iron,Global Alloys,200,595,497,11,Not Graded,Yes,33.3,36.91,91.0,52.8,0.95,169.15,10.31,79.44,6.31,73.5,10,Overdue,No Remarks,83.53,2.21
1204,ORD-86401,2026-09-07,Plant B,MC-034,Injection Molder,14.6,Morning,OP0016,R. Sharma,Metal Bracket,Steel,SteelCorp Ltd,175,467,480,13,Not Graded,Yes,24.8,52.35,75.8,37.1,0.94,98.31,28.42,237.52,5.5,72.5,60,OK,Power fluctuation,102.78,2.71
1205,ORD-57091,2026-01-10,Plant B,MC-018,Stamping Press,0.7,Night,OP0006,Unknown,Aerospace Component,Aluminum,Poly Materials Inc,150,435,461,7,A,Yes,25.1,41.44,73.1,40.6,4.39,124.07,10.42,43.74,4.62,47.0,21,Not Scheduled,Material shortage,105.98,1.52
1206,ORD-98305,2025-12-28,Plant D,MC-019,Stamping Press,7.0,Morning,OP0112,M. Naidu,Metal Bracket,Unknown,Precision Components Co,50,731,673,8,Not Graded,Yes,15.6,61.64,77.3,55.3,2.81,107.45,20.26,85.78,7.51,83.5,40,Not Scheduled,Material shortage,92.07,1.19
1207,ORD-20069,2026-03-27,Plant D,MC-011,Injection Molder,6.6,Morning,OP0073,K. Verma,Packaging Unit,Steel,Global Alloys,300,707,656,16,C,No,27.9,24.38,66.8,33.8,1.31,152.72,34.84,485.07,8.85,81.5,67,Due,customer complaint logged,92.79,2.44
1208,ORD-40252,2025-11-19,Plant B,MC-008,Injection Molder,10.4,Night,OP0070,K. Verma,Metal Bracket,Polycarbonate,Precision Components Co,250,490,388,7,C,Yes,5.0,44.78,67.7,38.7,0.77,110.0,37.84,196.26,8.16,66.9,39,OK,OK,79.18,1.8
1209,ORD-22563,2026-05-12,Plant C,MC-019,Injection Molder,4.2,Evening,OP0050,L. D'Souza,Industrial Fastener,Aluminum,SteelCorp Ltd,150,712,583,13,B,Not Recorded,54.2,82.64,80.9,56.1,0.39,78.48,25.46,254.36,9.09,63.5,22,Not Scheduled,No Remarks,81.88,2.23
1210,ORD-72804,2026-08-11,Plant A,MC-030,Press Brake,14.6,Night,OP0089,S. Kumar,Consumer Plastics,Unknown,Global Alloys,300,398,344,4,Not Graded,Yes,31.9,23.85,53.6,37.0,3.22,97.18,4.05,15.05,7.84,84.0,21,Overdue,OK,86.43,1.16
1211,ORD-33014,2026-08-07,Plant C,MC-040,Laser Cutter,2.6,Night,OP0007,L. D'Souza,Medical Device Part,Steel,SteelCorp Ltd,150,612,515,15,B,Yes,59.1,26.26,65.3,45.7,4.6,151.94,37.34,495.91,6.19,51.3,0,OK,customer complaint logged,84.15,2.91
1212,ORD-51079,2026-06-06,Plant D,MC-006,Assembly Line,7.1,Morning,OP0086,A. Iyer,Packaging Unit,ABS Plastic,Precision Components Co,150,428,469,6,A,Yes,25.1,35.74,63.5,50.3,2.2,156.89,39.39,180.24,6.84,88.0,37,Due,OK,109.58,1.28
1213,ORD-96690,2026-08-27,Plant A,MC-040,Assembly Line,12.8,Night,OP0117,N. Fernandes,Medical Device Part,Copper,SteelCorp Ltd,300,592,607,22,A+,Not Recorded,39.0,67.06,67.9,48.5,0.19,166.23,30.08,398.17,9.1,61.1,77,Not Scheduled,No Remarks,102.53,3.62
1214,ORD-76182,2026-04-23,Plant D,MC-015,Conveyor Unit,2.7,Evening,OP0092,A. Iyer,Electronics Housing,Polycarbonate,SteelCorp Ltd,250,622,628,14,C,Yes,42.7,53.48,73.9,56.8,0.81,126.81,28.61,223.25,8.77,65.5,42,Not Scheduled,No Remarks,100.96,2.23
1215,ORD-18197,2026-04-13,Plant C,MC-029,Laser Cutter,2.2,Morning,OP0083,R. Sharma,Metal Bracket,Aluminum,SteelCorp Ltd,200,537,467,10,Reject,Yes,13.0,56.34,71.4,55.0,1.38,84.51,34.21,308.7,8.91,53.0,80,Due,Late shift start,86.96,2.14
1216,ORD-80621,2026-03-27,Plant C,MC-025,CNC Mill,9.1,Morning,OP0070,N. Fernandes,Electronics Housing,Copper,SteelCorp Ltd,250,449,425,6,B,Yes,348.2,33.38,58.4,52.9,1.63,42.43,17.43,91.23,10.91,91.7,45,Overdue,Late shift start,94.65,1.41
1217,ORD-86365,2025-12-25,Plant E,MC-005,Assembly Line,4.7,Night,OP0001,S. Kumar,Medical Device Part,ABS Plastic,Unknown,150,547,547,11,C,Yes,12.7,40.26,71.9,42.2,1.08,163.9,41.55,282.85,10.6,84.4,58,Due,customer complaint logged,100.0,2.01
1218,ORD-84700,2026-04-02,Plant B,MC-025,Press Brake,10.6,Morning,OP0093,R. Sharma,Metal Bracket,Steel,Poly Materials Inc,175,635,649,13,Reject,Not Recorded,7.6,56.1,75.9,40.8,2.69,54.28,36.73,442.47,7.63,82.4,59,Due,OK,102.2,2.0
1219,ORD-56106,2026-05-11,Plant A,MC-002,Laser Cutter,10.5,Night,OP0101,P. Rao,Packaging Unit,Unknown,SteelCorp Ltd,250,695,605,9,A,Yes,44.9,66.44,65.6,18.7,1.21,205.14,11.59,90.71,7.54,40.3,4,OK,Late shift start,87.05,1.49
1220,ORD-68482,2026-06-22,Unknown,MC-021,3D Printer,6.2,Morning,OP0005,S. Kumar,Automotive Parts,Unknown,SteelCorp Ltd,300,577,537,11,B,Yes,14.4,59.43,58.1,6.9,2.46,130.2,26.84,148.79,4.86,53.8,27,Not Scheduled,Material shortage,93.07,2.05
1221,ORD-68901,2025-10-09,Plant B,MC-013,Press Brake,11.2,Morning,OP0042,M. Naidu,Electronics Housing,Unknown,Unknown,50,385,328,9,B,Not Recorded,16.9,45.36,57.1,63.1,2.27,116.55,33.78,294.63,6.59,88.5,1,Due,Line stopped briefly,85.19,2.74
1222,ord9040,2026-02-02,Plant B,MC-020,3D Printer,11.7,Morning,OP0082,R. Sharma,Consumer Plastics,Aluminum,Precision Components Co,300,413,383,6,A+,Yes,16.3,38.65,70.2,37.9,0.07,142.8,6.6,35.17,10.31,93.3,28,Scheduled,OK,92.74,1.57
1223,ORD-19898,2026-03-08,Plant C,MC-004,Injection Molder,14.1,Night,OP0007,N. Fernandes,Aerospace Component,Polycarbonate,SteelCorp Ltd,100,394,362,5,A,No,5.9,25.68,64.7,58.5,2.95,119.94,9.44,40.68,7.29,85.8,18,OK,No Remarks,91.88,1.38
1224,ORD-83995,2026-03-03,Plant B,MC-031,Welding Robot,15.0,Morning,OP0074,K. Verma,Metal Bracket,Aluminum,Global Alloys,250,645,597,13,Not Graded,Yes,0.2,51.75,57.8,51.8,4.38,148.79,37.42,473.89,6.91,89.0,25,Due,unknown issue,92.56,2.18
1225,ORD-13625,2026-06-24,Plant B,MC-040,Injection Molder,7.1,Evening,OP0097,N. Fernandes,Consumer Plastics,Aluminum,Global Alloys,50,722,582,9,A+,Not Recorded,38.4,64.67,58.3,62.0,1.18,131.76,29.42,162.56,7.36,79.1,6,Scheduled,No Remarks,80.61,1.55
1226,ORD-39240,2025-11-12,Plant D,MC-011,Conveyor Unit,4.4,Morning,OP0035,N. Fernandes,Aerospace Component,Aluminum,SteelCorp Ltd,300,511,412,5,Not Graded,Yes,60.8,43.45,77.2,42.7,2.64,124.19,34.17,85.69,8.93,92.3,33,Not Scheduled,No Remarks,80.63,1.21
1227,ORD-66657,2025-12-12,Plant A,MC-033,Injection Molder,4.0,Evening,OP0025,R. Sharma,Medical Device Part,Steel,Unknown,200,442,409,11,Reject,Not Recorded,1.3,37.67,63.2,61.2,2.09,133.85,8.1,85.45,8.01,91.4,17,OK,Line stopped briefly,92.53,2.69
1228,ORD-78684,2025-11-29,Plant A,MC-006,Conveyor Unit,1.9,Night,OP0026,P. Rao,Home Appliance Component,Copper,SteelCorp Ltd,150,536,490,10,B,Yes,6.3,55.84,70.0,55.9,1.69,166.39,25.92,153.34,4.57,46.1,6,OK,No Remarks,91.42,2.04
1229,ORD-93105,2025-11-30,Plant B,MC-040,CNC Mill,4.2,Night,OP0065,A. Iyer,Electronics Housing,Polycarbonate,Global Alloys,100,381,382,7,B,No,20.6,39.25,78.4,39.9,3.54,140.89,42.41,168.68,9.34,76.9,2,Due,No Remarks,100.26,1.83
1230,ORD-19225,2026-08-13,Plant C,MC-033,3D Printer,14.2,Night,OP0076,P. Rao,Electronics Housing,Steel,Global Alloys,200,655,604,8,B,No,45.9,41.91,79.6,43.8,0.98,143.78,20.45,111.36,5.09,50.0,30,Due,No Remarks,92.21,1.32
1231,ORD-12031,2025-12-02,Plant C,MC-035,Conveyor Unit,0.8,Night,OP0089,M. Naidu,Aerospace Component,Aluminum,SteelCorp Ltd,250,401,414,9,B,Not Recorded,42.2,39.67,58.4,35.9,4.33,97.0,12.9,70.28,6.17,77.9,7,OK,Power fluctuation,103.24,2.17
1232,ORD-15611,2026-01-06,Plant C,MC-007,Assembly Line,12.2,Morning,OP0018,R. Sharma,Aerospace Component,Steel,MetalWorks Pvt Ltd,200,454,417,8,A,Yes,44.9,27.29,64.6,41.0,2.46,150.16,15.83,124.52,7.21,100.0,24,Not Scheduled,No Remarks,91.85,1.92
1233,ORD-88878,2025-11-30,Plant B,MC-010,Press Brake,14.1,Morning,OP0098,A. Iyer,Electronics Housing,Steel,SteelCorp Ltd,100,276,259,4,Not Graded,Yes,39.7,36.46,54.1,43.1,1.47,86.18,40.37,101.17,7.91,66.7,3,Not Scheduled,Line stopped briefly,93.84,1.54
1234,ORD-87244,2026-08-15,Plant B,MC-026,3D Printer,13.7,Night,OP0120,R. Sharma,Consumer Plastics,Unknown,Poly Materials Inc,300,459,422,10,C,Not Recorded,29.7,31.69,52.1,39.3,0.25,45.91,25.35,132.01,7.18,80.5,22,Scheduled,OK,91.94,2.37
1235,ORD-85440,2026-07-25,Plant C,MC-019,3D Printer,9.1,Morning,OP0101,M. Naidu,Consumer Plastics,Steel,Precision Components Co,150,704,719,15,A,Yes,8.2,48.96,73.4,28.9,0.58,146.02,22.18,210.34,8.36,92.8,12,OK,No Remarks,102.13,2.09
1236,ORD-52161,2026-06-25,Plant A,MC-015,Injection Molder,2.4,Evening,OP0034,R. Sharma,Metal Bracket,Steel,Global Alloys,200,456,415,7,C,Yes,22.5,21.25,66.8,51.8,1.89,97.82,5.37,36.68,6.0,67.0,44,Not Scheduled,unknown issue,91.01,1.69
1237,ORD-18668,2026-08-10,Plant B,MC-015,CNC Lathe,8.4,Night,OP0109,Unknown,Aerospace Component,Steel,Unknown,100,600,569,15,C,Yes,5.1,61.39,63.3,71.0,2.88,87.79,3.39,32.29,7.64,58.3,47,Not Scheduled,Routine check,94.83,2.64
1238,ORD-98706,2026-06-24,Plant B,MC-006,Welding Robot,13.5,Evening,OP0010,N. Fernandes,Electronics Housing,ABS Plastic,SteelCorp Ltd,250,545,537,10,A,No,13.3,59.3,66.9,16.9,0.42,131.5,6.73,50.77,10.16,75.0,57,Due,No Remarks,98.53,1.86
1239,ORD-18830,2026-02-10,Plant A,MC-004,3D Printer,5.8,Morning,OP0010,R. Sharma,Medical Device Part,Steel,Unknown,200,495,459,13,B,No,36.0,50.43,70.7,44.3,1.57,71.35,22.51,279.85,8.53,50.9,25,Not Scheduled,Power fluctuation,92.73,2.83
1240,ORD-37924,2025-10-01,Plant B,MC-023,Conveyor Unit,10.2,Morning,OP0026,R. Sharma,Electronics Housing,Polycarbonate,Global Alloys,300,700,688,10,Reject,No,23.3,36.55,64.5,53.8,2.91,135.62,7.17,134.6,7.79,77.6,3,OK,OK,98.29,1.45
1241,ORD-52534,2026-07-28,Plant A,MC-030,Injection Molder,13.7,Evening,OP0025,M. Naidu,Automotive Parts,Cast Iron,Global Alloys,50,370,354,7,Reject,Yes,8.7,25.82,79.6,31.6,2.45,108.41,8.8,56.26,6.57,80.1,63,Not Scheduled,No Remarks,95.68,1.98
1242,ORD-92728,2026-07-21,Plant B,MC-025,CNC Lathe,6.1,Morning,OP0095,R. Sharma,Industrial Fastener,Polycarbonate,SteelCorp Ltd,300,561,593,14,A,No,25.2,41.51,89.6,55.0,1.51,122.95,44.97,628.19,8.46,44.9,26,Scheduled,customer complaint logged,105.7,2.36
1243,ORD-14394,2026-05-23,Plant A,MC-013,Injection Molder,2.5,Unknown,OP0116,M. Naidu,Metal Bracket,Steel,SteelCorp Ltd,50,357,300,7,Not Graded,Yes,54.1,38.07,57.5,57.0,2.07,91.9,38.29,146.51,9.31,61.9,52,OK,unknown issue,84.03,2.33
1244,ORD-42570,2026-04-13,Plant B,MC-040,3D Printer,11.7,Morning,OP0041,L. D'Souza,Consumer Plastics,Aluminum,MetalWorks Pvt Ltd,200,505,550,18,A,Not Recorded,0.0,57.97,81.2,34.7,2.33,132.39,34.67,333.58,9.7,85.5,9,Overdue,Routine check,108.91,3.27
1245,ORD-15546,2026-09-07,Plant B,MC-011,CNC Lathe,14.2,Evening,OP0093,Unknown,Home Appliance Component,Copper,Precision Components Co,100,463,400,8,B,Not Recorded,20.7,58.42,57.5,43.2,0.15,106.24,19.96,130.27,8.14,90.9,8,Due,No Remarks,86.39,2.0
1246,ORD-40874,2026-07-17,Plant B,MC-002,Injection Molder,12.9,Morning,OP0010,L. D'Souza,Home Appliance Component,Aluminum,Global Alloys,250,625,546,12,B,No,26.1,44.17,67.1,57.3,2.48,142.6,21.2,188.16,8.31,85.9,28,Scheduled,Routine check,87.36,2.2
1247,ORD-70395,2025-12-01,Plant D,MC-029,Assembly Line,8.6,Evening,OP0074,Unknown,Consumer Plastics,Copper,SteelCorp Ltd,150,587,662,8,A,Yes,25.8,35.42,45.1,57.4,1.3,156.75,32.05,138.58,7.65,100.0,33,Overdue,customer complaint logged,112.78,1.21
1248,ORD-46981,2026-01-11,Plant B,MC-039,Laser Cutter,8.7,Morning,OP0116,R. Sharma,Medical Device Part,Cast Iron,Precision Components Co,150,534,552,6,A,Yes,17.8,25.52,66.0,59.1,3.24,114.96,28.33,137.27,8.67,73.4,10,Not Scheduled,unknown issue,103.37,1.09
1249,ord5676,2026-06-11,Plant A,MC-039,Conveyor Unit,6.2,Morning,OP0111,Unknown,Electronics Housing,Aluminum,SteelCorp Ltd,50,428,411,7,A,Yes,21.2,45.51,65.5,38.6,2.19,157.18,15.5,101.12,6.43,91.3,2,Overdue,unknown issue,96.03,1.7
1250,ORD-33464,2026-03-01,Plant D,MC-030,Injection Molder,5.0,Morning,OP0040,Unknown,Automotive Parts,Polycarbonate,SteelCorp Ltd,150,579,620,18,Not Graded,Not Recorded,41.0,46.12,63.4,14.4,1.88,108.59,22.09,240.68,8.26,78.9,27,OK,No Remarks,107.08,2.9
1251,ORD-55317,2025-12-23,Plant B,MC-018,3D Printer,2.9,Evening,OP0010,L. D'Souza,Packaging Unit,ABS Plastic,Poly Materials Inc,300,428,434,9,B,Yes,0.7,63.97,65.2,54.6,3.91,168.65,10.3,72.2,7.65,50.1,41,Due,No Remarks,101.4,2.07
1252,ORD-37953,2026-08-22,Plant B,MC-026,CNC Mill,11.8,Evening,OP0100,Unknown,Consumer Plastics,Unknown,Global Alloys,200,654,487,7,B,No,15.3,71.92,70.1,42.4,1.57,81.29,44.77,195.12,8.55,70.0,49,Due,No Remarks,74.46,1.44
1253,ord8029,2025-11-14,Plant D,MC-028,Welding Robot,3.7,Morning,OP0074,S. Kumar,Home Appliance Component,Aluminum,SteelCorp Ltd,100,683,684,11,B,Yes,44.5,66.28,68.1,45.4,1.43,62.89,34.87,296.63,6.94,88.3,14,Due,Routine check,100.15,1.61
1254,ORD-12217,2026-02-15,Plant B,MC-018,CNC Lathe,0.7,Morning,OP0080,Unknown,Aerospace Component,Steel,Unknown,100,375,327,7,A,Yes,39.8,52.21,80.5,36.8,2.49,134.93,30.94,196.64,8.91,84.1,42,OK,No Remarks,87.2,2.14
1255,ORD-51894,2025-12-11,Plant A,MC-024,Injection Molder,12.5,Morning,OP0034,Unknown,Packaging Unit,Cast Iron,Poly Materials Inc,50,470,400,2,C,Yes,83.2,28.64,69.6,23.7,0.5,123.42,42.76,59.48,8.81,89.0,19,Due,customer complaint logged,85.11,0.5
1256,ORD-33440,2026-04-26,Plant C,MC-009,Conveyor Unit,9.0,Night,OP0086,M. Naidu,Automotive Parts,Steel,Precision Components Co,200,547,516,13,B,Yes,3.9,43.78,81.0,37.1,0.06,83.16,32.05,306.98,7.45,46.1,2,Not Scheduled,No Remarks,94.33,2.52
1257,ORD-14062,2026-07-07,Plant D,MC-031,Conveyor Unit,7.9,Night,OP0103,R. Sharma,Home Appliance Component,Steel,Global Alloys,200,473,340,4,Reject,Yes,15.6,51.57,57.4,58.4,3.03,145.14,13.79,52.35,8.29,41.0,24,Due,OK,71.88,1.18
1258,ORD-98340,2026-07-21,Plant E,MC-015,Injection Molder,7.1,Morning,OP0073,S. Kumar,Aerospace Component,ABS Plastic,Precision Components Co,300,342,316,5,Reject,Yes,24.9,41.75,70.7,60.2,4.87,102.91,38.14,100.95,9.54,80.7,4,Due,OK,92.4,1.58
1259,ORD-19432,2026-09-14,Plant D,MC-013,CNC Mill,13.4,Morning,OP0014,M. Naidu,Electronics Housing,Polycarbonate,Precision Components Co,50,324,299,9,A,No,18.7,31.02,79.9,33.1,3.2,167.32,32.55,269.01,10.67,58.8,97,Overdue,No Remarks,92.28,3.01
1260,ORD-69805,2025-10-25,Plant C,MC-020,Injection Molder,5.6,Evening,OP0109,N. Fernandes,Industrial Fastener,Cast Iron,Global Alloys,300,433,427,12,A+,Yes,10.9,53.18,76.9,55.8,3.42,47.1,11.94,126.63,6.87,71.8,14,Not Scheduled,unknown issue,98.61,2.81
1261,ORD-41478,2025-12-08,Plant C,MC-007,CNC Mill,8.9,Night,OP0004,L. D'Souza,Packaging Unit,Copper,Unknown,200,485,521,7,Reject,Not Recorded,3.1,45.58,79.7,61.9,1.59,87.32,28.85,136.73,6.47,63.4,31,Scheduled,Routine check,107.42,1.34
1262,ORD-81834,2025-10-13,Plant E,MC-008,Press Brake,2.6,Morning,OP0035,Unknown,Automotive Parts,Steel,Global Alloys,250,567,518,4,A+,No,61.2,29.37,61.4,78.7,2.97,27.84,32.65,95.64,7.09,74.1,21,Not Scheduled,Late shift start,91.36,0.77
1263,ORD-83912,2026-08-02,Plant A,MC-034,Assembly Line,1.1,Night,OP0116,Unknown,Automotive Parts,Unknown,MetalWorks Pvt Ltd,50,564,466,7,C,No,0.9,40.07,64.7,36.5,2.49,98.02,37.09,196.07,8.0,75.7,34,Overdue,No Remarks,82.62,1.5
1264,ORD-44301,2026-07-01,Plant B,MC-019,Injection Molder,13.8,Night,OP0081,R. Sharma,Packaging Unit,Polycarbonate,SteelCorp Ltd,250,521,521,6,A,Yes,12.3,52.18,64.3,52.3,3.61,128.41,2.63,10.9,7.66,54.7,86,Due,Material shortage,100.0,1.15
1265,ORD-19404,2026-09-08,Plant A,MC-034,Stamping Press,4.9,Morning,OP0108,Unknown,Electronics Housing,Polycarbonate,Unknown,100,741,666,10,Reject,No,20.0,50.75,63.1,54.3,2.7,121.51,18.98,175.48,6.14,49.3,30,Overdue,customer complaint logged,89.88,1.5
1266,ORD-19521,2026-08-02,Plant D,MC-040,CNC Mill,8.0,Night,OP0081,A. Iyer,Metal Bracket,ABS Plastic,Unknown,100,280,274,4,A,Yes,7.9,54.04,49.4,54.0,2.41,85.14,36.37,74.92,5.89,74.2,24,Due,Material shortage,97.86,1.46
1267,ORD-15199,2026-02-22,Plant B,MC-024,Conveyor Unit,7.3,Evening,OP0071,A. Iyer,Home Appliance Component,Copper,Global Alloys,200,364,309,3,A,Yes,23.4,37.92,82.4,53.3,2.99,98.83,11.21,27.99,8.32,84.9,10,Due,customer complaint logged,84.89,0.97
1268,ORD-66696,2026-08-14,Plant B,MC-008,Injection Molder,4.5,Morning,OP0099,Unknown,Consumer Plastics,Polycarbonate,SteelCorp Ltd,150,630,595,13,Reject,Yes,22.3,16.5,85.9,36.8,0.11,101.63,39.55,337.69,6.2,69.3,12,Due,Late shift start,94.44,2.18
1269,ORD-28939,2026-09-15,Plant E,MC-037,CNC Mill,13.7,Evening,OP0018,R. Sharma,Industrial Fastener,Aluminum,SteelCorp Ltd,200,530,524,8,B,Not Recorded,2.3,26.36,72.4,52.2,2.2,167.59,32.62,243.45,7.31,71.3,7,OK,No Remarks,98.87,1.53
1270,ORD-93015,2026-06-27,Plant C,MC-005,Stamping Press,9.1,Morning,OP0040,Unknown,Automotive Parts,ABS Plastic,SteelCorp Ltd,200,543,528,11,A,Yes,34.3,37.72,46.5,65.4,2.64,108.6,19.64,181.79,7.14,67.3,6,Scheduled,Late shift start,97.24,2.08
1271,ORD-22879,2025-12-15,Plant A,MC-028,Stamping Press,7.1,Morning,OP0036,K. Verma,Aerospace Component,Steel,SteelCorp Ltd,200,533,519,14,A,Yes,10.4,36.64,77.9,27.3,1.4,94.4,41.73,508.91,5.84,83.4,41,OK,Routine check,97.37,2.7
1272,ORD-36748,2025-11-09,Plant B,MC-029,CNC Lathe,12.7,Morning,OP0052,S. Kumar,Automotive Parts,Cast Iron,SteelCorp Ltd,150,455,445,13,A,Yes,28.6,42.81,74.2,49.1,4.08,110.8,29.1,219.36,10.78,80.6,31,Overdue,No Remarks,97.8,2.92
1273,ORD-69324,2026-05-02,Plant C,MC-032,Stamping Press,3.0,Night,OP0077,L. D'Souza,Home Appliance Component,Aluminum,Poly Materials Inc,150,591,623,8,Reject,Yes,39.3,56.41,58.3,53.7,2.95,81.02,18.93,147.5,11.18,57.4,27,Scheduled,Late shift start,105.41,1.28
1274,ORD-14841,2026-04-22,Plant A,MC-035,Assembly Line,11.2,Morning,OP0113,N. Fernandes,Medical Device Part,Steel,Global Alloys,150,470,406,9,B,Not Recorded,46.3,44.69,67.4,56.2,3.13,166.68,20.38,158.43,7.78,49.1,26,Due,Power fluctuation,86.38,2.22
1275,ORD-87071,2026-08-04,Plant C,MC-030,CNC Mill,4.3,Night,OP0075,A. Iyer,Metal Bracket,Steel,Poly Materials Inc,200,524,486,11,B,Yes,22.0,27.07,68.2,24.9,2.18,52.68,34.1,243.47,8.61,80.6,29,Scheduled,Material shortage,92.75,2.26
1276,ORD-26717,2025-10-12,Plant D,MC-029,Welding Robot,1.2,Morning,OP0054,P. Rao,Automotive Parts,Unknown,Unknown,150,649,672,11,B,Yes,8.9,51.63,72.7,42.0,2.7,107.36,38.92,264.34,7.45,46.8,17,Due,Material shortage,103.54,1.64
1277,ORD-13579,2026-02-03,Plant D,MC-017,Injection Molder,1.4,Morning,OP0024,N. Fernandes,Packaging Unit,ABS Plastic,SteelCorp Ltd,200,488,454,9,A+,Yes,7.1,40.75,74.5,41.2,3.91,91.35,44.06,225.65,11.82,89.1,17,Scheduled,Late shift start,93.03,1.98
1278,ORD-22682,2026-05-23,Plant B,MC-034,Laser Cutter,9.7,Morning,OP0018,N. Fernandes,Automotive Parts,Aluminum,Global Alloys,300,476,474,7,B,Yes,19.3,46.74,75.4,70.0,0.09,145.58,10.72,48.66,9.81,79.5,35,Due,Power fluctuation,99.58,1.48
1279,ORD-44118,2026-01-28,Plant E,MC-021,CNC Lathe,9.6,Night,OP0103,P. Rao,Packaging Unit,Steel,Global Alloys,50,308,293,4,A+,Not Recorded,36.5,44.07,48.5,46.2,3.21,129.78,23.6,81.62,10.66,86.8,76,Scheduled,No Remarks,95.13,1.37
1280,ORD-43820,2025-10-11,Plant C,MC-023,CNC Mill,1.1,Night,OP0118,K. Verma,Industrial Fastener,Aluminum,Poly Materials Inc,200,556,502,11,Reject,No,19.2,47.4,81.0,52.0,4.13,118.49,27.81,294.86,5.56,85.1,45,OK,unknown issue,90.29,2.19
1281,ORD-48069,2026-09-08,Plant B,MC-015,Injection Molder,12.8,Morning,OP0004,R. Sharma,Automotive Parts,Steel,Global Alloys,200,680,588,10,Reject,Yes,11.6,31.87,52.8,44.6,0.86,152.47,28.95,250.32,6.33,75.1,18,Due,Late shift start,86.47,1.7
1282,ORD-82787,2026-09-10,Unknown,MC-022,Welding Robot,10.3,Morning,Unknown,Unknown,Metal Bracket,Copper,Global Alloys,250,536,572,12,A,Yes,33.7,55.66,86.9,51.9,3.88,159.97,29.3,259.27,7.84,63.7,27,Not Scheduled,No Remarks,106.72,2.1
1283,ORD-19172,2026-07-21,Plant A,MC-014,3D Printer,8.7,Evening,OP0073,L. D'Souza,Aerospace Component,Aluminum,Global Alloys,200,598,576,10,C,Yes,3.3,27.2,60.6,31.4,1.56,94.15,34.22,327.03,6.88,91.8,19,Due,Late shift start,96.32,1.74
1284,ORD-50153,2026-08-22,Plant C,MC-024,Press Brake,14.3,Night,OP0120,Unknown,Consumer Plastics,Aluminum,Precision Components Co,250,586,554,11,A+,Not Recorded,39.8,36.07,53.8,69.0,0.06,210.5,36.84,204.22,7.39,55.1,20,OK,OK,94.54,1.99
1285,ORD-53940,2025-10-24,Plant B,MC-005,Laser Cutter,3.0,Evening,OP0003,A. Iyer,Medical Device Part,Copper,Unknown,150,565,597,9,C,Yes,52.0,41.48,76.1,37.7,4.89,111.02,24.87,141.83,8.54,85.3,19,Due,Late shift start,105.66,1.51
1286,ORD-66698,2026-02-08,Plant B,MC-031,CNC Mill,14.8,Night,OP0016,M. Naidu,Metal Bracket,Copper,Precision Components Co,100,487,421,8,C,Yes,34.8,60.89,74.2,51.7,1.94,147.12,25.2,186.01,6.6,87.4,47,Overdue,No Remarks,86.45,1.9
1287,ORD-27759,2026-08-31,Plant A,MC-032,Press Brake,8.8,Morning,OP0009,Unknown,Aerospace Component,Cast Iron,Global Alloys,150,695,625,9,A+,Yes,8.9,22.32,63.9,32.5,1.31,115.19,20.32,168.73,9.5,80.7,72,Due,No Remarks,89.93,1.44
1288,ORD-80299,2026-05-01,Plant A,MC-038,Assembly Line,6.7,Morning,OP0109,Unknown,Aerospace Component,Steel,Precision Components Co,150,461,410,7,A+,Yes,20.4,33.23,68.5,49.2,2.0,141.95,18.12,77.22,8.0,90.1,78,Due,Power fluctuation,88.94,1.71
1289,ORD-61109,2026-06-11,Plant B,MC-009,Conveyor Unit,4.4,Evening,OP0069,Unknown,Industrial Fastener,Cast Iron,MetalWorks Pvt Ltd,200,516,518,13,B,Yes,62.9,47.85,72.9,57.7,2.81,135.3,22.15,184.58,5.18,89.2,74,Due,Material shortage,100.39,2.51
1290,ORD-93128,2026-05-31,Plant D,MC-002,Conveyor Unit,13.9,Morning,OP0024,L. D'Souza,Aerospace Component,Cast Iron,SteelCorp Ltd,150,495,496,7,Reject,No,54.8,37.95,55.0,52.7,4.37,143.23,32.8,131.96,10.12,42.3,8,Scheduled,unknown issue,100.2,1.41
1291,ORD-59663,2026-04-13,Plant C,MC-008,Injection Molder,14.9,Night,OP0078,L. D'Souza,Medical Device Part,ABS Plastic,SteelCorp Ltd,150,606,563,3,B,Yes,38.0,45.11,67.1,34.4,0.18,89.17,37.73,103.51,10.2,68.4,12,Due,unknown issue,92.9,0.53
1292,ORD-96766,2026-03-08,Plant C,MC-013,CNC Lathe,3.3,Morning,OP0074,M. Naidu,Electronics Housing,Steel,SteelCorp Ltd,250,466,486,13,B,Yes,26.6,61.11,65.5,60.5,0.5,157.89,30.42,365.64,5.65,73.5,67,OK,Routine check,104.29,2.67
1293,ORD-33484,2025-11-08,Plant D,MC-032,3D Printer,2.3,Unknown,OP0008,P. Rao,Electronics Housing,Unknown,Poly Materials Inc,100,167,182,4,Reject,Yes,54.6,56.47,85.5,45.7,2.47,110.65,25.67,56.66,7.75,78.8,12,Due,Routine check,108.98,2.2
1294,ORD-57147,2026-08-04,Unknown,MC-036,Injection Molder,9.3,Evening,OP0017,Unknown,Automotive Parts,Copper,MetalWorks Pvt Ltd,200,475,438,10,B,Yes,24.7,22.57,78.2,43.8,1.75,113.41,17.85,94.99,7.44,55.1,5,OK,No Remarks,92.21,2.28
1295,ORD-56111,2026-03-20,Plant B,MC-007,CNC Mill,6.8,Evening,OP0089,Unknown,Packaging Unit,Steel,Global Alloys,150,415,368,8,C,Yes,1.6,66.16,75.0,39.6,5.08,78.11,20.3,135.49,6.86,45.0,34,Due,OK,88.67,2.17
1296,ORD-38814,2026-03-17,Plant A,MC-013,3D Printer,6.4,Evening,OP0077,P. Rao,Consumer Plastics,Unknown,Precision Components Co,150,531,408,12,A+,Not Recorded,45.3,41.32,51.4,41.2,2.78,134.14,25.0,213.25,8.26,42.6,18,OK,No Remarks,76.84,2.94
1297,ORD-51553,2026-07-12,Plant C,MC-027,Conveyor Unit,6.1,Morning,OP0058,P. Rao,Metal Bracket,Aluminum,SteelCorp Ltd,100,345,304,10,A,Yes,46.8,32.22,79.0,37.7,2.62,128.43,44.74,336.45,8.23,96.2,53,Not Scheduled,Power fluctuation,88.12,3.29
1298,ORD-55717,2025-11-29,Plant A,MC-033,Welding Robot,3.5,Morning,OP0118,M. Naidu,Aerospace Component,Steel,MetalWorks Pvt Ltd,300,573,539,12,A,No,14.2,69.73,75.4,51.7,1.21,79.87,17.17,122.95,7.81,61.7,54,OK,unknown issue,94.07,2.23
1299,ORD-16949,2026-08-14,Plant B,MC-019,CNC Lathe,13.3,Evening,OP0060,Unknown,Packaging Unit,Steel,Unknown,300,403,367,6,B,Yes,50.1,50.81,64.6,49.6,2.48,145.88,41.56,210.78,6.46,92.2,103,OK,OK,91.07,1.63
1300,ORD-83812,2026-02-23,Plant C,MC-025,CNC Lathe,13.0,Morning,OP0117,K. Verma,Aerospace Component,Cast Iron,Poly Materials Inc,150,496,462,8,Not Graded,Yes,8.8,40.58,68.1,29.0,0.12,145.0,31.15,190.02,6.3,52.8,54,Due,Material shortage,93.15,1.73
1301,ORD-63555,2026-01-11,Unknown,MC-034,Conveyor Unit,0.8,Night,OP0065,Unknown,Automotive Parts,Unknown,Poly Materials Inc,150,425,422,10,B,Yes,347.4,41.47,78.3,54.5,3.12,79.78,32.14,211.48,8.51,53.0,21,Scheduled,Power fluctuation,99.29,2.37
1302,ORD-61955,2026-08-01,Plant A,MC-024,Injection Molder,13.9,Morning,OP0024,L. D'Souza,Packaging Unit,Unknown,Poly Materials Inc,200,402,327,6,B,No,15.7,45.26,42.5,58.9,0.68,114.89,25.83,145.77,7.44,52.7,31,Not Scheduled,No Remarks,81.34,1.83
1303,ORD-42979,2025-11-05,Plant D,MC-002,Injection Molder,5.1,Night,OP0015,Unknown,Aerospace Component,Aluminum,Global Alloys,100,729,614,3,A+,Not Recorded,15.2,37.03,61.7,51.3,1.55,65.83,19.2,34.45,9.4,90.0,14,Due,customer complaint logged,84.22,0.49
1304,ORD-71936,2026-04-11,Plant A,MC-018,3D Printer,2.9,Night,OP0107,M. Naidu,Home Appliance Component,Unknown,Global Alloys,50,577,574,5,Not Graded,Yes,9.5,31.93,78.9,39.1,3.47,113.46,19.23,86.11,6.83,75.3,58,OK,unknown issue,99.48,0.87
1305,ORD-11962,2026-09-15,Plant E,MC-016,Injection Molder,12.2,Night,OP0044,Unknown,Medical Device Part,Unknown,SteelCorp Ltd,300,622,560,11,B,Yes,26.3,25.72,60.0,30.2,3.12,178.55,7.05,71.74,7.62,83.1,45,OK,customer complaint logged,90.03,1.96
1306,ORD-67392,2026-02-12,Plant C,MC-016,Assembly Line,13.1,Morning,OP0106,N. Fernandes,Home Appliance Component,Aluminum,Poly Materials Inc,200,333,306,9,Not Graded,Yes,0.3,49.95,57.5,25.8,3.12,120.72,17.7,145.05,7.69,56.9,25,Scheduled,No Remarks,91.89,2.94
1307,ORD-55592,2026-01-14,Plant C,MC-016,Laser Cutter,6.2,Evening,OP0056,L. D'Souza,Automotive Parts,Steel,Poly Materials Inc,150,675,632,12,A,No,14.0,48.0,62.8,46.6,2.66,154.79,3.04,32.27,7.64,40.1,31,Not Scheduled,Line stopped briefly,93.63,1.9
1308,ORD-31030,2026-03-01,Plant B,MC-022,Conveyor Unit,14.2,Night,Unknown,K. Verma,Metal Bracket,Copper,Global Alloys,300,614,541,11,A+,Yes,14.6,63.94,62.1,54.8,1.84,84.91,29.03,293.76,8.02,47.7,87,Overdue,OK,88.11,2.03
1309,ORD-58925,2026-01-01,Plant B,MC-029,CNC Lathe,10.5,Morning,OP0047,Unknown,Home Appliance Component,Copper,Unknown,150,562,470,3,A+,Yes,38.7,38.99,66.3,24.8,0.49,135.35,8.19,14.78,8.6,66.4,42,OK,customer complaint logged,83.63,0.64
1310,ORD-49627,2025-11-28,Plant B,MC-034,Conveyor Unit,3.9,Morning,OP0064,Unknown,Electronics Housing,ABS Plastic,Unknown,150,475,436,11,A,Yes,37.1,57.33,53.2,59.7,3.63,108.32,44.0,285.99,7.0,43.7,29,OK,Material shortage,91.79,2.52
1311,ORD-99902,2026-08-11,Plant C,MC-037,Conveyor Unit,5.6,Evening,OP0054,K. Verma,Packaging Unit,Unknown,SteelCorp Ltd,200,624,641,13,A,No,10.3,43.76,62.9,36.5,2.3,109.09,13.02,88.18,10.86,48.8,17,Not Scheduled,Routine check,102.72,2.03
1312,ORD-13373,2026-08-31,Plant A,MC-028,Injection Molder,4.7,Evening,OP0071,Unknown,Industrial Fastener,Polycarbonate,Global Alloys,100,617,537,11,B,No,39.7,28.78,74.0,53.1,0.86,118.49,34.27,205.0,5.54,67.5,27,OK,Power fluctuation,87.03,2.05
1313,ORD-21091,2026-06-25,Plant A,MC-019,CNC Mill,1.0,Evening,OP0119,M. Naidu,Automotive Parts,Aluminum,SteelCorp Ltd,150,407,432,13,B,No,9.0,40.74,67.5,53.0,1.81,118.7,26.96,296.79,10.6,46.4,53,Scheduled,OK,106.14,3.01
1314,ORD-86726,2026-08-12,Plant C,MC-003,CNC Mill,11.0,Morning,OP0102,P. Rao,Packaging Unit,Cast Iron,SteelCorp Ltd,200,755,590,8,A+,No,3.9,67.76,67.6,36.5,3.62,121.93,21.92,157.66,7.48,97.1,12,Overdue,unknown issue,78.15,1.36
1315,ORD-60384,2026-02-13,Plant E,MC-032,Laser Cutter,5.8,Evening,OP0047,K. Verma,Packaging Unit,Aluminum,Precision Components Co,50,470,395,3,C,Not Recorded,29.8,44.77,50.9,33.4,2.11,123.15,24.27,63.73,7.31,65.5,0,Overdue,Late shift start,84.04,0.76
1316,ORD-82296,2026-08-30,Plant B,MC-040,Conveyor Unit,15.0,Evening,OP0088,Unknown,Electronics Housing,Aluminum,Poly Materials Inc,200,319,279,9,A,No,8.6,47.49,49.0,46.5,1.71,45.94,28.58,256.79,7.47,100.0,0,Scheduled,No Remarks,87.46,3.23
1317,ORD-76782,2026-08-19,Plant A,MC-034,3D Printer,14.2,Morning,OP0106,S. Kumar,Home Appliance Component,Steel,SteelCorp Ltd,100,380,348,13,B,Yes,33.2,63.09,89.3,45.3,2.9,98.59,19.76,155.74,9.06,86.9,21,Due,customer complaint logged,91.58,3.74
1318,ORD-95381,2026-01-26,Plant C,MC-023,CNC Mill,5.8,Evening,OP0020,Unknown,Home Appliance Component,Polycarbonate,SteelCorp Ltd,300,559,433,10,B,Yes,3.3,43.29,66.4,34.5,2.71,112.5,32.42,204.3,10.41,55.1,34,Scheduled,No Remarks,77.46,2.31
1319,ORD-52688,2025-12-16,Plant A,MC-011,CNC Lathe,4.5,Evening,OP0043,Unknown,Industrial Fastener,Steel,Unknown,100,700,598,11,B,Yes,48.1,28.12,73.3,36.2,0.26,127.65,11.68,110.58,10.5,96.1,27,OK,Routine check,85.43,1.84
1320,ORD-66320,2026-03-06,Plant B,MC-010,Laser Cutter,2.4,Evening,OP0094,A. Iyer,Packaging Unit,Aluminum,Poly Materials Inc,200,647,612,10,A+,Yes,23.4,60.64,64.8,46.4,0.33,93.21,33.48,173.47,6.18,74.7,9,Due,No Remarks,94.59,1.63
1321,ORD-25169,2026-07-29,Plant B,MC-021,Conveyor Unit,1.7,Night,OP0117,A. Iyer,Consumer Plastics,Aluminum,SteelCorp Ltd,150,303,275,6,Reject,Yes,9.1,48.94,75.3,66.0,3.55,125.77,36.98,136.41,4.87,52.6,43,OK,Routine check,90.76,2.18
1322,ORD-84504,2025-10-05,Plant D,MC-034,CNC Mill,5.6,Night,OP0076,A. Iyer,Automotive Parts,Copper,SteelCorp Ltd,200,623,533,11,A,Yes,46.2,31.14,46.4,28.1,2.13,193.92,42.21,373.38,9.27,85.3,72,Due,Power fluctuation,85.55,2.06
1323,ORD-20734,2025-10-02,Unknown,MC-005,CNC Mill,14.3,Morning,OP0050,L. D'Souza,Medical Device Part,ABS Plastic,MetalWorks Pvt Ltd,150,447,456,7,A,Yes,27.2,25.73,65.9,48.8,0.92,132.64,20.94,136.69,9.92,59.9,73,Scheduled,OK,102.01,1.54
1324,ORD-79013,2026-08-01,Plant A,MC-025,Assembly Line,8.8,Night,OP0086,M. Naidu,Medical Device Part,Steel,Global Alloys,50,522,487,12,Reject,Yes,19.4,49.9,66.3,40.1,1.63,126.11,4.44,28.7,5.72,90.5,59,Due,No Remarks,93.3,2.46
1325,ORD-35161,2025-12-15,Plant A,MC-009,CNC Mill,6.8,Morning,OP0028,K. Verma,Consumer Plastics,Aluminum,SteelCorp Ltd,250,480,407,8,Not Graded,Yes,32.4,69.88,69.5,30.7,2.19,128.45,20.11,155.33,8.84,70.6,17,Overdue,OK,84.79,1.97
1326,ORD-97648,2025-12-16,Plant E,MC-003,Stamping Press,9.2,Morning,OP0040,P. Rao,Electronics Housing,Steel,SteelCorp Ltd,250,540,531,9,C,No,17.4,42.87,55.4,61.5,2.67,140.97,35.49,308.01,7.15,68.2,0,Overdue,Power fluctuation,98.33,1.69
1327,ORD-86162,2026-01-09,Unknown,MC-012,Assembly Line,8.9,Evening,OP0055,P. Rao,Medical Device Part,Aluminum,Unknown,200,468,437,13,A+,Yes,1.9,21.84,70.7,40.4,2.98,121.43,8.85,107.09,8.06,89.3,10,Scheduled,Power fluctuation,93.38,2.97
1328,ORD-83535,2026-05-30,Plant D,MC-014,Welding Robot,12.4,Morning,OP0112,Unknown,Medical Device Part,Aluminum,Unknown,200,400,391,8,A,No,57.9,49.09,80.1,52.6,3.32,158.56,22.56,102.78,10.55,81.6,1,Scheduled,Late shift start,97.75,2.05
1329,ORD-57477,2026-02-18,Plant B,MC-037,Injection Molder,13.0,Evening,OP0049,N. Fernandes,Electronics Housing,Steel,Precision Components Co,250,710,749,10,Reject,Yes,13.2,39.58,69.8,35.9,0.63,141.79,33.84,134.6,8.32,56.6,25,Not Scheduled,Material shortage,105.49,1.34
1330,ORD-75491,2025-11-08,Plant A,MC-017,Conveyor Unit,5.2,Unknown,OP0111,M. Naidu,Metal Bracket,Unknown,Global Alloys,300,558,527,8,A,Not Recorded,6.5,42.29,72.1,35.5,3.29,161.52,23.06,128.98,6.19,82.3,37,Due,Power fluctuation,94.44,1.52
1331,ORD-81357,2025-11-04,Plant D,MC-016,Laser Cutter,2.9,Evening,OP0120,Unknown,Consumer Plastics,Cast Iron,Poly Materials Inc,150,265,250,6,Reject,Yes,43.5,44.92,68.3,34.6,2.58,140.53,27.53,107.84,5.11,85.4,29,Due,Late shift start,94.34,2.4
1332,ORD-62730,2026-08-22,Plant B,MC-035,Press Brake,10.4,Morning,OP0080,A. Iyer,Packaging Unit,Steel,SteelCorp Ltd,150,343,275,5,B,Yes,16.1,24.05,72.5,49.6,1.57,155.21,32.32,121.57,7.75,40.6,20,Due,No Remarks,80.17,1.82
1333,ORD-22258,2026-04-03,Plant A,MC-035,Conveyor Unit,0.4,Evening,OP0004,R. Sharma,Aerospace Component,Cast Iron,SteelCorp Ltd,50,537,509,19,A,Yes,20.2,39.16,73.5,48.4,3.67,56.64,24.68,255.44,7.73,87.4,18,Overdue,Power fluctuation,94.79,3.73
1334,ORD-93529,2025-12-10,Plant A,MC-022,Press Brake,13.6,Night,OP0045,N. Fernandes,Industrial Fastener,Cast Iron,SteelCorp Ltd,200,421,396,8,A,Yes,13.4,51.18,62.7,43.0,2.22,111.09,3.74,22.38,7.53,85.1,58,Not Scheduled,No Remarks,94.06,2.02
1335,ORD-49165,2026-07-02,Plant B,MC-011,Welding Robot,14.5,Morning,OP0111,A. Iyer,Metal Bracket,ABS Plastic,SteelCorp Ltd,150,629,568,17,B,No,44.8,34.11,69.9,52.8,2.29,98.23,11.9,181.86,8.01,54.2,13,OK,No Remarks,90.3,2.99
1336,ORD-12102,2026-07-05,Plant B,MC-030,Stamping Press,3.8,Morning,OP0068,M. Naidu,Packaging Unit,Unknown,Poly Materials Inc,100,471,405,8,Not Graded,No,5.5,53.88,66.4,50.0,1.29,128.05,41.94,236.95,10.31,64.9,34,Overdue,No Remarks,85.99,1.98
1337,ORD-23538,2026-05-19,Plant E,MC-033,Conveyor Unit,10.6,Night,OP0021,M. Naidu,Metal Bracket,Steel,SteelCorp Ltd,50,340,366,6,A,Yes,35.5,41.47,60.6,50.3,3.28,127.37,24.86,89.96,5.23,89.3,19,Due,unknown issue,107.65,1.64
1338,ORD-15290,2026-03-10,Plant A,MC-024,Injection Molder,3.6,Morning,OP0100,Unknown,Aerospace Component,Aluminum,Poly Materials Inc,150,684,591,22,A+,Yes,6.1,42.76,62.2,28.8,0.1,128.14,13.47,220.98,6.33,93.8,59,Scheduled,No Remarks,86.4,3.72
1339,ORD-62168,2026-01-20,Plant D,MC-013,CNC Mill,5.8,Morning,OP0017,L. D'Souza,Consumer Plastics,Aluminum,Global Alloys,150,615,498,9,Not Graded,Yes,60.8,41.04,66.5,77.3,0.33,83.42,35.28,222.71,8.57,73.4,1,Due,Line stopped briefly,80.98,1.81
1340,ORD-42912,2026-02-05,Plant E,MC-040,Assembly Line,6.2,Evening,OP0099,L. D'Souza,Aerospace Component,Aluminum,Global Alloys,200,610,626,16,B,Not Recorded,3.9,71.8,61.8,57.3,3.2,131.06,17.2,267.74,6.87,79.0,30,Due,Material shortage,102.62,2.56
1341,ORD-33770,2026-03-02,Plant E,MC-001,Stamping Press,0.7,Morning,Unknown,Unknown,Automotive Parts,Unknown,Precision Components Co,300,358,307,7,B,No,2.4,51.98,70.3,38.5,0.79,51.31,26.19,104.72,8.74,42.3,21,Due,Late shift start,85.75,2.28
1342,ORD-16153,2025-11-20,Plant A,MC-026,Injection Molder,4.8,Night,OP0052,L. D'Souza,Packaging Unit,Unknown,Poly Materials Inc,150,322,299,6,B,Yes,13.7,49.14,73.5,58.7,1.64,96.68,41.75,224.53,10.71,85.8,67,Not Scheduled,Material shortage,92.86,2.01
1343,ORD-80928,2025-10-14,Plant A,MC-038,Press Brake,13.2,Morning,OP0108,N. Fernandes,Electronics Housing,Unknown,Poly Materials Inc,200,503,532,4,B,Not Recorded,14.5,42.36,73.5,26.3,2.36,123.53,26.39,69.23,8.13,72.1,68,Scheduled,No Remarks,105.77,0.75
1344,ord6777,2025-10-05,Plant A,MC-031,Conveyor Unit,1.9,Morning,OP0105,R. Sharma,Aerospace Component,Copper,Global Alloys,150,462,370,4,C,Yes,9.5,66.58,73.0,33.8,3.54,127.02,7.39,22.85,9.63,80.3,46,Overdue,Power fluctuation,80.09,1.08
1345,ORD-77271,2026-03-26,Plant A,MC-039,3D Printer,4.7,Morning,OP0056,A. Iyer,Home Appliance Component,Polycarbonate,SteelCorp Ltd,300,502,407,9,C,Yes,23.8,29.24,63.0,50.7,2.48,103.88,16.39,125.05,8.06,56.8,30,Due,unknown issue,81.08,2.21
1346,ORD-36813,2026-01-11,Plant D,MC-035,Injection Molder,6.2,Morning,OP0017,R. Sharma,Packaging Unit,Unknown,Global Alloys,250,663,588,17,B,No,11.7,38.2,69.1,42.5,0.71,36.69,18.19,223.93,7.54,71.8,75,OK,Power fluctuation,88.69,2.89
1347,ORD-50835,2026-02-18,Plant E,MC-019,CNC Lathe,9.4,Night,OP0008,A. Iyer,Consumer Plastics,Cast Iron,Precision Components Co,300,379,315,7,A,Yes,45.1,50.32,49.7,47.6,1.1,128.14,20.63,119.46,10.16,44.2,83,OK,No Remarks,83.11,2.22
1348,ORD-96816,2025-10-28,Plant D,MC-018,CNC Lathe,9.5,Morning,OP0047,Unknown,Aerospace Component,Aluminum,Poly Materials Inc,150,447,354,9,Not Graded,Yes,29.2,43.44,85.6,55.2,2.54,135.94,18.86,144.29,6.33,85.4,26,Not Scheduled,Routine check,79.19,2.54
1349,ORD-46942,2026-06-17,Plant C,MC-027,3D Printer,14.5,Morning,OP0028,Unknown,Electronics Housing,Cast Iron,Poly Materials Inc,150,684,633,22,B,Yes,7.7,27.46,68.0,47.7,4.5,136.78,15.38,192.96,9.04,45.7,13,Due,No Remarks,92.54,3.48
1350,ORD-10973,2026-07-25,Plant C,MC-016,CNC Lathe,5.3,Night,OP0034,L. D'Souza,Aerospace Component,Steel,Poly Materials Inc,150,383,364,10,B,No,25.7,37.15,69.0,58.3,0.88,73.47,28.38,187.5,6.84,92.2,1,Overdue,OK,95.04,2.75
1351,ORD-38060,2026-04-01,Plant A,MC-014,Laser Cutter,4.9,Morning,OP0120,N. Fernandes,Packaging Unit,Steel,MetalWorks Pvt Ltd,150,546,560,4,C,No,41.2,44.48,55.3,53.2,2.79,127.6,15.6,59.47,9.44,69.5,23,Overdue,Line stopped briefly,102.56,0.71
1352,ORD-67043,2026-09-02,Plant A,MC-021,CNC Mill,12.9,Night,OP0073,K. Verma,Metal Bracket,Unknown,MetalWorks Pvt Ltd,150,512,439,8,B,Yes,12.6,52.91,75.2,47.1,0.45,182.53,6.14,44.39,8.74,50.6,61,Not Scheduled,unknown issue,85.74,1.82
1353,ORD-60889,2026-04-08,Plant A,MC-038,Assembly Line,2.0,Morning,OP0051,M. Naidu,Consumer Plastics,Copper,Global Alloys,200,531,498,10,Reject,Yes,26.6,44.66,80.5,25.3,1.56,199.62,39.39,310.51,7.61,79.1,36,OK,Material shortage,93.79,2.01
1354,ORD-19684,2025-11-01,Plant B,MC-022,CNC Lathe,3.1,Night,OP0118,L. D'Souza,Automotive Parts,Aluminum,SteelCorp Ltd,250,596,506,8,Reject,Yes,45.7,47.49,83.7,28.8,2.27,126.28,34.2,196.5,10.62,68.7,30,Due,Line stopped briefly,84.9,1.58
1355,ORD-22137,2026-05-14,Plant A,MC-010,CNC Lathe,6.3,Morning,OP0037,N. Fernandes,Home Appliance Component,Unknown,SteelCorp Ltd,50,476,367,6,A,No,4.2,35.86,75.0,43.3,1.95,156.15,4.72,22.75,8.51,94.5,9,Overdue,unknown issue,77.1,1.63
1356,ORD-78337,2026-05-17,Plant B,MC-037,Injection Molder,6.1,Night,OP0098,L. D'Souza,Metal Bracket,Aluminum,MetalWorks Pvt Ltd,300,614,594,8,B,No,28.1,60.97,75.6,51.0,0.83,227.17,14.27,107.4,6.27,93.4,36,Scheduled,Line stopped briefly,96.74,1.35
1357,ORD-18194,2026-06-09,Plant E,MC-005,Assembly Line,12.6,Night,OP0092,S. Kumar,Home Appliance Component,ABS Plastic,Global Alloys,200,488,441,11,B,Not Recorded,0.7,21.85,63.7,39.4,4.08,118.8,25.48,185.13,6.85,59.0,47,Overdue,Late shift start,90.37,2.49
1358,ORD-66876,2025-11-23,Plant C,MC-028,CNC Lathe,9.2,Unknown,OP0066,Unknown,Consumer Plastics,ABS Plastic,SteelCorp Ltd,150,430,397,11,B,Yes,36.3,42.94,49.9,52.9,0.92,147.1,36.82,244.07,9.86,89.5,33,Due,No Remarks,92.33,2.77
1359,ORD-73069,2026-04-15,Plant B,MC-040,CNC Lathe,13.7,Morning,OP0077,Unknown,Metal Bracket,Steel,Global Alloys,300,318,285,13,B,Not Recorded,426.2,41.11,83.5,62.8,2.69,112.18,32.36,314.75,4.99,78.5,0,Due,No Remarks,89.62,4.56
1360,ORD-90546,2026-06-10,Plant A,MC-009,Laser Cutter,3.5,Morning,OP0006,R. Sharma,Automotive Parts,Cast Iron,MetalWorks Pvt Ltd,50,593,529,12,B,No,58.2,58.43,75.8,51.7,3.48,110.83,16.3,122.94,7.35,97.1,31,OK,No Remarks,89.21,2.27
1361,ORD-51409,2026-07-31,Plant B,MC-008,Conveyor Unit,13.8,Morning,OP0001,P. Rao,Packaging Unit,Unknown,SteelCorp Ltd,100,639,610,4,A,No,21.1,53.24,72.4,41.1,4.21,98.36,24.48,78.42,7.43,92.7,1,Not Scheduled,No Remarks,95.46,0.66
1362,ORD-62309,2026-05-31,Plant D,MC-001,3D Printer,10.3,Night,OP0028,R. Sharma,Medical Device Part,Unknown,Precision Components Co,200,523,550,11,B,Yes,34.0,36.43,68.7,56.8,1.42,113.94,30.8,203.1,7.9,68.2,26,OK,customer complaint logged,105.16,2.0
1363,ORD-28377,2025-11-13,Plant B,MC-030,Press Brake,0.5,Night,OP0075,M. Naidu,Automotive Parts,Steel,Global Alloys,50,426,390,9,A,Yes,20.9,32.95,85.5,45.8,1.04,62.97,41.59,330.75,10.82,77.2,2,Due,unknown issue,91.55,2.31
1364,ORD-83731,2026-01-06,Plant D,MC-031,Press Brake,12.6,Morning,OP0071,K. Verma,Packaging Unit,Aluminum,Global Alloys,200,339,340,15,Not Graded,Yes,12.6,43.97,75.3,51.9,2.14,67.78,27.59,364.53,10.55,69.5,37,Scheduled,No Remarks,100.29,4.41
1365,ORD-77070,2026-08-07,Plant B,MC-038,Injection Molder,1.8,Morning,OP0071,L. D'Souza,Automotive Parts,ABS Plastic,Global Alloys,50,528,439,9,Reject,Yes,21.4,42.26,74.0,26.5,1.63,130.38,27.57,128.35,8.34,84.6,33,Not Scheduled,OK,83.14,2.05
1366,ORD-33050,2026-01-26,Plant A,MC-033,Press Brake,6.4,Morning,OP0097,N. Fernandes,Industrial Fastener,Steel,Precision Components Co,250,642,492,9,C,Yes,31.7,39.18,67.0,51.9,2.21,131.07,13.8,91.57,9.39,78.1,14,Scheduled,No Remarks,76.64,1.83
1367,ORD-96121,2025-11-22,Plant B,MC-014,Laser Cutter,3.2,Evening,OP0006,Unknown,Medical Device Part,Aluminum,SteelCorp Ltd,50,459,393,6,A+,Yes,7.5,41.75,80.1,41.8,4.4,170.11,6.23,36.67,7.35,89.8,53,Scheduled,Power fluctuation,85.62,1.53
1368,ORD-41795,2025-10-14,Plant D,MC-004,Press Brake,4.6,Evening,Unknown,Unknown,Packaging Unit,Steel,Unknown,50,471,433,12,A+,Yes,15.7,57.78,67.4,71.4,3.63,114.4,10.38,91.39,9.65,79.2,18,Due,No Remarks,91.93,2.77
1369,ORD-93738,2026-02-14,Plant A,MC-038,CNC Lathe,1.2,Evening,Unknown,N. Fernandes,Metal Bracket,Aluminum,SteelCorp Ltd,100,485,482,10,A,Not Recorded,21.9,59.27,70.7,48.8,2.05,145.87,36.91,299.15,5.98,82.7,1,OK,No Remarks,99.38,2.07
1370,ORD-27601,2025-11-07,Plant A,MC-037,CNC Mill,0.6,Morning,OP0045,A. Iyer,Consumer Plastics,Steel,MetalWorks Pvt Ltd,150,605,551,12,B,Not Recorded,83.4,46.13,55.3,44.6,0.85,154.2,42.47,425.0,8.72,95.3,3,Overdue,Line stopped briefly,91.07,2.18
1371,ORD-77972,2026-02-23,Plant A,MC-020,CNC Mill,7.0,Night,OP0116,Unknown,Aerospace Component,ABS Plastic,Unknown,100,392,378,5,A,Yes,43.9,44.05,62.6,45.8,0.66,91.41,5.02,14.25,9.48,95.5,41,Not Scheduled,unknown issue,96.43,1.32
1372,ORD-96991,2025-10-02,Unknown,MC-038,Conveyor Unit,2.6,Night,OP0062,K. Verma,Home Appliance Component,Unknown,Global Alloys,150,427,423,13,A+,No,27.2,63.96,66.9,46.4,1.33,140.59,30.77,282.16,7.37,70.3,39,Not Scheduled,customer complaint logged,99.06,3.07
1373,ORD-72372,2026-02-20,Plant E,MC-038,CNC Mill,14.9,Evening,OP0061,N. Fernandes,Aerospace Component,Copper,Global Alloys,100,571,588,9,B,Yes,21.4,41.57,59.5,23.5,5.02,100.44,13.34,69.84,8.25,63.1,47,Scheduled,Routine check,102.98,1.53
1374,ORD-92709,2025-10-05,Plant D,MC-025,Press Brake,9.9,Evening,OP0024,L. D'Souza,Home Appliance Component,ABS Plastic,Global Alloys,250,642,499,11,A,No,442.7,39.68,69.4,45.4,1.99,154.69,43.37,288.28,9.3,64.1,24,Due,Late shift start,77.73,2.2
1375,ORD-61337,2026-03-08,Plant C,MC-025,CNC Lathe,1.1,Morning,OP0027,N. Fernandes,Aerospace Component,Unknown,Precision Components Co,150,533,426,7,Not Graded,Yes,12.4,51.49,86.3,42.3,4.4,51.44,37.23,154.38,8.19,87.8,22,Scheduled,No Remarks,79.92,1.64
1376,ORD-13028,2026-09-09,Plant B,MC-008,CNC Mill,14.8,Evening,OP0012,N. Fernandes,Packaging Unit,Steel,Global Alloys,200,510,419,5,B,Yes,3.1,57.79,60.2,43.0,0.71,154.39,5.56,14.37,6.72,96.4,6,Not Scheduled,Material shortage,82.16,1.19
1377,ORD-36724,2026-01-15,Plant A,MC-004,Stamping Press,13.6,Morning,OP0102,R. Sharma,Automotive Parts,Polycarbonate,Precision Components Co,150,443,353,4,B,Yes,1.1,36.1,65.3,25.3,0.44,123.43,41.78,164.21,8.4,49.5,66,OK,unknown issue,79.68,1.13
1378,ORD-93535,2026-03-16,Plant B,MC-001,Assembly Line,12.8,Morning,OP0055,Unknown,Industrial Fastener,Aluminum,Poly Materials Inc,200,449,463,6,B,Yes,37.9,59.95,54.8,40.4,2.89,117.93,25.36,87.04,9.12,85.3,31,Due,Routine check,103.12,1.3
1379,ORD-19999,2026-01-01,Plant A,MC-038,Injection Molder,2.0,Evening,OP0005,A. Iyer,Electronics Housing,Unknown,Global Alloys,150,477,453,8,A+,Not Recorded,56.2,31.8,72.3,51.5,0.98,167.4,38.94,237.45,7.48,95.2,41,Not Scheduled,No Remarks,94.97,1.77
1380,ORD-76342,2026-01-07,Plant C,MC-021,Conveyor Unit,7.8,Morning,OP0019,S. Kumar,Home Appliance Component,Unknown,Global Alloys,50,312,295,4,A,Yes,51.5,46.59,73.3,46.2,3.28,187.81,3.39,11.98,8.38,42.9,12,Due,Line stopped briefly,94.55,1.36
1381,ORD-42321,2025-11-22,Plant C,MC-036,CNC Mill,10.7,Morning,Unknown,M. Naidu,Packaging Unit,Aluminum,Precision Components Co,300,366,356,7,A,No,30.8,39.61,77.2,77.0,1.72,125.33,21.98,98.16,8.13,68.1,9,Overdue,No Remarks,97.27,1.97
1382,ORD-89980,2026-03-01,Plant C,MC-019,Assembly Line,5.3,Evening,OP0007,S. Kumar,Medical Device Part,Aluminum,SteelCorp Ltd,50,503,482,8,Reject,No,2.6,57.19,72.3,26.7,3.27,140.66,6.8,30.98,10.03,89.1,26,Due,Line stopped briefly,95.83,1.66
1383,ORD-40360,2026-06-20,Plant E,MC-005,CNC Lathe,10.8,Morning,OP0076,Unknown,Aerospace Component,Aluminum,Poly Materials Inc,150,266,232,3,A,Yes,7.6,43.83,73.3,36.0,3.64,77.12,3.41,8.86,8.14,82.8,43,Due,customer complaint logged,87.22,1.29
1384,ORD-16744,2026-09-06,Plant B,MC-009,Welding Robot,9.3,Night,OP0029,L. D'Souza,Home Appliance Component,Copper,MetalWorks Pvt Ltd,150,453,434,8,Not Graded,Not Recorded,51.1,44.14,56.1,48.1,3.17,119.11,10.51,71.76,9.86,54.8,7,Due,Power fluctuation,95.81,1.84
1385,ORD-54711,2026-05-22,Plant D,MC-029,CNC Mill,0.6,Night,OP0019,K. Verma,Metal Bracket,Unknown,Unknown,150,591,498,7,Reject,Yes,17.1,55.09,67.5,57.2,0.56,115.13,16.66,94.48,10.31,86.7,31,Overdue,Power fluctuation,84.26,1.41
1386,ORD-59840,2026-06-08,Plant A,MC-011,3D Printer,11.3,Evening,OP0003,Unknown,Home Appliance Component,Aluminum,Poly Materials Inc,50,417,382,6,Reject,Yes,19.0,51.02,78.1,62.4,1.63,73.59,14.24,47.34,7.21,65.1,22,OK,Line stopped briefly,91.61,1.57
1387,ORD-57346,2026-03-02,Plant A,MC-031,3D Printer,2.4,Evening,OP0072,N. Fernandes,Packaging Unit,ABS Plastic,Global Alloys,250,496,430,10,Not Graded,Yes,15.3,55.81,66.9,49.3,1.69,140.52,6.7,39.16,11.37,79.3,25,Not Scheduled,Routine check,86.69,2.33
1388,ORD-51311,2026-06-16,Plant D,MC-034,Conveyor Unit,3.4,Morning,OP0094,R. Sharma,Packaging Unit,Unknown,Unknown,200,451,415,8,B,Not Recorded,30.6,62.82,58.8,64.1,2.47,119.75,35.02,263.1,7.01,84.3,11,Not Scheduled,OK,92.02,1.93
1389,ORD-96084,2025-10-24,Plant C,MC-027,Laser Cutter,6.1,Unknown,OP0049,S. Kumar,Industrial Fastener,Steel,Global Alloys,150,492,421,10,Not Graded,Not Recorded,18.9,51.87,63.9,52.5,3.19,145.0,6.47,33.7,6.28,82.7,68,Not Scheduled,customer complaint logged,85.57,2.38
1390,ORD-80026,2025-11-12,Plant A,MC-038,CNC Lathe,13.1,Morning,Unknown,R. Sharma,Home Appliance Component,Aluminum,Global Alloys,150,620,571,8,C,Yes,17.8,49.45,83.5,39.3,2.54,162.36,42.96,260.11,8.09,69.1,62,Not Scheduled,OK,92.1,1.4
1391,ORD-52795,2025-11-21,Plant E,MC-013,Injection Molder,6.6,Morning,OP0064,A. Iyer,Medical Device Part,Unknown,Global Alloys,200,742,703,17,Not Graded,Yes,4.3,46.12,57.0,44.9,1.48,80.7,23.91,395.13,8.29,50.6,13,Overdue,No Remarks,94.74,2.42
1392,ORD-18954,2026-05-30,Plant E,MC-023,CNC Mill,6.6,Morning,OP0056,M. Naidu,Home Appliance Component,Polycarbonate,SteelCorp Ltd,150,367,363,6,C,No,21.8,28.25,79.6,28.8,3.78,108.7,32.42,163.51,9.1,78.0,15,Due,No Remarks,98.91,1.65
1393,ORD-65063,2026-04-04,Plant C,MC-011,Laser Cutter,8.8,Morning,OP0080,A. Iyer,Metal Bracket,Cast Iron,Unknown,175,309,340,9,A,Yes,17.2,59.39,72.3,47.2,0.82,135.36,17.39,138.21,8.18,64.5,56,Overdue,unknown issue,110.03,2.65
1394,ORD-64888,2026-02-25,Plant A,MC-030,3D Printer,2.8,Evening,OP0090,S. Kumar,Automotive Parts,Polycarbonate,MetalWorks Pvt Ltd,250,571,524,9,C,No,22.8,39.12,59.3,48.7,2.94,27.11,24.01,142.76,7.15,84.4,25,OK,No Remarks,91.77,1.72
1395,ORD-44617,2026-04-29,Plant C,MC-010,Press Brake,9.9,Unknown,OP0035,N. Fernandes,Aerospace Component,ABS Plastic,MetalWorks Pvt Ltd,100,530,463,14,Reject,No,0.7,54.78,57.4,37.5,0.23,155.25,37.13,496.94,6.68,91.5,25,Not Scheduled,No Remarks,87.36,3.02
1396,ORD-87027,2026-03-08,Plant D,MC-030,Injection Molder,1.7,Morning,OP0016,S. Kumar,Automotive Parts,Cast Iron,SteelCorp Ltd,150,521,521,9,C,Yes,19.6,73.82,60.2,69.5,4.71,116.59,5.62,35.66,7.67,51.4,16,Overdue,unknown issue,100.0,1.73
1397,ORD-72840,2026-06-04,Plant C,MC-014,Press Brake,4.2,Evening,Unknown,Unknown,Automotive Parts,Steel,SteelCorp Ltd,100,492,382,5,A+,No,4.4,55.2,78.3,61.3,0.22,145.29,37.22,134.55,6.22,60.8,40,OK,No Remarks,77.64,1.31
1398,ORD-20802,2026-08-21,Plant A,MC-009,Conveyor Unit,2.6,Morning,OP0095,P. Rao,Metal Bracket,Polycarbonate,Unknown,150,552,477,14,C,Yes,2.0,45.22,76.0,47.0,2.98,143.05,15.93,158.04,7.0,73.6,1,Overdue,Power fluctuation,86.41,2.94
1399,ORD-74644,2025-11-20,Plant A,MC-021,3D Printer,8.4,Evening,OP0047,L. D'Souza,Home Appliance Component,Cast Iron,Unknown,300,660,664,21,B,No,71.6,52.14,79.7,39.9,1.86,134.45,8.98,161.55,6.8,58.6,2,Due,OK,100.61,3.16
1400,ORD-30483,2025-10-06,Plant A,MC-013,Press Brake,6.9,Morning,OP0036,M. Naidu,Home Appliance Component,Aluminum,MetalWorks Pvt Ltd,150,608,562,17,Not Graded,No,11.3,50.77,81.7,46.2,2.29,120.63,23.5,391.09,9.0,89.7,52,Overdue,No Remarks,92.43,3.02
1401,ORD-10655,2026-06-11,Plant E,MC-005,Conveyor Unit,13.0,Morning,OP0081,R. Sharma,Aerospace Component,Aluminum,Poly Materials Inc,150,736,702,9,A,Yes,0.5,53.52,88.8,43.6,3.66,151.45,33.62,285.61,6.79,57.4,68,OK,Power fluctuation,95.38,1.28
1402,ORD-51876,2026-06-21,Plant B,MC-022,3D Printer,0.8,Morning,OP0117,K. Verma,Medical Device Part,Aluminum,Global Alloys,250,638,596,10,A,Yes,5.2,55.19,71.3,30.8,1.06,174.76,14.05,136.31,8.66,68.8,36,OK,customer complaint logged,93.42,1.68
1403,ORD-64730,2026-03-26,Plant A,MC-028,Stamping Press,4.3,Morning,OP0037,L. D'Souza,Electronics Housing,ABS Plastic,Precision Components Co,200,429,396,6,A,Yes,18.1,40.24,54.4,48.5,2.78,145.93,31.2,104.93,9.21,46.9,9,Not Scheduled,No Remarks,92.31,1.52
1404,ORD-42778,2026-01-04,Plant B,MC-009,Laser Cutter,9.5,Evening,Unknown,N. Fernandes,Home Appliance Component,Aluminum,Global Alloys,150,433,409,5,B,Yes,22.9,48.86,83.8,45.2,2.39,144.25,25.08,66.21,7.16,79.3,66,Not Scheduled,Power fluctuation,94.46,1.22
1405,ORD-91962,2026-06-14,Plant A,MC-030,Welding Robot,14.4,Morning,OP0072,A. Iyer,Aerospace Component,Steel,SteelCorp Ltd,100,406,361,7,Not Graded,Not Recorded,18.3,49.35,67.9,38.0,0.45,99.86,9.42,56.91,9.53,82.6,42,Due,Routine check,88.92,1.94
1406,ORD-87469,2026-04-11,Plant C,MC-003,Injection Molder,10.4,Morning,OP0022,L. D'Souza,Consumer Plastics,ABS Plastic,Precision Components Co,200,619,561,19,B,Yes,34.0,41.5,67.5,50.9,2.48,50.16,4.7,65.9,6.65,42.9,53,Not Scheduled,customer complaint logged,90.63,3.39
1407,ORD-24636,2026-03-05,Plant E,MC-022,Assembly Line,0.5,Evening,OP0088,R. Sharma,Electronics Housing,Copper,MetalWorks Pvt Ltd,300,479,430,9,Reject,Not Recorded,19.5,29.47,54.5,48.5,3.41,152.03,24.61,130.69,7.64,60.2,52,OK,Routine check,89.77,2.09
1408,ORD-84997,2025-10-02,Plant C,MC-030,CNC Lathe,5.3,Evening,OP0017,L. D'Souza,Industrial Fastener,Aluminum,MetalWorks Pvt Ltd,200,363,307,11,Reject,Yes,13.0,39.83,57.4,47.0,1.91,73.2,8.45,66.43,4.5,50.5,8,Not Scheduled,OK,84.57,3.58
1409,ORD-91968,2026-08-28,Plant A,MC-035,Conveyor Unit,5.1,Morning,OP0023,A. Iyer,Industrial Fastener,ABS Plastic,Poly Materials Inc,250,464,429,7,B,Yes,22.0,66.1,71.3,49.7,2.03,118.49,10.3,52.86,10.15,89.6,24,Not Scheduled,No Remarks,92.46,1.63
1410,ORD-92955,2026-08-17,Plant A,MC-013,Laser Cutter,1.0,Evening,OP0080,M. Naidu,Packaging Unit,Cast Iron,Global Alloys,200,552,553,11,Reject,Not Recorded,30.5,69.69,68.2,36.3,1.86,168.12,13.49,89.1,8.9,49.6,14,Not Scheduled,No Remarks,100.18,1.99
1411,ORD-35826,2025-10-07,Plant B,MC-014,CNC Lathe,0.6,Morning,OP0017,S. Kumar,Home Appliance Component,Cast Iron,Unknown,50,457,369,2,Reject,Not Recorded,5.9,42.17,59.0,49.0,2.82,73.43,4.34,6.52,9.14,59.9,31,Overdue,customer complaint logged,80.74,0.54
1412,ORD-47808,2025-12-03,Plant D,MC-028,Press Brake,3.0,Morning,OP0026,S. Kumar,Metal Bracket,Copper,Precision Components Co,175,424,400,9,A,Yes,20.2,36.32,76.2,40.1,0.37,110.07,35.11,259.68,9.31,51.9,10,OK,customer complaint logged,94.34,2.25
1413,ORD-67732,2025-12-17,Plant A,MC-040,Welding Robot,3.9,Morning,OP0103,Unknown,Medical Device Part,Unknown,MetalWorks Pvt Ltd,200,501,395,5,C,Yes,19.9,52.05,64.8,54.5,1.56,159.08,44.69,175.89,9.02,71.3,28,OK,customer complaint logged,78.84,1.27
1414,ORD-49356,2026-06-23,Plant C,MC-037,Press Brake,10.8,Evening,OP0004,L. D'Souza,Medical Device Part,Polycarbonate,SteelCorp Ltd,50,502,523,19,A+,No,11.6,50.14,66.3,56.8,3.64,210.63,38.97,549.0,8.89,87.5,9,Due,Power fluctuation,104.18,3.63
1415,ORD-54064,2026-01-29,Plant A,MC-035,3D Printer,4.4,Evening,OP0007,R. Sharma,Consumer Plastics,ABS Plastic,Unknown,250,512,475,15,B,No,41.9,28.4,80.7,66.5,0.37,123.77,20.86,309.47,8.18,51.8,66,Not Scheduled,Late shift start,92.77,3.16
1416,ORD-27949,2025-12-10,Plant C,MC-008,Welding Robot,6.7,Morning,OP0024,S. Kumar,Metal Bracket,Polycarbonate,MetalWorks Pvt Ltd,150,505,496,14,Not Graded,Yes,11.5,45.04,60.3,41.7,3.87,124.04,27.22,364.07,4.97,89.7,72,Not Scheduled,Power fluctuation,98.22,2.82
1417,ORD-64263,2026-08-17,Plant B,MC-025,Conveyor Unit,14.6,Morning,OP0068,Unknown,Metal Bracket,Unknown,SteelCorp Ltd,250,514,482,13,A+,No,46.4,66.55,56.6,33.0,1.91,44.01,23.99,298.47,8.65,70.5,44,OK,Routine check,93.77,2.7
1418,ORD-93202,2025-11-12,Plant E,MC-029,Press Brake,10.0,Evening,OP0044,P. Rao,Electronics Housing,Copper,Precision Components Co,250,608,644,12,Reject,Yes,10.3,40.06,62.0,22.9,2.08,75.01,5.32,61.0,7.95,90.8,82,Due,No Remarks,105.92,1.86
1419,ORD-57255,2026-01-03,Plant E,MC-037,Press Brake,4.6,Morning,OP0074,P. Rao,Home Appliance Component,ABS Plastic,SteelCorp Ltd,150,608,503,13,A,Not Recorded,9.2,38.91,68.0,38.4,3.58,46.41,10.8,87.09,7.73,77.7,22,Overdue,Line stopped briefly,82.73,2.58
1420,ORD-16927,2026-01-11,Plant B,MC-026,CNC Mill,7.4,Night,OP0092,Unknown,Aerospace Component,Aluminum,Global Alloys,150,538,422,13,Reject,Yes,0.3,51.05,53.9,30.8,3.97,107.84,17.04,124.29,10.05,87.0,38,Not Scheduled,Material shortage,78.44,3.08
1421,ord4010,2026-09-10,Plant D,MC-014,Press Brake,12.8,Night,OP0077,R. Sharma,Industrial Fastener,Aluminum,Global Alloys,100,591,569,8,A,Not Recorded,1.9,26.8,86.6,32.7,1.72,144.24,19.18,139.6,8.01,92.0,12,OK,OK,96.28,1.41
1422,ORD-25725,2026-01-08,Plant C,MC-012,Assembly Line,14.9,Night,Unknown,A. Iyer,Electronics Housing,Cast Iron,SteelCorp Ltd,50,728,641,13,Reject,Yes,9.7,63.05,67.9,48.6,2.42,63.1,2.8,34.47,9.96,63.4,5,OK,Line stopped briefly,88.05,2.03
1423,ORD-53400,2026-04-04,Plant E,MC-019,Assembly Line,4.0,Evening,OP0069,S. Kumar,Consumer Plastics,Cast Iron,MetalWorks Pvt Ltd,50,471,430,8,C,Yes,23.0,32.12,66.4,44.9,2.06,123.1,44.96,263.63,7.32,57.1,16,Scheduled,Material shortage,91.3,1.86
1424,ORD-58033,2025-12-05,Plant B,MC-039,Welding Robot,7.9,Morning,OP0029,Unknown,Home Appliance Component,Copper,Unknown,50,439,411,11,Reject,Yes,81.6,67.49,69.1,37.7,2.25,128.53,27.37,280.68,6.36,82.1,20,Due,Line stopped briefly,93.62,2.68
1425,ORD-48995,2026-05-01,Plant B,MC-003,3D Printer,4.1,Evening,Unknown,L. D'Souza,Aerospace Component,Copper,SteelCorp Ltd,300,496,470,17,Reject,Yes,25.9,46.37,66.5,43.8,0.97,119.45,7.01,67.65,7.35,95.3,21,OK,No Remarks,94.76,3.62
1426,ORD-95471,2026-09-06,Plant B,MC-033,CNC Mill,5.8,Evening,OP0046,P. Rao,Packaging Unit,Unknown,Global Alloys,150,505,395,8,B,Yes,35.4,32.3,76.9,42.2,2.97,59.97,41.28,246.04,8.15,55.4,56,OK,No Remarks,78.22,2.03
1427,ORD-87231,2026-05-06,Plant C,MC-007,Stamping Press,0.4,Evening,OP0037,L. D'Souza,Automotive Parts,ABS Plastic,Global Alloys,50,390,388,5,A,Yes,6.0,55.97,74.6,58.4,3.41,134.21,16.07,47.1,8.46,58.3,23,Overdue,unknown issue,99.49,1.29
1428,ORD-32658,2026-09-06,Plant E,MC-025,Conveyor Unit,4.8,Night,OP0100,Unknown,Automotive Parts,Polycarbonate,Poly Materials Inc,250,625,611,12,A,Not Recorded,28.3,26.1,56.9,48.0,2.54,85.33,30.05,313.33,6.73,67.3,20,OK,No Remarks,97.76,1.96
1429,ORD-30167,2026-01-11,Plant B,MC-002,Conveyor Unit,3.7,Morning,OP0116,R. Sharma,Electronics Housing,ABS Plastic,Global Alloys,150,487,465,7,Reject,Not Recorded,32.3,33.17,61.2,56.2,1.48,116.71,11.25,75.33,10.01,54.9,42,Not Scheduled,unknown issue,95.48,1.51
1430,ORD-70199,2026-05-02,Plant A,MC-031,Stamping Press,14.3,Night,OP0090,A. Iyer,Aerospace Component,Cast Iron,Unknown,150,762,743,11,A,No,12.7,42.13,78.1,47.2,1.15,186.17,24.92,225.83,8.25,55.0,38,Due,Late shift start,97.51,1.48
1431,ORD-80088,2026-06-29,Plant A,MC-031,Laser Cutter,12.7,Night,OP0012,Unknown,Aerospace Component,ABS Plastic,Poly Materials Inc,100,603,577,6,A,Yes,36.0,43.19,61.7,40.4,3.1,63.63,12.88,52.64,7.69,80.2,48,Due,No Remarks,95.69,1.04
1432,ORD-54597,2026-08-24,Plant B,MC-018,Press Brake,2.9,Morning,OP0055,R. Sharma,Medical Device Part,Aluminum,SteelCorp Ltd,150,559,513,13,A,Yes,9.1,42.19,82.2,54.2,1.49,138.99,24.8,256.19,6.61,65.1,15,OK,Material shortage,91.77,2.53
1433,ORD-25560,2025-10-11,Plant C,MC-032,Assembly Line,11.1,Morning,OP0110,S. Kumar,Industrial Fastener,Unknown,SteelCorp Ltd,50,567,514,3,Not Graded,No,8.3,52.19,60.7,40.1,0.51,87.27,33.29,75.22,8.08,80.3,33,Not Scheduled,Late shift start,90.65,0.58
1434,ORD-11990,2026-02-12,Plant B,MC-002,Assembly Line,10.4,Morning,OP0119,R. Sharma,Packaging Unit,Unknown,SteelCorp Ltd,150,500,441,7,A+,Yes,20.8,46.48,61.2,68.3,1.48,118.94,11.61,47.24,7.92,43.7,3,Due,Routine check,88.2,1.59
1435,ord3563,2026-09-06,Unknown,MC-005,Press Brake,9.3,Night,OP0024,A. Iyer,Metal Bracket,Aluminum,MetalWorks Pvt Ltd,250,290,286,6,Not Graded,Yes,50.4,48.64,69.4,25.4,0.43,106.05,39.77,120.64,8.88,90.1,18,Not Scheduled,Power fluctuation,98.62,2.1
1436,ord1066,2026-03-18,Plant C,MC-015,Press Brake,11.7,Night,OP0087,K. Verma,Medical Device Part,Unknown,Poly Materials Inc,200,507,456,8,Reject,Yes,10.9,54.0,67.0,58.7,4.21,126.86,44.25,247.08,8.26,94.9,43,Not Scheduled,OK,89.94,1.75
1437,ORD-47576,2025-10-31,Plant B,MC-005,CNC Lathe,9.7,Evening,OP0020,R. Sharma,Industrial Fastener,Unknown,MetalWorks Pvt Ltd,50,326,274,8,Not Graded,Yes,20.5,23.87,54.3,60.2,1.38,209.54,26.36,161.56,6.97,72.5,33,Scheduled,Late shift start,84.05,2.92
1438,ORD-85354,2025-12-26,Plant A,MC-001,Injection Molder,13.7,Evening,OP0051,M. Naidu,Packaging Unit,Unknown,MetalWorks Pvt Ltd,50,387,339,8,A,Not Recorded,44.3,40.62,62.6,31.7,5.23,127.75,4.64,33.7,13.89,42.0,42,Due,Power fluctuation,87.6,2.36
1439,ORD-71824,2026-07-09,Plant A,MC-018,3D Printer,7.9,Morning,OP0103,Unknown,Medical Device Part,Aluminum,SteelCorp Ltd,250,301,308,7,Reject,Not Recorded,12.6,54.39,75.6,51.7,2.41,167.94,14.03,64.76,7.24,68.8,39,Not Scheduled,Late shift start,102.33,2.27
1440,ORD-51304,2026-03-08,Plant E,MC-039,CNC Mill,5.6,Morning,OP0060,Unknown,Electronics Housing,Aluminum,Precision Components Co,200,455,377,9,A,Yes,23.2,0.09,72.5,27.5,0.33,50.41,16.75,88.05,7.45,40.1,30,Overdue,No Remarks,82.86,2.39
1441,ORD-98691,2026-05-02,Plant C,MC-020,Conveyor Unit,4.6,Night,OP0075,K. Verma,Industrial Fastener,Steel,SteelCorp Ltd,200,439,372,10,A,Yes,2.7,61.8,67.0,52.2,1.34,149.65,35.92,315.98,8.04,86.2,48,Scheduled,Late shift start,84.74,2.69
1442,ORD-20524,2026-05-01,Plant C,MC-039,Conveyor Unit,0.4,Night,OP0068,L. D'Souza,Industrial Fastener,Copper,SteelCorp Ltd,150,648,637,15,Not Graded,Yes,16.1,33.72,70.0,46.0,3.16,125.62,29.32,311.88,8.55,94.2,41,Overdue,Power fluctuation,98.3,2.35
1443,ORD-51580,2026-03-02,Plant C,MC-002,Welding Robot,4.4,Evening,OP0085,Unknown,Medical Device Part,Cast Iron,Global Alloys,150,584,505,16,Not Graded,No,34.3,43.1,59.6,45.8,0.42,100.43,22.98,246.41,12.34,45.1,1,OK,Material shortage,86.47,3.17
1444,ORD-70441,2026-09-15,Plant C,MC-009,Press Brake,14.2,Morning,OP0050,M. Naidu,Packaging Unit,Aluminum,SteelCorp Ltd,150,319,303,7,C,Not Recorded,17.1,50.18,68.9,61.2,2.87,74.57,22.34,94.8,7.5,73.0,27,Scheduled,No Remarks,94.98,2.31
1445,ORD-85084,2026-01-04,Plant C,MC-020,Conveyor Unit,4.4,Morning,OP0066,M. Naidu,Home Appliance Component,Copper,Precision Components Co,250,430,404,4,B,Not Recorded,23.7,54.31,73.3,52.0,2.28,173.65,14.81,49.47,8.75,50.7,17,Overdue,Routine check,93.95,0.99
1446,ORD-12239,2025-12-11,Unknown,MC-037,Assembly Line,2.0,Morning,OP0003,Unknown,Consumer Plastics,Steel,MetalWorks Pvt Ltd,150,557,532,11,Reject,Yes,50.7,43.48,65.6,33.3,0.89,84.14,27.53,252.4,7.2,54.7,6,Not Scheduled,OK,95.51,2.07
1447,ORD-64263,2026-08-17,Plant B,MC-025,Conveyor Unit,14.6,Morning,OP0068,Unknown,Metal Bracket,Unknown,SteelCorp Ltd,250,514,482,13,A+,No,46.4,66.55,56.6,33.0,1.91,44.01,23.99,298.47,8.65,70.5,44,OK,Routine check,93.77,2.7
1448,ORD-32572,2026-08-09,Plant B,MC-017,Welding Robot,10.3,Unknown,OP0089,K. Verma,Packaging Unit,Steel,SteelCorp Ltd,200,577,540,5,A,Yes,25.4,32.89,78.6,40.6,3.3,68.88,24.78,90.66,6.57,52.9,61,Due,Power fluctuation,93.59,0.93
1449,ORD-84675,2026-07-12,Plant B,MC-023,CNC Lathe,3.7,Night,OP0085,M. Naidu,Metal Bracket,Polycarbonate,Poly Materials Inc,250,646,580,9,Not Graded,Yes,47.3,35.69,69.1,35.6,1.69,118.38,29.34,256.9,7.5,54.1,14,Overdue,Late shift start,89.78,1.55
1450,ORD-51591,2026-05-05,Plant A,MC-007,Stamping Press,6.2,Evening,OP0046,Unknown,Industrial Fastener,Steel,SteelCorp Ltd,300,495,397,8,B,Not Recorded,26.8,34.4,81.2,51.5,1.44,54.92,26.5,133.59,5.97,54.6,6,Not Scheduled,Power fluctuation,80.2,2.02
1451,ORD-91965,2026-06-28,Plant B,MC-013,Conveyor Unit,11.2,Morning,OP0056,M. Naidu,Consumer Plastics,Copper,Global Alloys,250,670,518,13,A,Yes,18.5,34.37,60.3,36.3,1.47,128.49,13.25,110.42,9.25,76.5,3,Overdue,No Remarks,77.31,2.51
1452,ORD-20375,2026-05-23,Plant E,MC-012,Stamping Press,5.1,Night,OP0119,R. Sharma,Packaging Unit,Aluminum,MetalWorks Pvt Ltd,300,581,589,12,Not Graded,Yes,40.7,31.79,65.9,50.1,4.07,79.45,5.29,41.53,7.49,83.8,14,OK,customer complaint logged,101.38,2.04
1453,ORD-18665,2025-12-15,Plant B,MC-024,CNC Lathe,14.1,Evening,OP0012,N. Fernandes,Aerospace Component,Aluminum,Unknown,250,701,544,10,Not Graded,Yes,36.5,45.96,78.3,40.4,0.67,169.72,32.28,257.91,6.17,84.4,7,Due,No Remarks,77.6,1.84
1454,ORD-57214,2025-10-21,Plant B,MC-014,Laser Cutter,13.0,Morning,OP0107,Unknown,Electronics Housing,ABS Plastic,Unknown,200,434,394,6,B,Yes,44.7,57.16,53.8,56.1,2.95,66.22,11.11,48.8,8.51,74.1,43,Due,No Remarks,90.78,1.52
1455,ORD-73417,2026-04-12,Plant B,MC-034,Press Brake,2.2,Night,OP0060,K. Verma,Industrial Fastener,Unknown,SteelCorp Ltd,100,437,387,4,C,Not Recorded,11.9,53.74,81.8,20.3,1.67,145.62,7.17,21.0,7.89,64.6,71,Not Scheduled,No Remarks,88.56,1.03
1456,ORD-87789,2025-11-26,Plant E,MC-011,Press Brake,3.4,Night,Unknown,S. Kumar,Electronics Housing,Steel,Poly Materials Inc,200,437,424,11,A,No,20.8,37.51,61.6,48.2,3.61,151.55,13.08,86.06,7.42,100.0,24,Due,Power fluctuation,97.03,2.59
1457,ORD-88941,2025-12-25,Plant B,MC-006,Welding Robot,7.4,Morning,OP0105,A. Iyer,Consumer Plastics,Unknown,Global Alloys,300,379,349,4,A,No,23.2,61.33,68.4,47.5,3.64,65.94,37.82,95.35,8.17,81.1,28,Scheduled,unknown issue,92.08,1.15
1458,ORD-41287,2026-02-05,Plant E,MC-037,3D Printer,5.1,Evening,OP0050,A. Iyer,Automotive Parts,Steel,Global Alloys,200,415,346,6,C,No,17.1,28.42,65.3,46.4,1.79,67.75,9.32,37.2,10.77,91.9,32,Scheduled,No Remarks,83.37,1.73
1459,ORD-92406,2026-02-27,Plant D,MC-010,Assembly Line,3.4,Evening,OP0110,S. Kumar,Consumer Plastics,Copper,Poly Materials Inc,150,370,365,5,B,Yes,19.0,41.62,71.0,33.3,1.48,51.34,42.64,113.41,9.56,73.3,36,OK,No Remarks,98.65,1.37
1460,ORD-35487,2025-12-24,Plant E,MC-037,Conveyor Unit,12.6,Night,OP0085,P. Rao,Packaging Unit,Aluminum,Unknown,100,530,518,9,B,Yes,19.6,29.23,69.2,51.0,2.77,157.29,9.71,48.19,8.11,68.1,29,Overdue,Late shift start,97.74,1.74
1461,ORD-28307,2026-01-27,Plant D,MC-007,3D Printer,13.4,Morning,OP0052,L. D'Souza,Metal Bracket,Aluminum,Unknown,250,819,713,15,Reject,Yes,55.3,54.76,82.5,42.3,1.31,124.04,6.24,52.68,7.37,81.8,10,Not Scheduled,No Remarks,87.06,2.1
1462,ORD-14115,2026-03-10,Plant B,MC-040,Welding Robot,1.5,Morning,OP0109,K. Verma,Electronics Housing,Copper,Global Alloys,100,675,592,9,Not Graded,Yes,65.6,48.22,64.3,41.4,1.44,103.94,19.01,94.65,10.16,95.1,29,Scheduled,unknown issue,87.7,1.52
1463,ORD-45446,2026-07-15,Plant A,MC-018,Press Brake,13.8,Morning,OP0002,Unknown,Industrial Fastener,Unknown,Unknown,200,339,309,10,B,Not Recorded,32.1,19.16,72.0,37.3,4.25,141.81,19.26,124.4,9.82,40.1,55,Due,Late shift start,91.15,3.24
1464,ORD-68726,2025-10-28,Plant E,MC-017,Conveyor Unit,13.6,Night,Unknown,N. Fernandes,Electronics Housing,Steel,Poly Materials Inc,150,382,370,6,B,No,57.0,36.45,67.3,32.1,1.16,81.94,34.79,199.25,8.42,42.8,24,Due,OK,96.86,1.62
1465,ORD-51575,2026-05-25,Plant A,MC-014,CNC Lathe,11.8,Night,OP0029,A. Iyer,Aerospace Component,Cast Iron,SteelCorp Ltd,150,523,481,8,C,Yes,34.1,55.56,66.0,54.1,6.18,88.54,7.77,31.46,8.56,94.4,8,OK,unknown issue,91.97,1.66
1466,ORD-82704,2026-08-12,Plant C,MC-011,CNC Mill,7.9,Morning,OP0118,R. Sharma,Automotive Parts,Copper,MetalWorks Pvt Ltd,50,440,405,8,Not Graded,No,40.7,51.02,70.2,45.9,2.62,127.06,7.89,37.37,6.46,74.4,31,OK,Line stopped briefly,92.05,1.98
1467,ORD-70810,2026-02-23,Plant A,MC-007,CNC Mill,5.2,Morning,OP0053,A. Iyer,Automotive Parts,Unknown,Unknown,200,582,520,10,B,Not Recorded,11.4,43.02,68.3,45.9,1.54,164.55,25.95,201.32,5.62,76.6,27,Not Scheduled,Line stopped briefly,89.35,1.92
1468,ORD-27009,2026-03-01,Plant A,MC-030,CNC Lathe,6.1,Night,OP0080,K. Verma,Home Appliance Component,Steel,MetalWorks Pvt Ltd,100,428,394,3,B,Yes,10.4,45.37,61.9,57.1,2.23,102.37,14.2,28.16,8.66,81.1,31,Not Scheduled,No Remarks,92.06,0.76
1469,ORD-81858,2026-05-05,Plant E,MC-001,3D Printer,7.0,Evening,OP0091,N. Fernandes,Electronics Housing,Steel,Global Alloys,100,640,600,10,Not Graded,No,15.4,49.04,64.6,39.2,1.33,119.18,17.59,133.93,7.38,100.0,65,Scheduled,Routine check,93.75,1.67
1470,ORD-73069,2026-04-15,Plant B,MC-040,CNC Lathe,13.7,Morning,OP0077,Unknown,Metal Bracket,Steel,Global Alloys,300,318,285,13,B,Not Recorded,426.2,41.11,83.5,62.8,2.69,112.18,32.36,314.75,4.99,78.5,0,Due,No Remarks,89.62,4.56
1471,ORD-66531,2026-07-02,Plant A,MC-008,Welding Robot,8.3,Unknown,OP0077,M. Naidu,Consumer Plastics,Steel,Global Alloys,50,256,241,3,A+,Yes,27.6,55.39,57.2,41.0,1.48,97.13,14.4,33.23,9.9,95.4,53,Due,unknown issue,94.14,1.24
1472,ORD-80639,2025-12-18,Plant D,MC-035,Press Brake,12.5,Morning,OP0037,M. Naidu,Metal Bracket,Copper,Global Alloys,250,702,596,18,A,Yes,18.6,56.42,62.7,44.9,1.68,74.06,39.63,432.37,7.1,57.9,93,Due,Power fluctuation,84.9,3.02
1473,ORD-11695,2026-05-29,Plant E,MC-022,Laser Cutter,11.4,Evening,OP0076,S. Kumar,Aerospace Component,Steel,Poly Materials Inc,100,457,447,6,A,Not Recorded,15.2,61.09,69.7,41.0,1.56,179.57,42.18,171.78,6.02,59.8,27,OK,Routine check,97.81,1.34
1474,ORD-85584,2026-01-12,Plant A,MC-023,Injection Molder,4.1,Morning,OP0085,L. D'Souza,Electronics Housing,Unknown,SteelCorp Ltd,100,359,366,7,A,Yes,39.8,57.46,58.2,29.6,1.96,92.02,42.26,174.96,7.3,50.8,54,Not Scheduled,customer complaint logged,101.95,1.91
1475,ORD-83441,2026-01-02,Plant D,MC-026,3D Printer,11.8,Morning,OP0048,M. Naidu,Automotive Parts,Copper,Global Alloys,50,518,527,8,A,No,47.6,64.59,60.5,75.6,2.64,152.32,34.47,228.74,11.14,100.0,28,OK,No Remarks,101.74,1.52
1476,ORD-96517,2026-02-04,Plant C,MC-005,Assembly Line,14.5,Morning,OP0091,Unknown,Metal Bracket,Cast Iron,Global Alloys,175,580,477,9,Reject,Yes,52.9,42.84,54.6,37.7,1.28,194.91,32.26,231.26,5.92,87.9,40,Not Scheduled,Power fluctuation,82.24,1.89
1477,ORD-67008,2026-05-14,Plant D,MC-012,Laser Cutter,11.0,Evening,OP0011,M. Naidu,Medical Device Part,Aluminum,SteelCorp Ltd,150,855,788,18,C,Yes,13.2,51.77,63.5,47.5,3.52,116.12,17.2,261.58,10.36,61.5,17,Due,No Remarks,92.16,2.28
1478,ORD-18400,2025-10-05,Plant A,MC-004,Injection Molder,0.3,Night,OP0039,Unknown,Automotive Parts,Copper,Global Alloys,100,522,540,13,B,No,0.4,56.24,75.2,47.0,3.36,100.96,42.03,284.92,9.0,46.8,48,Not Scheduled,Late shift start,103.45,2.41
1479,ORD-64264,2026-07-03,Plant D,MC-004,Injection Molder,5.1,Night,OP0029,P. Rao,Home Appliance Component,Aluminum,Global Alloys,250,450,456,7,B,No,28.3,19.44,73.6,24.1,2.63,102.48,40.28,191.19,9.02,100.0,70,OK,No Remarks,101.33,1.54
1480,ORD-89689,2026-07-20,Unknown,MC-016,Laser Cutter,9.1,Night,OP0045,N. Fernandes,Medical Device Part,Steel,Precision Components Co,250,633,609,16,A+,No,31.7,47.52,69.9,51.5,1.23,95.02,11.32,134.96,8.92,84.3,12,Overdue,Late shift start,96.21,2.63
1481,ORD-46178,2026-01-04,Plant A,MC-008,3D Printer,11.3,Morning,OP0106,N. Fernandes,Medical Device Part,ABS Plastic,Unknown,50,700,678,13,B,No,16.4,33.84,41.3,61.2,3.04,138.23,5.91,59.57,6.49,80.3,38,Not Scheduled,No Remarks,96.86,1.92
1482,ORD-67630,2025-11-22,Plant B,MC-038,3D Printer,10.4,Morning,OP0095,Unknown,Consumer Plastics,Copper,Unknown,200,452,351,10,C,Not Recorded,36.1,40.89,72.8,50.5,2.38,112.88,20.32,190.46,8.12,51.3,62,OK,No Remarks,77.65,2.85
1483,ORD-84199,2025-12-14,Plant B,MC-039,Assembly Line,12.6,Unknown,OP0087,S. Kumar,Medical Device Part,Copper,SteelCorp Ltd,150,291,275,2,A,No,38.9,72.9,67.8,51.1,2.21,95.02,10.63,15.69,7.58,75.7,45,Not Scheduled,No Remarks,94.5,0.73
1484,ORD-77515,2026-01-16,Plant C,MC-002,Laser Cutter,9.7,Morning,OP0029,R. Sharma,Automotive Parts,Cast Iron,Precision Components Co,300,296,244,9,Reject,Yes,27.8,25.69,67.7,49.6,1.33,68.2,44.73,253.66,8.06,83.7,6,Due,customer complaint logged,82.43,3.69
1485,ORD-18398,2025-11-22,Plant B,MC-001,Assembly Line,2.7,Morning,OP0067,Unknown,Metal Bracket,Aluminum,SteelCorp Ltd,250,323,289,8,Reject,Yes,5.1,42.4,68.2,39.3,2.42,116.97,12.0,61.89,9.54,96.2,13,Not Scheduled,No Remarks,89.47,2.77
1486,ORD-31406,2026-07-23,Plant D,MC-034,Assembly Line,9.7,Night,OP0006,N. Fernandes,Electronics Housing,Copper,SteelCorp Ltd,200,305,274,2,C,Yes,3.8,30.42,48.1,42.2,2.28,118.16,39.69,68.63,7.43,57.5,28,Due,Late shift start,89.84,0.73
1487,ORD-59090,2026-08-08,Plant D,MC-027,Injection Molder,13.3,Morning,OP0072,K. Verma,Automotive Parts,Steel,SteelCorp Ltd,200,461,415,7,Not Graded,No,12.6,65.76,47.8,47.3,4.59,107.64,7.0,38.98,8.93,46.5,20,Due,No Remarks,90.02,1.69
1488,ORD-95447,2026-08-22,Plant E,MC-031,Assembly Line,13.5,Night,OP0021,Unknown,Metal Bracket,Polycarbonate,Unknown,50,593,605,12,Not Graded,No,1.0,45.64,67.8,55.0,2.78,107.68,9.94,118.25,5.62,96.2,26,Due,Line stopped briefly,102.02,1.98
1489,ORD-78321,2026-01-14,Plant C,MC-003,Laser Cutter,10.0,Morning,OP0006,M. Naidu,Automotive Parts,Copper,Unknown,100,357,333,4,A,Yes,5.9,47.22,55.9,33.3,3.66,97.01,6.68,23.68,7.35,78.3,18,OK,Material shortage,93.28,1.2
1490,ORD-39673,2026-01-06,Plant D,MC-022,Welding Robot,8.2,Night,OP0111,M. Naidu,Aerospace Component,Cast Iron,Global Alloys,150,341,312,6,B,Not Recorded,17.4,36.99,64.7,48.5,2.83,172.64,43.55,136.27,6.23,54.0,10,Scheduled,No Remarks,91.5,1.92
1491,ORD-36647,2025-11-28,Plant A,MC-038,CNC Mill,5.7,Evening,OP0013,R. Sharma,Automotive Parts,Aluminum,SteelCorp Ltd,100,355,292,1,C,Yes,26.2,40.12,66.5,40.7,4.08,164.16,36.97,23.32,6.66,48.0,46,Not Scheduled,Power fluctuation,82.25,0.34
1492,ORD-50699,2025-10-27,Plant A,MC-013,Injection Molder,2.1,Unknown,OP0054,A. Iyer,Metal Bracket,Steel,Poly Materials Inc,150,552,540,8,C,Yes,21.5,49.48,59.0,49.3,0.51,120.48,16.22,77.43,7.58,49.8,10,Scheduled,Material shortage,97.83,1.48
1493,ord2991,2025-11-23,Plant B,MC-004,Assembly Line,14.7,Night,OP0075,N. Fernandes,Packaging Unit,Steel,MetalWorks Pvt Ltd,50,593,591,12,B,Yes,16.3,55.73,58.6,30.7,1.5,130.08,4.55,50.13,8.69,69.3,47,Scheduled,customer complaint logged,99.66,2.03
1494,ORD-71961,2026-08-23,Plant E,MC-040,Laser Cutter,3.6,Evening,OP0023,M. Naidu,Electronics Housing,Steel,Precision Components Co,200,643,655,15,Reject,No,49.6,47.57,56.4,49.5,1.76,84.38,25.06,283.97,7.58,68.0,40,Due,Late shift start,101.87,2.29
1495,ORD-62515,2025-10-18,Plant B,MC-032,Laser Cutter,9.0,Evening,OP0113,A. Iyer,Metal Bracket,Polycarbonate,Poly Materials Inc,100,333,337,7,B,No,9.8,56.05,61.1,40.5,1.68,123.81,5.77,33.15,4.65,78.9,14,Scheduled,unknown issue,101.2,2.08
1496,ORD-52245,2026-04-14,Unknown,MC-035,Injection Molder,7.2,Evening,OP0053,Unknown,Automotive Parts,Steel,SteelCorp Ltd,200,450,463,4,Reject,Not Recorded,40.3,55.45,55.1,48.6,2.39,231.38,10.27,34.35,7.85,45.6,5,Not Scheduled,unknown issue,102.89,0.86
1497,ORD-30270,2026-08-23,Plant E,MC-018,Stamping Press,9.2,Night,OP0010,S. Kumar,Aerospace Component,Copper,Precision Components Co,200,438,429,10,A,No,27.2,49.85,76.5,48.8,0.78,141.94,19.88,177.23,7.15,48.8,36,Due,Power fluctuation,97.95,2.33
1498,ORD-84596,2025-11-22,Plant A,MC-037,Press Brake,2.4,Morning,OP0039,K. Verma,Home Appliance Component,Polycarbonate,Precision Components Co,50,416,396,11,A+,No,34.9,26.53,79.1,37.4,0.52,144.33,9.68,65.52,11.18,58.9,9,Not Scheduled,Late shift start,95.19,2.78
1499,ORD-13988,2025-10-29,Plant E,MC-018,Injection Molder,12.6,Morning,OP0096,P. Rao,Industrial Fastener,Cast Iron,SteelCorp Ltd,200,671,542,5,B,Not Recorded,12.3,61.93,69.5,55.4,4.97,65.23,27.66,86.01,7.45,82.1,41,Due,unknown issue,80.77,0.92
1500,ORD-41517,2026-04-21,Plant C,MC-018,Laser Cutter,4.9,Morning,OP0102,N. Fernandes,Home Appliance Component,Cast Iron,Unknown,250,491,371,9,A,Yes,22.5,57.4,78.4,42.1,2.83,176.28,14.69,72.44,6.02,59.7,21,OK,No Remarks,75.56,2.43
1501,ORD-63880,2025-11-30,Plant C,MC-010,Welding Robot,3.7,Morning,OP0032,P. Rao,Home Appliance Component,Cast Iron,Unknown,50,537,530,6,B,Not Recorded,23.6,48.43,51.6,58.7,0.38,156.3,23.06,93.02,7.91,95.5,7,Due,Material shortage,98.7,1.13
1502,ORD-31860,2026-09-12,Plant E,MC-008,CNC Mill,3.0,Morning,OP0085,S. Kumar,Automotive Parts,Steel,Global Alloys,50,625,639,12,Not Graded,Not Recorded,23.3,51.17,73.1,44.3,3.56,108.31,34.31,261.82,7.79,93.0,8,Due,customer complaint logged,102.24,1.88
1503,ORD-70051,2026-07-27,Plant B,MC-009,Laser Cutter,12.5,Morning,OP0045,L. D'Souza,Home Appliance Component,Polycarbonate,SteelCorp Ltd,300,595,560,11,C,Yes,2.1,46.77,68.4,21.6,0.16,86.65,41.64,367.26,8.09,63.7,55,Due,OK,94.12,1.96
1504,ORD-25695,2026-03-14,Plant D,MC-024,Welding Robot,3.0,Night,OP0003,K. Verma,Industrial Fastener,Aluminum,Poly Materials Inc,100,524,532,12,A,Not Recorded,21.5,62.43,68.9,43.6,2.98,139.33,24.09,153.28,6.44,47.8,6,Overdue,No Remarks,101.53,2.26
1505,ORD-36706,2026-03-25,Plant B,MC-004,Laser Cutter,3.0,Night,OP0029,A. Iyer,Electronics Housing,Steel,SteelCorp Ltd,50,276,239,10,A+,No,4.8,52.98,73.8,52.1,1.96,166.06,40.17,357.33,7.35,77.7,36,Due,Power fluctuation,86.59,4.18
1506,ORD-78860,2026-06-13,Unknown,MC-030,3D Printer,12.2,Morning,OP0037,Unknown,Home Appliance Component,Copper,SteelCorp Ltd,100,453,419,5,A,Yes,9.5,52.14,84.9,31.0,1.94,157.24,23.79,85.58,10.08,80.6,19,Due,Line stopped briefly,92.49,1.19
1507,ORD-29901,2026-01-01,Plant D,MC-005,Assembly Line,5.2,Morning,OP0071,K. Verma,Automotive Parts,Copper,SteelCorp Ltd,50,509,493,6,A,Yes,11.3,26.77,68.3,36.4,1.48,115.63,44.46,163.32,5.85,85.9,35,Due,unknown issue,96.86,1.22
1508,ORD-99703,2026-05-16,Plant E,MC-025,Press Brake,8.8,Night,OP0110,L. D'Souza,Automotive Parts,Copper,Poly Materials Inc,250,509,459,11,A+,No,30.7,43.47,70.6,44.5,2.23,112.98,8.01,44.38,8.0,92.0,42,Due,No Remarks,90.18,2.4
1509,ORD-40320,2026-03-02,Plant A,MC-007,Assembly Line,8.0,Night,OP0069,M. Naidu,Electronics Housing,Aluminum,MetalWorks Pvt Ltd,50,421,376,7,B,Yes,35.2,38.41,81.6,48.2,0.54,155.6,29.66,197.49,6.8,52.3,32,Not Scheduled,No Remarks,89.31,1.86
1510,ORD-51483,2026-08-30,Plant A,MC-040,3D Printer,9.9,Morning,OP0085,M. Naidu,Medical Device Part,ABS Plastic,Precision Components Co,200,694,602,13,Not Graded,No,21.3,21.36,48.2,42.4,2.42,80.62,42.73,321.03,6.14,54.3,18,OK,Routine check,86.74,2.16
1511,ORD-45083,2026-04-07,Plant A,MC-032,Welding Robot,4.6,Evening,OP0047,P. Rao,Aerospace Component,Steel,Global Alloys,250,416,355,15,A,Not Recorded,11.4,66.88,68.7,73.1,2.56,112.52,40.75,557.07,7.61,56.6,9,Due,Routine check,85.34,4.23
1512,ORD-75989,2026-07-05,Plant D,MC-028,Laser Cutter,4.7,Morning,OP0113,N. Fernandes,Industrial Fastener,Unknown,Poly Materials Inc,200,386,341,9,A+,Yes,68.0,41.72,84.5,36.7,0.47,99.73,30.91,179.41,7.9,89.0,21,Scheduled,No Remarks,88.34,2.64
1513,ORD-83273,2026-09-04,Unknown,MC-002,Laser Cutter,12.1,Evening,OP0095,R. Sharma,Packaging Unit,Steel,MetalWorks Pvt Ltd,200,309,306,9,A,Yes,35.4,44.11,77.8,56.1,1.55,143.68,16.76,89.08,6.35,96.8,16,Not Scheduled,Late shift start,99.03,2.94
1514,ORD-98907,2026-05-04,Plant E,MC-011,Press Brake,2.1,Unknown,OP0063,Unknown,Consumer Plastics,ABS Plastic,Unknown,150,629,521,12,Reject,Yes,19.4,42.85,66.6,47.6,1.13,87.56,8.2,50.24,8.31,77.4,14,Not Scheduled,unknown issue,82.83,2.3
1515,ORD-44504,2026-05-02,Plant D,MC-001,Laser Cutter,9.2,Evening,OP0009,N. Fernandes,Industrial Fastener,Copper,Global Alloys,250,581,549,7,A+,No,13.4,47.77,71.4,42.6,1.18,102.66,25.23,162.12,7.85,80.2,47,Not Scheduled,unknown issue,94.49,1.28
1516,ORD-89683,2026-07-22,Plant C,MC-015,Press Brake,11.7,Evening,OP0022,P. Rao,Electronics Housing,Steel,SteelCorp Ltd,200,547,492,6,C,Yes,29.0,39.39,74.9,49.7,1.34,159.46,7.09,24.93,6.22,94.2,8,Scheduled,Routine check,89.95,1.22
1517,ORD-67605,2025-10-30,Plant D,MC-010,Assembly Line,14.3,Night,OP0106,M. Naidu,Home Appliance Component,Aluminum,MetalWorks Pvt Ltd,150,472,520,7,A+,No,28.1,44.14,55.9,26.8,0.85,183.73,29.9,193.89,9.46,43.4,30,OK,No Remarks,110.17,1.35
1518,ORD-29432,2026-08-17,Plant A,MC-009,Press Brake,1.0,Morning,OP0110,L. D'Souza,Automotive Parts,Cast Iron,SteelCorp Ltd,50,816,793,16,A,Yes,0.3,55.13,66.4,32.2,0.46,173.53,18.79,232.6,8.31,52.5,51,OK,Routine check,97.18,2.02
1519,ORD-61374,2026-06-07,Plant D,MC-025,Welding Robot,7.8,Morning,OP0006,M. Naidu,Consumer Plastics,Polycarbonate,Global Alloys,100,560,418,8,Reject,Not Recorded,6.6,38.64,63.1,43.3,4.31,114.71,32.63,241.79,6.87,43.4,27,Overdue,No Remarks,74.64,1.91
1520,ORD-57279,2026-01-07,Plant C,MC-036,Assembly Line,14.7,Morning,OP0027,K. Verma,Medical Device Part,Unknown,Poly Materials Inc,150,370,331,8,A,No,17.8,32.89,49.8,48.8,1.07,158.32,32.05,203.31,8.61,68.9,101,Scheduled,Power fluctuation,89.46,2.42
1521,ORD-14808,2025-12-05,Plant B,MC-014,Stamping Press,7.6,Unknown,OP0102,P. Rao,Home Appliance Component,ABS Plastic,Unknown,200,566,518,6,A+,Not Recorded,50.7,54.36,68.3,38.3,1.07,124.29,34.81,142.04,8.13,73.4,25,Due,OK,91.52,1.16
1522,ORD-66351,2026-09-04,Plant E,MC-029,Welding Robot,10.9,Evening,OP0002,K. Verma,Packaging Unit,Unknown,Global Alloys,250,364,300,8,Reject,Yes,42.9,52.47,65.3,42.4,1.69,128.11,37.04,189.39,7.73,73.6,12,Scheduled,customer complaint logged,82.42,2.67
1523,ORD-21804,2025-12-31,Plant D,MC-009,Laser Cutter,7.9,Night,OP0088,R. Sharma,Metal Bracket,Copper,Global Alloys,50,420,383,10,A,Yes,8.9,37.42,70.2,43.8,2.94,159.93,23.49,200.71,7.6,90.7,9,OK,Material shortage,91.19,2.61
1524,ORD-47345,2025-10-05,Plant B,MC-029,Assembly Line,2.0,Morning,OP0079,L. D'Souza,Home Appliance Component,Aluminum,MetalWorks Pvt Ltd,150,561,514,12,B,Yes,44.4,24.19,69.9,54.1,2.6,142.28,3.0,22.99,8.16,64.5,1,Overdue,OK,91.62,2.33
1525,ORD-78073,2026-01-05,Plant A,MC-038,CNC Lathe,5.2,Morning,OP0019,K. Verma,Medical Device Part,Cast Iron,Global Alloys,150,468,418,11,A,No,15.7,40.09,59.7,26.4,4.0,95.53,21.97,237.7,7.05,44.5,41,OK,unknown issue,89.32,2.63
1526,ORD-13102,2025-12-05,Plant A,MC-024,Assembly Line,2.7,Evening,OP0108,A. Iyer,Home Appliance Component,Cast Iron,Unknown,100,465,496,4,B,Yes,15.1,60.71,62.5,54.7,0.58,160.85,6.65,16.89,6.86,81.6,32,Scheduled,Material shortage,106.67,0.81
1527,ORD-10197,2026-03-12,Plant A,MC-012,Injection Molder,0.4,Night,OP0032,N. Fernandes,Packaging Unit,ABS Plastic,Unknown,300,461,418,9,C,No,27.7,25.91,72.7,52.3,1.53,67.67,18.15,147.91,9.28,42.3,19,OK,Routine check,90.67,2.15
1528,ORD-18509,2025-11-02,Plant A,MC-001,Welding Robot,4.2,Evening,OP0084,M. Naidu,Industrial Fastener,Aluminum,Precision Components Co,150,505,415,11,A,Yes,64.6,33.21,53.9,29.9,2.61,181.12,38.42,415.23,9.72,40.6,58,OK,Line stopped briefly,82.18,2.65
1529,ORD-67933,2025-12-26,Plant E,MC-007,Injection Molder,3.8,Night,OP0001,Unknown,Home Appliance Component,Aluminum,Precision Components Co,250,471,420,8,A+,Not Recorded,7.0,24.39,73.3,53.0,2.82,73.92,36.56,281.75,8.85,81.8,74,Scheduled,customer complaint logged,89.17,1.9
1530,ORD-99471,2026-04-10,Unknown,MC-012,Press Brake,12.3,Night,OP0012,Unknown,Aerospace Component,Copper,Global Alloys,100,219,189,4,A,No,3.8,55.86,66.9,45.7,0.06,79.85,37.56,136.52,8.76,80.6,28,Due,Power fluctuation,86.3,2.12
1531,ORD-48867,2026-08-11,Plant C,MC-036,CNC Lathe,4.2,Morning,OP0016,S. Kumar,Consumer Plastics,Polycarbonate,SteelCorp Ltd,150,403,372,4,A+,Not Recorded,7.1,42.36,52.2,48.7,1.61,109.87,4.76,10.89,8.58,84.5,12,OK,Material shortage,92.31,1.08
1532,ORD-54000,2026-07-20,Plant A,MC-030,Laser Cutter,3.1,Morning,OP0112,K. Verma,Packaging Unit,Steel,Unknown,300,455,397,12,B,No,49.1,64.69,96.4,31.5,2.42,47.13,6.11,56.55,8.76,65.3,16,Not Scheduled,Line stopped briefly,87.25,3.02
1533,ORD-45217,2026-07-21,Plant D,MC-020,CNC Lathe,14.5,Morning,OP0079,K. Verma,Medical Device Part,Aluminum,SteelCorp Ltd,150,451,448,7,B,No,18.6,24.49,68.2,50.3,0.28,66.83,12.36,44.1,9.69,72.5,54,OK,Material shortage,99.33,1.56
1534,ORD-67881,2026-01-22,Plant A,MC-004,3D Printer,10.2,Morning,OP0083,K. Verma,Medical Device Part,Polycarbonate,Poly Materials Inc,150,428,434,9,Not Graded,Not Recorded,30.5,49.32,67.1,36.9,1.98,112.47,4.89,41.03,6.87,67.5,19,Not Scheduled,OK,101.4,2.07
1535,ORD-35389,2026-06-04,Plant B,MC-040,Press Brake,10.5,Evening,OP0113,L. D'Souza,Industrial Fastener,ABS Plastic,MetalWorks Pvt Ltd,300,664,579,11,Not Graded,No,54.4,47.2,69.4,36.0,4.92,154.68,7.69,42.8,7.24,76.1,44,OK,Material shortage,87.2,1.9
1536,ORD-21847,2025-10-15,Plant B,MC-013,CNC Lathe,12.2,Night,OP0036,K. Verma,Metal Bracket,Unknown,Unknown,150,525,480,16,A+,Not Recorded,16.3,49.36,76.0,40.0,1.29,126.96,31.98,396.89,9.44,84.7,18,Due,Late shift start,91.43,3.33
1537,ORD-64798,2025-10-16,Plant E,MC-019,Injection Molder,6.0,Morning,OP0066,Unknown,Industrial Fastener,Copper,Global Alloys,250,361,345,6,A+,Not Recorded,2.4,47.92,65.8,55.4,1.59,52.57,35.71,213.44,7.38,94.0,49,OK,unknown issue,95.57,1.74
1538,ORD-63717,2026-09-01,Unknown,MC-029,3D Printer,9.5,Morning,OP0004,A. Iyer,Consumer Plastics,Steel,SteelCorp Ltd,250,400,396,6,A,Yes,35.7,56.12,70.1,50.0,2.79,144.89,30.17,167.02,7.76,63.1,52,OK,customer complaint logged,99.0,1.52
1539,ORD-10731,2025-10-14,Plant B,MC-005,Conveyor Unit,13.4,Night,Unknown,P. Rao,Industrial Fastener,Polycarbonate,Poly Materials Inc,200,557,538,13,A,Yes,33.7,48.86,51.4,26.0,1.04,116.08,11.11,125.68,8.77,78.7,67,Due,customer complaint logged,96.59,2.42
1540,ORD-44750,2025-11-05,Plant A,MC-036,Welding Robot,4.0,Night,OP0011,A. Iyer,Packaging Unit,Unknown,MetalWorks Pvt Ltd,200,714,654,12,Reject,Yes,33.9,53.28,66.2,53.2,0.86,123.63,20.7,141.06,9.82,63.4,10,OK,Power fluctuation,91.6,1.83
1541,ORD-48448,2026-07-20,Plant B,MC-010,CNC Lathe,6.5,Night,OP0071,R. Sharma,Consumer Plastics,Unknown,Poly Materials Inc,250,622,591,13,B,Yes,19.0,36.38,78.8,46.6,1.82,117.08,17.24,186.45,7.3,74.5,25,Scheduled,Material shortage,95.02,2.2
1542,ORD-50640,2025-10-27,Plant B,MC-020,Assembly Line,13.2,Morning,OP0048,A. Iyer,Home Appliance Component,Steel,Poly Materials Inc,250,392,402,7,A,Yes,4.2,62.35,65.1,51.0,4.83,95.28,39.35,271.83,8.67,58.0,27,OK,Routine check,102.55,1.74
1543,ORD-82735,2026-03-04,Plant E,MC-034,Stamping Press,4.8,Morning,OP0093,L. D'Souza,Home Appliance Component,Unknown,Global Alloys,150,373,356,3,Not Graded,Yes,7.8,41.53,75.4,41.8,1.6,72.78,44.7,89.47,7.09,73.1,15,Not Scheduled,unknown issue,95.44,0.84
1544,ORD-33537,2026-02-19,Plant A,MC-010,Laser Cutter,14.0,Evening,OP0117,Unknown,Industrial Fastener,Cast Iron,Unknown,250,573,437,10,Not Graded,Not Recorded,54.3,50.48,54.5,34.0,3.82,114.08,40.89,265.26,8.84,45.7,80,OK,Material shortage,76.27,2.29
1545,ORD-82653,2025-11-14,Plant C,MC-010,Laser Cutter,11.7,Morning,OP0057,L. D'Souza,Home Appliance Component,Steel,Unknown,150,529,458,9,Not Graded,Not Recorded,31.3,25.42,72.3,32.3,3.17,86.31,40.43,311.67,10.35,44.6,55,OK,OK,86.58,1.97
1546,ORD-60317,2026-08-10,Plant B,MC-021,Welding Robot,2.4,Morning,OP0098,L. D'Souza,Electronics Housing,Unknown,Precision Components Co,150,448,430,13,A,No,12.0,53.73,64.4,54.9,1.01,84.31,39.7,421.96,8.76,51.0,27,Due,Routine check,95.98,3.02
1547,ORD-99589,2025-10-17,Plant E,MC-010,Conveyor Unit,1.0,Morning,OP0053,M. Naidu,Aerospace Component,Cast Iron,MetalWorks Pvt Ltd,300,478,440,12,C,No,37.4,24.93,68.0,45.3,1.8,141.69,11.83,103.92,5.98,40.0,20,OK,No Remarks,92.05,2.73
1548,ORD-36885,2026-03-18,Unknown,MC-003,CNC Mill,3.3,Morning,OP0074,R. Sharma,Metal Bracket,Aluminum,SteelCorp Ltd,300,539,529,15,A,No,17.0,48.25,69.0,37.7,2.04,129.58,15.9,144.94,8.47,81.5,84,Due,Power fluctuation,98.14,2.84
1549,ORD-59120,2026-02-02,Plant E,MC-003,CNC Lathe,9.5,Night,OP0079,Unknown,Aerospace Component,Copper,SteelCorp Ltd,300,530,465,10,B,Yes,19.3,57.97,70.5,34.8,1.98,149.29,28.63,244.3,10.68,100.0,4,Not Scheduled,Routine check,87.74,2.15
1550,ORD-88695,2026-03-11,Unknown,MC-013,Injection Molder,2.2,Morning,OP0109,K. Verma,Metal Bracket,Aluminum,Poly Materials Inc,175,547,547,13,A,No,9.0,20.41,64.5,51.9,2.21,52.03,41.78,434.0,8.59,79.6,36,Due,Routine check,100.0,2.38
1551,ORD-20858,2026-03-24,Plant E,MC-010,Injection Molder,3.7,Evening,OP0009,Unknown,Consumer Plastics,Steel,Global Alloys,200,334,289,6,B,Not Recorded,6.4,32.44,73.7,48.1,2.1,136.7,32.62,174.16,7.03,42.3,15,OK,Material shortage,86.53,2.08
1552,ORD-83867,2026-08-11,Plant A,MC-029,Stamping Press,9.6,Night,OP0116,Unknown,Industrial Fastener,Aluminum,Unknown,100,147,129,0,A,Not Recorded,15.8,31.62,72.2,41.1,2.49,118.88,30.03,0.0,7.89,73.8,6,Due,Routine check,87.76,0.0
1553,ORD-23863,2026-01-08,Plant D,MC-020,Conveyor Unit,8.5,Unknown,Unknown,M. Naidu,Industrial Fastener,Cast Iron,Unknown,200,535,426,13,A+,Yes,13.2,53.71,66.3,32.5,2.11,82.1,42.6,549.75,7.69,84.9,16,Overdue,customer complaint logged,79.63,3.05
1554,ORD-13639,2026-02-01,Plant E,MC-010,Assembly Line,10.5,Morning,OP0105,K. Verma,Aerospace Component,Aluminum,MetalWorks Pvt Ltd,200,305,308,3,C,Not Recorded,10.5,48.02,71.8,44.2,4.39,122.28,9.98,24.51,10.36,67.0,23,Scheduled,No Remarks,100.98,0.97
1555,ORD-37823,2026-03-22,Plant A,MC-031,Welding Robot,5.6,Evening,OP0100,Unknown,Consumer Plastics,Steel,SteelCorp Ltd,200,586,553,6,A,No,44.2,39.11,73.2,40.8,4.62,145.98,4.58,23.87,8.71,62.9,15,Not Scheduled,No Remarks,94.37,1.08
1556,ORD-77270,2025-11-29,Plant B,MC-007,Assembly Line,8.0,Night,OP0023,P. Rao,Automotive Parts,ABS Plastic,Poly Materials Inc,150,496,457,10,B,Yes,18.5,43.54,52.5,64.2,2.62,124.79,41.68,231.93,9.16,52.4,47,Due,Line stopped briefly,92.14,2.19
1557,ORD-76752,2026-02-07,Plant D,MC-024,Laser Cutter,14.2,Morning,OP0054,Unknown,Packaging Unit,ABS Plastic,SteelCorp Ltd,200,464,416,8,B,Yes,18.4,45.3,61.6,54.7,2.79,150.03,22.26,133.12,6.54,76.6,73,Overdue,Line stopped briefly,89.66,1.92
1558,ORD-66169,2026-05-31,Plant B,MC-024,CNC Mill,3.6,Night,OP0051,Unknown,Aerospace Component,Aluminum,MetalWorks Pvt Ltd,200,446,358,5,A+,No,10.4,36.4,64.6,32.4,3.12,194.82,39.09,105.82,5.64,83.7,58,OK,No Remarks,80.27,1.4
1559,ORD-61509,2026-01-27,Plant A,MC-004,Press Brake,14.6,Night,OP0095,S. Kumar,Home Appliance Component,Polycarbonate,Unknown,150,389,392,9,A+,Yes,7.6,45.71,80.7,38.5,3.59,108.02,18.64,162.02,8.47,40.6,3,Overdue,Routine check,100.77,2.3
1560,ORD-59777,2026-02-17,Plant D,MC-021,Press Brake,1.3,Evening,OP0104,K. Verma,Automotive Parts,Unknown,Global Alloys,150,651,636,11,A,No,52.0,40.67,61.8,53.7,1.74,139.63,20.23,175.84,7.73,78.6,17,Not Scheduled,Routine check,97.7,1.73
1561,ORD-71946,2026-05-22,Plant B,MC-018,Stamping Press,12.0,Morning,OP0042,A. Iyer,Medical Device Part,Copper,Poly Materials Inc,100,401,366,7,Not Graded,Yes,22.8,21.52,69.0,13.5,2.71,136.25,7.61,47.9,7.89,47.2,31,OK,No Remarks,91.27,1.91
1562,ORD-26125,2025-12-15,Plant E,MC-013,CNC Mill,12.4,Morning,OP0026,P. Rao,Electronics Housing,Cast Iron,SteelCorp Ltd,200,461,389,11,A,No,20.8,49.38,70.9,46.6,1.54,112.18,14.3,154.42,6.82,93.1,31,OK,customer complaint logged,84.38,2.83
1563,ORD-46709,2026-04-09,Plant E,MC-040,3D Printer,1.2,Morning,OP0017,N. Fernandes,Home Appliance Component,Unknown,MetalWorks Pvt Ltd,150,467,433,11,A+,Yes,27.0,53.75,61.8,37.1,1.35,138.77,38.27,390.33,9.59,72.2,19,Scheduled,Routine check,92.72,2.54
1564,ORD-90733,2025-10-18,Plant B,MC-025,Conveyor Unit,7.1,Morning,OP0023,R. Sharma,Medical Device Part,Cast Iron,Poly Materials Inc,100,559,554,15,A,Yes,6.8,53.63,69.5,50.8,1.11,91.25,36.86,527.89,9.28,93.4,16,Scheduled,Power fluctuation,99.11,2.71
1565,ORD-36801,2026-08-06,Unknown,MC-026,Press Brake,5.4,Morning,OP0019,A. Iyer,Packaging Unit,Steel,SteelCorp Ltd,300,503,440,6,B,Not Recorded,47.8,41.24,78.5,47.7,0.41,57.92,37.33,184.56,8.96,64.2,67,Not Scheduled,No Remarks,87.48,1.36
1566,ORD-70150,2025-10-20,Unknown,MC-012,CNC Lathe,5.5,Evening,OP0096,P. Rao,Aerospace Component,Steel,SteelCorp Ltd,300,486,416,14,B,Yes,1.8,49.34,72.5,52.0,0.71,88.86,19.37,153.79,8.76,65.9,15,Due,Line stopped briefly,85.6,3.37
1567,ORD-90481,2026-03-22,Plant B,MC-005,CNC Mill,13.0,Night,OP0104,R. Sharma,Medical Device Part,Aluminum,Unknown,50,631,527,11,Reject,No,19.8,47.21,68.6,11.3,1.75,135.69,18.71,122.12,6.7,60.7,4,Overdue,customer complaint logged,83.52,2.09
1568,ORD-32645,2025-10-14,Plant D,MC-014,Stamping Press,4.7,Morning,OP0007,N. Fernandes,Packaging Unit,Aluminum,Unknown,200,484,377,5,B,Yes,39.2,50.13,62.2,66.3,0.55,152.17,36.43,103.1,10.15,87.7,23,OK,No Remarks,77.89,1.33
1569,ORD-86069,2025-11-10,Plant E,MC-004,Press Brake,0.4,Night,OP0027,M. Naidu,Medical Device Part,Copper,Global Alloys,150,363,322,9,A+,Yes,3.6,47.4,71.4,50.9,3.14,116.12,37.08,170.99,9.16,40.3,47,Overdue,Material shortage,88.71,2.8
1570,ORD-28832,2026-04-26,Plant A,MC-033,Welding Robot,5.5,Night,OP0081,A. Iyer,Consumer Plastics,Copper,Precision Components Co,250,553,538,16,B,No,10.3,54.54,58.4,67.7,3.97,41.96,31.81,353.27,9.81,53.4,43,OK,Material shortage,97.29,2.97
1571,ORD-57428,2026-04-13,Plant E,MC-033,Stamping Press,9.5,Morning,OP0095,R. Sharma,Electronics Housing,Steel,Precision Components Co,50,374,386,9,Not Graded,Not Recorded,32.8,45.56,79.0,36.8,1.44,33.04,20.41,93.76,10.18,82.8,18,Due,OK,103.21,2.33
1572,ORD-63708,2026-05-22,Plant B,MC-037,Press Brake,11.0,Evening,OP0075,R. Sharma,Automotive Parts,Aluminum,Global Alloys,150,581,535,8,Reject,Yes,2.8,36.97,65.0,62.1,2.84,80.41,11.9,78.54,7.05,62.0,20,Not Scheduled,No Remarks,92.08,1.5
1573,ORD-15326,2026-04-01,Plant D,MC-021,Welding Robot,2.6,Night,OP0069,M. Naidu,Metal Bracket,ABS Plastic,MetalWorks Pvt Ltd,50,440,385,9,B,Not Recorded,32.8,33.37,65.9,62.7,0.96,174.06,42.79,311.41,5.26,44.0,65,Due,No Remarks,87.5,2.34
1574,ORD-44816,2026-07-20,Plant B,MC-029,3D Printer,13.8,Morning,OP0047,K. Verma,Automotive Parts,Polycarbonate,Global Alloys,150,646,638,9,A,Yes,18.7,52.16,81.1,53.2,3.71,83.88,38.72,313.75,5.78,87.8,24,Due,No Remarks,98.76,1.41
1575,ORD-59412,2026-07-22,Plant B,MC-018,3D Printer,13.7,Evening,OP0070,S. Kumar,Industrial Fastener,Cast Iron,SteelCorp Ltd,50,639,554,11,A,Yes,6.0,51.14,70.9,44.6,2.02,94.24,6.98,43.73,12.79,78.1,25,Not Scheduled,Material shortage,86.7,1.99
1576,ORD-19684,2025-11-01,Plant B,MC-022,CNC Lathe,3.1,Night,OP0118,L. D'Souza,Automotive Parts,Aluminum,SteelCorp Ltd,250,596,506,8,Reject,Yes,45.7,47.49,83.7,28.8,2.27,126.28,34.2,196.5,10.62,68.7,30,Due,Line stopped briefly,84.9,1.58
1577,ORD-36946,2026-04-14,Plant B,MC-040,CNC Lathe,0.9,Night,OP0079,M. Naidu,Electronics Housing,Polycarbonate,Global Alloys,150,375,315,2,B,Not Recorded,13.5,42.55,64.1,53.2,0.37,120.45,3.59,5.81,8.54,74.1,16,Due,No Remarks,84.0,0.63
1578,ORD-39087,2026-02-12,Plant B,MC-027,Laser Cutter,7.3,Morning,OP0023,A. Iyer,Home Appliance Component,Steel,MetalWorks Pvt Ltd,150,420,415,8,A+,No,16.5,42.39,60.8,52.0,3.8,77.06,12.29,60.34,7.03,64.0,38,OK,unknown issue,98.81,1.93
1579,ORD-40895,2026-07-20,Plant D,MC-025,Welding Robot,2.6,Evening,OP0084,K. Verma,Industrial Fastener,Copper,SteelCorp Ltd,150,426,441,1,A+,No,14.3,27.63,88.8,31.3,1.33,165.86,14.69,11.09,9.61,84.3,15,OK,No Remarks,103.52,0.23
1580,ORD-79534,2025-12-07,Plant A,MC-029,CNC Lathe,7.0,Evening,OP0055,S. Kumar,Electronics Housing,Aluminum,Unknown,250,310,310,3,A,No,2.9,46.76,82.5,55.8,1.75,88.81,20.31,55.24,7.54,83.6,7,Not Scheduled,unknown issue,100.0,0.97
1581,ORD-49935,2026-03-24,Plant B,MC-010,Stamping Press,3.2,Morning,OP0107,Unknown,Medical Device Part,Aluminum,SteelCorp Ltd,50,546,503,12,Not Graded,Yes,13.5,58.53,68.8,36.0,3.39,112.4,4.82,41.7,9.89,96.4,35,Due,No Remarks,92.12,2.39
1582,ORD-30070,2026-03-19,Plant B,MC-023,CNC Lathe,13.0,Morning,OP0107,Unknown,Consumer Plastics,Steel,Poly Materials Inc,150,586,471,5,Not Graded,Yes,21.0,49.03,56.3,51.1,2.26,84.68,13.82,56.27,8.83,91.4,53,OK,Routine check,80.38,1.06
1583,ORD-38873,2026-05-02,Plant A,MC-027,3D Printer,5.8,Evening,OP0104,A. Iyer,Automotive Parts,ABS Plastic,Poly Materials Inc,50,517,519,8,A+,Yes,16.3,45.26,75.5,46.9,2.48,159.96,34.46,173.19,6.7,60.9,28,Due,No Remarks,100.39,1.54
1584,ORD-33315,2026-02-27,Plant E,MC-014,CNC Lathe,1.8,Evening,Unknown,Unknown,Electronics Housing,ABS Plastic,Unknown,200,518,548,5,B,Yes,30.9,29.82,76.3,29.4,2.93,97.31,11.36,49.56,8.29,89.8,18,Not Scheduled,unknown issue,105.79,0.91
1585,ORD-74861,2026-03-13,Plant C,MC-014,Assembly Line,9.0,Morning,OP0074,M. Naidu,Home Appliance Component,Aluminum,Unknown,300,301,277,6,B,Yes,12.3,57.38,55.0,62.4,1.88,94.3,8.92,44.92,7.29,61.3,49,Not Scheduled,Routine check,92.03,2.17
1586,ORD-18514,2026-03-16,Plant C,MC-010,CNC Lathe,2.2,Evening,OP0053,A. Iyer,Industrial Fastener,Copper,Global Alloys,150,419,414,4,B,Yes,35.2,72.07,69.1,53.8,0.04,106.73,4.57,10.51,7.75,97.5,48,OK,Line stopped briefly,98.81,0.97
1587,ORD-99204,2026-03-08,Plant A,MC-025,3D Printer,1.3,Evening,OP0052,P. Rao,Automotive Parts,Polycarbonate,Unknown,200,482,476,5,Not Graded,Not Recorded,38.1,29.03,75.4,20.8,0.55,108.98,16.94,47.25,8.75,62.5,61,Not Scheduled,Routine check,98.76,1.05
1588,ORD-75314,2026-02-01,Plant C,MC-001,Laser Cutter,1.6,Morning,OP0069,M. Naidu,Automotive Parts,Cast Iron,Global Alloys,100,350,318,6,A+,Yes,21.5,32.83,80.0,49.4,1.26,87.8,43.47,172.49,5.41,77.9,14,OK,Late shift start,90.86,1.89
1589,ORD-37760,2025-12-22,Plant C,MC-034,CNC Lathe,12.3,Night,OP0113,P. Rao,Electronics Housing,Steel,MetalWorks Pvt Ltd,250,609,582,15,A,Yes,17.4,56.62,61.7,41.1,1.59,68.78,11.94,132.11,8.52,47.0,36,Due,OK,95.57,2.58
1590,ORD-68428,2026-07-02,Plant D,MC-034,Welding Robot,14.4,Evening,OP0036,Unknown,Electronics Housing,Aluminum,SteelCorp Ltd,150,602,568,10,Not Graded,Not Recorded,6.7,39.18,72.4,48.3,2.65,97.28,16.84,153.73,6.3,62.5,24,Not Scheduled,Line stopped briefly,94.35,1.76
1591,ORD-72113,2026-06-25,Plant B,MC-027,Press Brake,9.2,Morning,OP0086,A. Iyer,Medical Device Part,Copper,Unknown,50,642,687,15,A+,Yes,70.3,58.62,62.4,37.6,3.34,84.61,41.26,322.68,9.21,83.1,18,OK,Line stopped briefly,107.01,2.18
1592,ORD-86556,2026-08-23,Plant D,MC-034,Laser Cutter,4.9,Evening,OP0031,P. Rao,Electronics Housing,Steel,Global Alloys,300,653,576,10,B,Not Recorded,9.6,58.19,75.4,54.8,3.8,120.74,2.96,21.7,9.28,92.5,24,Overdue,customer complaint logged,88.21,1.74
1593,ORD-61997,2026-05-17,Plant C,MC-038,Press Brake,11.3,Night,OP0107,S. Kumar,Metal Bracket,Copper,Unknown,150,575,574,13,B,Not Recorded,15.6,43.5,71.3,55.7,2.27,123.52,6.17,67.69,8.44,53.9,36,Due,customer complaint logged,99.83,2.26
1594,ORD-97574,2025-12-27,Plant E,MC-006,Laser Cutter,5.3,Evening,OP0115,P. Rao,Packaging Unit,Unknown,SteelCorp Ltd,150,502,476,8,A+,Yes,23.1,40.56,56.3,63.9,0.58,149.7,22.47,165.12,8.7,91.6,24,Overdue,unknown issue,94.82,1.68
1595,ORD-76911,2026-04-12,Plant A,MC-016,Injection Molder,7.8,Morning,OP0098,K. Verma,Packaging Unit,Unknown,Unknown,150,621,582,9,C,Yes,566.8,63.4,56.9,27.6,1.98,154.68,30.38,187.09,6.63,47.0,0,Not Scheduled,Power fluctuation,93.72,1.55
1596,ORD-33095,2026-09-02,Plant A,MC-010,Conveyor Unit,14.4,Evening,OP0049,R. Sharma,Medical Device Part,ABS Plastic,Global Alloys,150,687,706,14,Not Graded,Yes,8.1,63.21,75.8,42.6,1.74,77.24,41.56,294.55,6.78,95.1,34,Scheduled,unknown issue,102.77,1.98
1597,ORD-80770,2026-01-14,Plant D,MC-040,Laser Cutter,8.3,Morning,OP0113,P. Rao,Packaging Unit,Steel,SteelCorp Ltd,250,491,513,9,Reject,No,7.1,38.75,51.0,40.4,2.03,115.23,21.51,150.21,9.11,96.0,21,Not Scheduled,Material shortage,104.48,1.75
1598,ORD-28541,2026-06-05,Plant A,MC-015,Stamping Press,1.9,Night,OP0052,Unknown,Consumer Plastics,ABS Plastic,SteelCorp Ltd,150,651,637,9,C,Not Recorded,4.2,19.56,61.4,41.3,2.89,118.6,37.64,191.38,9.97,46.2,64,Due,Line stopped briefly,97.85,1.41
1599,ORD-33600,2026-08-26,Plant B,MC-006,3D Printer,1.1,Evening,OP0036,P. Rao,Electronics Housing,Copper,SteelCorp Ltd,250,477,380,11,Not Graded,Yes,31.9,45.88,63.3,35.0,2.62,103.42,24.35,234.64,7.27,63.6,24,Overdue,Late shift start,79.66,2.89
1600,ORD-84494,2026-08-17,Unknown,MC-034,3D Printer,14.8,Night,OP0119,K. Verma,Packaging Unit,Cast Iron,MetalWorks Pvt Ltd,150,545,526,10,B,No,25.4,44.0,71.2,28.9,1.09,156.22,4.04,31.5,8.27,95.5,122,Scheduled,No Remarks,96.51,1.9
1601,ORD-60608,2026-08-07,Plant C,MC-004,Welding Robot,6.7,Morning,OP0033,M. Naidu,Industrial Fastener,Aluminum,Precision Components Co,200,487,429,4,B,No,20.0,51.68,69.8,33.6,0.81,66.06,35.16,139.26,6.71,59.1,75,OK,No Remarks,88.09,0.93
1602,ORD-54888,2025-12-05,Plant B,MC-001,3D Printer,12.0,Night,OP0049,K. Verma,Automotive Parts,Steel,Poly Materials Inc,200,703,642,18,B,Not Recorded,12.7,51.56,69.2,38.7,2.54,114.45,32.3,300.45,9.37,56.8,2,Due,Line stopped briefly,91.32,2.8
1603,ORD-41054,2026-08-06,Plant B,MC-020,Assembly Line,7.3,Evening,OP0118,Unknown,Electronics Housing,Aluminum,Precision Components Co,200,751,723,15,A,Yes,32.2,39.13,62.4,68.7,1.66,114.97,38.53,367.78,9.26,80.9,15,Not Scheduled,Power fluctuation,96.27,2.07
1604,ORD-84791,2026-04-01,Plant E,MC-020,Assembly Line,1.6,Evening,OP0013,L. D'Souza,Industrial Fastener,Aluminum,Global Alloys,250,506,442,4,C,Yes,12.0,21.46,57.2,45.2,1.16,151.38,4.0,10.52,6.12,48.2,13,Not Scheduled,unknown issue,87.35,0.9
1605,ORD-68654,2025-11-23,Plant C,MC-036,3D Printer,12.4,Night,OP0057,K. Verma,Medical Device Part,Unknown,Global Alloys,200,453,427,8,Reject,Yes,3.3,27.86,74.9,31.2,2.77,154.05,33.86,186.24,7.5,60.9,2,Scheduled,No Remarks,94.26,1.87
1606,ORD-27088,2026-08-20,Plant B,MC-034,CNC Lathe,5.1,Night,OP0029,S. Kumar,Metal Bracket,Aluminum,SteelCorp Ltd,175,664,654,10,Not Graded,Yes,22.1,33.15,60.4,60.0,3.11,118.63,5.97,31.32,7.97,55.0,22,Due,No Remarks,98.49,1.53
1607,ORD-76275,2025-12-02,Plant D,MC-039,Laser Cutter,6.9,Night,OP0108,Unknown,Metal Bracket,Copper,Global Alloys,50,555,448,5,Reject,No,39.2,49.79,77.5,48.9,2.29,59.59,30.61,110.58,7.61,74.3,30,OK,Line stopped briefly,80.72,1.12
1608,ORD-36406,2026-06-24,Plant A,MC-002,Laser Cutter,1.8,Evening,OP0073,L. D'Souza,Automotive Parts,Cast Iron,Unknown,50,456,377,6,B,Not Recorded,54.7,45.46,73.1,39.1,2.37,142.77,34.41,147.14,8.31,42.1,33,Not Scheduled,No Remarks,82.68,1.59
1609,ORD-21330,2026-01-27,Plant B,MC-006,Conveyor Unit,0.5,Morning,OP0085,K. Verma,Medical Device Part,Steel,Poly Materials Inc,250,627,597,11,Reject,Yes,20.4,62.46,71.9,36.1,2.67,149.23,7.2,69.37,8.63,88.6,68,Not Scheduled,No Remarks,95.22,1.84
1610,ORD-30976,2026-04-27,Plant B,MC-039,Welding Robot,6.1,Morning,OP0120,Unknown,Consumer Plastics,Steel,SteelCorp Ltd,300,434,386,11,A+,Not Recorded,50.4,55.21,72.8,64.9,4.59,115.48,24.68,257.25,6.38,51.7,29,Due,No Remarks,88.94,2.85
1611,ORD-32377,2026-01-14,Plant D,MC-023,Welding Robot,3.1,Evening,OP0065,Unknown,Automotive Parts,Polycarbonate,Unknown,300,544,569,14,A,Yes,24.2,50.49,64.5,35.9,1.11,106.22,39.15,404.11,8.2,95.8,13,Overdue,Late shift start,104.6,2.46
1612,ORD-44532,2026-03-05,Plant A,MC-009,CNC Mill,10.3,Unknown,OP0058,M. Naidu,Consumer Plastics,ABS Plastic,Global Alloys,250,498,508,19,B,Yes,10.1,52.03,75.1,36.4,0.24,104.22,13.85,138.36,7.41,62.8,40,Overdue,No Remarks,102.01,3.74
1613,ORD-23820,2026-02-26,Plant C,MC-034,CNC Mill,5.0,Evening,OP0073,N. Fernandes,Home Appliance Component,Steel,Unknown,50,604,562,11,C,Yes,367.9,37.85,56.4,44.6,0.66,170.84,8.53,73.15,5.03,81.1,84,Not Scheduled,Routine check,93.05,1.96
1614,ORD-48748,2026-04-12,Plant E,MC-008,Press Brake,13.7,Evening,OP0060,K. Verma,Packaging Unit,Cast Iron,Poly Materials Inc,100,397,404,6,A,Not Recorded,22.1,42.68,80.1,46.2,2.96,122.92,28.07,121.18,7.72,79.1,19,Not Scheduled,No Remarks,101.76,1.49
1615,ORD-14652,2026-02-22,Plant A,MC-037,Stamping Press,4.2,Morning,OP0114,K. Verma,Industrial Fastener,Copper,MetalWorks Pvt Ltd,150,542,509,9,A,Yes,1.5,35.94,79.3,45.1,1.09,102.82,13.0,76.77,9.12,92.5,20,Scheduled,Line stopped briefly,93.91,1.77
1616,ORD-25653,2026-06-03,Plant D,MC-017,Welding Robot,8.8,Unknown,OP0119,L. D'Souza,Automotive Parts,Cast Iron,Unknown,50,331,312,6,C,Yes,22.8,52.57,83.9,78.5,2.22,147.59,35.53,182.62,7.81,56.6,44,Not Scheduled,Material shortage,94.26,1.92
1617,ORD-12050,2025-11-11,Plant A,MC-023,CNC Mill,10.0,Night,OP0029,R. Sharma,Medical Device Part,Polycarbonate,SteelCorp Ltd,100,356,329,10,Not Graded,Not Recorded,0.1,66.91,74.1,39.1,4.9,98.8,28.59,246.59,9.2,43.9,36,Not Scheduled,customer complaint logged,92.42,3.04
1618,ORD-72059,2026-08-21,Plant B,MC-007,Conveyor Unit,14.3,Unknown,OP0120,N. Fernandes,Metal Bracket,Steel,Poly Materials Inc,50,848,819,22,B,No,16.5,42.93,57.0,51.8,2.0,117.26,16.21,327.21,10.55,65.1,48,OK,Power fluctuation,96.58,2.69
1619,ORD-38975,2026-02-09,Plant C,MC-021,Press Brake,12.7,Unknown,OP0076,A. Iyer,Consumer Plastics,Cast Iron,Global Alloys,100,657,607,11,A,Yes,14.8,59.76,72.4,37.1,0.9,142.92,23.27,180.31,7.0,82.4,52,Scheduled,OK,92.39,1.81
1620,ORD-22942,2025-10-24,Plant C,MC-002,Assembly Line,5.4,Evening,OP0033,A. Iyer,Medical Device Part,Aluminum,SteelCorp Ltd,150,397,384,8,C,Yes,10.3,24.75,68.0,37.1,1.77,86.16,9.02,58.25,8.91,61.3,46,Due,No Remarks,96.73,2.08
1621,ORD-99591,2026-04-03,Plant D,MC-040,Assembly Line,7.2,Night,OP0022,P. Rao,Automotive Parts,Steel,Poly Materials Inc,250,354,340,4,Reject,No,19.9,29.54,62.4,44.7,0.53,169.99,30.08,109.2,6.1,91.2,8,Due,unknown issue,96.05,1.18
1622,ORD-53639,2026-06-24,Plant A,MC-020,CNC Mill,10.4,Evening,OP0092,S. Kumar,Consumer Plastics,ABS Plastic,MetalWorks Pvt Ltd,50,545,456,4,Reject,Yes,17.4,29.73,63.4,52.3,2.35,92.9,35.48,98.15,5.63,60.2,49,OK,Late shift start,83.67,0.88
1623,ORD-28307,2026-01-27,Plant D,MC-007,3D Printer,13.4,Morning,OP0052,L. D'Souza,Metal Bracket,Aluminum,Unknown,250,819,713,15,Reject,Yes,55.3,54.76,82.5,42.3,1.31,124.04,6.24,52.68,7.37,81.8,10,Not Scheduled,No Remarks,87.06,2.1
1624,ORD-27143,2026-03-12,Plant B,MC-011,CNC Mill,7.6,Night,OP0106,Unknown,Packaging Unit,Steel,Precision Components Co,200,581,529,13,B,Yes,13.3,25.58,54.2,50.3,0.44,185.09,17.76,133.92,11.85,72.8,38,OK,customer complaint logged,91.05,2.46
1625,ORD-46330,2026-06-15,Plant B,MC-021,Assembly Line,12.6,Evening,OP0032,A. Iyer,Consumer Plastics,Cast Iron,Precision Components Co,150,596,558,5,C,Yes,14.8,48.76,74.9,36.1,3.27,87.21,19.57,58.54,9.33,64.0,12,OK,customer complaint logged,93.62,0.9
1626,ORD-18063,2026-04-05,Plant D,MC-019,Press Brake,14.6,Morning,OP0031,A. Iyer,Industrial Fastener,Aluminum,Precision Components Co,150,487,494,12,Not Graded,Not Recorded,4.8,48.11,72.7,38.5,2.69,79.73,16.13,109.92,8.15,87.8,4,OK,Line stopped briefly,101.44,2.43
1627,ORD-14367,2026-07-12,Unknown,MC-015,Stamping Press,0.4,Morning,OP0069,P. Rao,Home Appliance Component,Cast Iron,Unknown,200,591,527,23,C,Not Recorded,1.8,31.66,74.8,42.7,1.69,123.84,23.09,292.17,6.47,88.6,14,Scheduled,Routine check,89.17,4.36
1628,ORD-21622,2026-09-03,Plant A,MC-037,3D Printer,11.6,Evening,OP0001,Unknown,Industrial Fastener,Cast Iron,Poly Materials Inc,300,491,480,12,Not Graded,Yes,6.0,38.68,51.3,59.1,0.29,113.97,13.22,130.64,6.06,65.2,2,Due,No Remarks,97.76,2.5
1629,ORD-56549,2026-09-02,Plant B,MC-032,Laser Cutter,3.8,Morning,OP0046,L. D'Souza,Industrial Fastener,Steel,Global Alloys,200,666,710,20,B,Yes,0.6,39.39,82.2,36.1,2.36,88.23,34.86,485.08,6.25,59.3,38,Overdue,No Remarks,106.61,2.82
1630,ORD-71172,2025-12-22,Plant B,MC-033,Conveyor Unit,10.2,Night,OP0046,N. Fernandes,Packaging Unit,Copper,Unknown,150,586,525,12,A,No,64.1,48.06,73.8,31.0,2.04,116.1,39.86,378.06,7.22,79.1,19,Overdue,No Remarks,89.59,2.29
1631,ORD-78378,2025-10-10,Unknown,MC-030,3D Printer,10.1,Night,OP0112,A. Iyer,Consumer Plastics,Aluminum,SteelCorp Ltd,250,690,699,11,A,Yes,50.1,61.45,62.0,56.1,1.67,172.54,10.12,92.36,7.91,79.2,46,Scheduled,Routine check,101.3,1.57
1632,ORD-74495,2026-01-31,Plant D,MC-030,CNC Lathe,10.0,Evening,OP0111,K. Verma,Consumer Plastics,Aluminum,MetalWorks Pvt Ltd,50,508,485,10,A+,Not Recorded,17.6,36.45,33.3,57.9,0.09,140.62,37.63,270.93,8.05,82.2,22,OK,unknown issue,95.47,2.06
1633,ORD-52865,2026-05-15,Plant A,MC-021,Stamping Press,10.6,Night,OP0110,P. Rao,Aerospace Component,ABS Plastic,Global Alloys,150,478,428,7,B,Yes,39.1,47.99,68.9,35.3,0.86,153.8,38.81,269.33,9.6,45.1,55,Not Scheduled,Routine check,89.54,1.64
1634,ORD-88849,2026-01-22,Plant E,MC-006,Injection Molder,15.0,Night,OP0041,Unknown,Industrial Fastener,Polycarbonate,Global Alloys,50,283,286,6,A,Not Recorded,4.9,27.25,63.0,58.5,2.08,106.91,6.81,27.0,7.84,50.0,38,Due,Routine check,101.06,2.1
1635,ORD-21855,2026-06-10,Plant B,MC-003,Assembly Line,14.6,Morning,OP0106,S. Kumar,Medical Device Part,Cast Iron,Precision Components Co,300,425,416,8,A,Yes,20.7,31.92,82.5,55.7,3.87,101.51,41.96,261.17,6.43,79.8,53,Due,No Remarks,97.88,1.92
1636,ORD-91405,2025-11-17,Plant E,MC-013,Stamping Press,11.7,Morning,OP0021,S. Kumar,Electronics Housing,ABS Plastic,Global Alloys,300,610,587,9,A,Not Recorded,21.5,47.26,73.2,52.8,1.95,79.51,4.63,22.99,5.84,75.3,59,Not Scheduled,Routine check,96.23,1.53
1637,ORD-36089,2026-03-11,Plant A,MC-016,3D Printer,11.0,Evening,OP0055,R. Sharma,Home Appliance Component,Steel,Unknown,300,533,462,14,B,Yes,27.9,29.01,59.0,69.4,2.85,119.41,43.96,553.83,7.57,82.1,24,Not Scheduled,No Remarks,86.68,3.03
1638,ORD-97516,2025-11-14,Plant A,MC-026,Conveyor Unit,9.6,Morning,OP0051,P. Rao,Metal Bracket,ABS Plastic,Unknown,150,422,421,7,B,Yes,28.7,58.89,76.7,50.9,0.63,205.7,28.7,112.37,7.14,53.6,7,OK,Late shift start,99.76,1.66
1639,ORD-55759,2026-08-22,Plant B,MC-024,Assembly Line,8.5,Morning,Unknown,S. Kumar,Consumer Plastics,Aluminum,SteelCorp Ltd,300,633,602,7,A+,No,58.5,35.37,58.4,49.9,0.23,124.11,24.42,104.62,8.29,75.8,21,Not Scheduled,Late shift start,95.1,1.16
1640,ORD-14891,2025-10-15,Plant E,MC-009,CNC Mill,7.7,Morning,OP0070,Unknown,Aerospace Component,Aluminum,Precision Components Co,200,420,368,3,A,Yes,7.5,31.94,63.1,37.8,0.56,119.04,37.46,65.34,6.58,88.0,11,Overdue,No Remarks,87.62,0.82
1641,ORD-60056,2026-05-24,Plant E,MC-004,Laser Cutter,5.9,Morning,OP0048,K. Verma,Consumer Plastics,Steel,MetalWorks Pvt Ltd,200,617,651,7,A,Yes,56.2,44.1,62.5,35.7,0.55,219.18,32.69,181.66,10.38,48.9,40,Due,unknown issue,105.51,1.08
1642,ORD-23291,2026-08-27,Plant A,MC-013,CNC Lathe,7.5,Night,OP0024,M. Naidu,Metal Bracket,Polycarbonate,Poly Materials Inc,300,411,336,4,B,Not Recorded,0.3,51.07,69.1,40.6,2.94,139.67,32.24,97.84,6.77,54.3,46,Not Scheduled,No Remarks,81.75,1.19
1643,ORD-14678,2026-09-05,Plant A,MC-008,CNC Mill,14.5,Morning,OP0042,S. Kumar,Electronics Housing,Aluminum,Global Alloys,200,461,378,6,B,No,23.8,46.67,65.1,34.5,2.16,60.84,30.16,176.45,8.27,67.6,53,Due,Material shortage,82.0,1.59
1644,ORD-38814,2026-03-17,Plant A,MC-013,3D Printer,6.4,Evening,OP0077,P. Rao,Consumer Plastics,Unknown,Precision Components Co,150,531,408,12,A+,Not Recorded,45.3,41.32,51.4,41.2,2.78,134.14,25.0,213.25,8.26,42.6,18,OK,No Remarks,76.84,2.94
1645,ORD-88087,2025-11-19,Plant B,MC-020,Assembly Line,1.3,Morning,OP0021,K. Verma,Packaging Unit,Steel,Global Alloys,50,565,522,13,A,Not Recorded,57.8,39.79,51.3,47.9,1.71,167.45,39.49,265.17,10.23,85.3,4,Scheduled,customer complaint logged,92.39,2.49
1646,ORD-76466,2026-03-06,Plant D,MC-013,CNC Mill,10.8,Morning,OP0076,S. Kumar,Medical Device Part,Aluminum,Precision Components Co,300,372,369,5,A,Yes,18.9,32.97,58.9,40.7,1.58,84.81,39.44,152.71,8.25,50.8,28,Not Scheduled,unknown issue,99.19,1.36
1647,ORD-35400,2026-05-07,Plant C,MC-028,Press Brake,9.1,Evening,OP0029,P. Rao,Industrial Fastener,Unknown,Global Alloys,250,391,340,6,A,No,13.0,48.25,66.8,46.9,4.25,118.49,21.38,90.16,7.44,80.6,50,Not Scheduled,Late shift start,86.96,1.76
1648,ORD-71814,2026-07-26,Plant C,MC-002,Conveyor Unit,8.9,Unknown,OP0075,L. D'Souza,Industrial Fastener,Unknown,Poly Materials Inc,200,515,461,13,A+,Yes,7.6,59.97,61.9,48.3,1.01,195.08,39.17,361.23,6.9,52.6,43,Overdue,No Remarks,89.51,2.82
1649,ord9328,2026-04-27,Plant E,MC-030,3D Printer,1.8,Evening,OP0083,P. Rao,Consumer Plastics,Steel,Precision Components Co,150,728,658,12,C,Yes,16.5,46.09,58.9,69.5,2.88,153.8,6.2,55.44,7.84,86.0,77,Not Scheduled,customer complaint logged,90.38,1.82
1650,ORD-40356,2025-12-29,Plant D,MC-001,Conveyor Unit,11.6,Evening,OP0057,R. Sharma,Home Appliance Component,Aluminum,Poly Materials Inc,250,563,510,10,A+,Not Recorded,26.5,48.02,67.6,39.9,0.05,153.74,43.19,257.89,6.88,66.6,8,OK,unknown issue,90.59,1.96
1651,ORD-57925,2026-04-01,Plant B,MC-007,Conveyor Unit,9.7,Evening,OP0011,Unknown,Packaging Unit,Cast Iron,Precision Components Co,50,392,383,5,B,Not Recorded,8.0,56.26,54.3,50.1,2.01,163.5,33.61,97.72,8.22,48.6,34,Not Scheduled,No Remarks,97.7,1.31
1652,ord2232,2025-11-29,Plant B,MC-010,Welding Robot,14.9,Morning,OP0082,P. Rao,Metal Bracket,Polycarbonate,Unknown,300,473,466,10,A,Yes,32.8,46.11,73.7,66.2,2.4,91.69,39.79,231.1,6.29,83.0,31,Due,No Remarks,98.52,2.15
1653,ORD-93071,2026-03-01,Plant A,MC-003,Assembly Line,3.3,Morning,OP0096,Unknown,Medical Device Part,Copper,Precision Components Co,300,621,565,13,B,No,21.3,34.0,65.0,35.5,2.66,91.79,11.18,73.61,7.65,69.5,51,OK,Power fluctuation,90.98,2.3
1654,ORD-55167,2026-08-30,Plant B,MC-035,CNC Mill,0.9,Evening,OP0108,N. Fernandes,Aerospace Component,Steel,Unknown,100,515,456,10,B,Not Recorded,38.2,36.51,76.6,65.1,1.35,97.72,37.91,275.11,6.17,61.3,11,Due,customer complaint logged,88.54,2.19
1655,ORD-29805,2026-03-24,Plant A,MC-018,Laser Cutter,2.5,Morning,OP0005,P. Rao,Automotive Parts,Steel,Global Alloys,200,485,463,11,B,No,38.0,44.93,74.0,47.8,1.63,77.91,42.63,444.14,7.61,63.9,108,Scheduled,No Remarks,95.46,2.38
1656,ORD-18340,2026-01-23,Plant B,MC-030,3D Printer,0.6,Morning,OP0049,A. Iyer,Electronics Housing,Copper,Global Alloys,300,379,343,10,A+,Not Recorded,59.7,32.41,64.1,25.8,3.45,128.86,30.8,199.91,5.92,49.9,25,OK,No Remarks,90.5,2.92
1657,ORD-28656,2026-01-23,Plant A,MC-023,CNC Mill,13.2,Night,OP0082,R. Sharma,Packaging Unit,Polycarbonate,Precision Components Co,100,266,297,5,A+,Yes,37.4,49.01,57.3,41.1,2.96,137.86,3.16,9.1,8.45,46.2,55,Not Scheduled,No Remarks,111.65,1.68
1658,ORD-26492,2026-01-29,Plant A,MC-001,Injection Molder,4.1,Night,OP0002,R. Sharma,Packaging Unit,ABS Plastic,Unknown,200,281,278,2,Reject,Yes,52.7,36.69,79.8,30.9,3.85,103.4,31.74,33.65,9.61,47.0,71,Due,No Remarks,98.93,0.72
1659,ORD-62311,2026-01-01,Plant C,MC-009,3D Printer,12.7,Morning,OP0005,P. Rao,Automotive Parts,Steel,Unknown,150,482,445,5,B,No,41.7,54.02,67.5,27.3,2.38,107.61,31.84,85.79,9.8,40.0,13,Due,No Remarks,92.32,1.12
1660,ORD-80668,2026-03-17,Plant B,MC-039,CNC Mill,12.6,Unknown,OP0082,P. Rao,Electronics Housing,Aluminum,Precision Components Co,200,251,235,2,A,Yes,20.5,60.57,52.1,40.1,0.96,67.11,19.22,21.46,8.72,89.1,28,Overdue,Late shift start,93.63,0.85
1661,ord3698,2026-02-07,Plant C,MC-023,Laser Cutter,12.5,Night,OP0044,Unknown,Home Appliance Component,Steel,Poly Materials Inc,300,721,701,25,C,Yes,41.6,41.12,68.1,55.9,4.2,145.52,22.95,571.03,7.66,66.1,34,Overdue,OK,97.23,3.57
1662,ORD-56636,2026-03-03,Plant D,MC-037,3D Printer,4.1,Night,OP0018,A. Iyer,Packaging Unit,Steel,Global Alloys,250,561,497,9,B,No,10.0,48.62,74.9,59.7,1.97,112.87,13.11,78.25,7.67,55.8,38,Not Scheduled,Power fluctuation,88.59,1.81
1663,ORD-48914,2025-12-18,Plant B,MC-029,CNC Lathe,14.9,Evening,OP0072,S. Kumar,Aerospace Component,ABS Plastic,Global Alloys,150,510,469,5,C,Not Recorded,41.9,22.31,56.1,43.0,0.72,82.6,37.46,119.74,7.06,64.4,3,Overdue,customer complaint logged,91.96,1.07
1664,ORD-11457,2026-02-06,Plant C,MC-008,3D Printer,14.0,Evening,OP0020,A. Iyer,Medical Device Part,Steel,Unknown,150,365,330,4,A+,Yes,30.4,59.67,64.5,43.4,1.89,126.33,34.02,81.21,7.58,90.9,22,Overdue,Line stopped briefly,90.41,1.21
1665,ORD-21671,2026-08-11,Plant B,MC-022,Stamping Press,12.5,Night,OP0075,Unknown,Metal Bracket,Aluminum,Unknown,250,517,516,5,C,Yes,20.9,41.94,68.8,58.5,1.99,118.94,19.99,71.25,7.8,60.0,85,Scheduled,Power fluctuation,99.81,0.97
1666,ORD-63276,2025-12-09,Plant D,MC-020,Stamping Press,5.6,Morning,OP0052,M. Naidu,Home Appliance Component,Cast Iron,Global Alloys,100,472,398,4,B,No,29.3,57.11,59.4,42.2,2.88,171.13,35.59,125.74,6.22,58.1,38,Overdue,OK,84.32,1.01
1667,ORD-85255,2026-03-24,Plant E,MC-026,Conveyor Unit,14.3,Morning,OP0003,M. Naidu,Consumer Plastics,Unknown,Global Alloys,200,456,390,7,B,Yes,35.3,30.56,65.9,42.5,1.78,106.6,14.99,99.48,9.27,79.3,23,Not Scheduled,Routine check,85.53,1.79
1668,ORD-18130,2026-03-26,Plant C,MC-012,Stamping Press,8.2,Morning,OP0072,L. D'Souza,Electronics Housing,Unknown,Precision Components Co,300,414,343,5,B,Yes,19.4,38.22,77.2,70.1,0.04,54.2,9.8,42.88,9.58,69.0,57,Not Scheduled,Late shift start,82.85,1.46
1669,ORD-63686,2025-12-21,Plant A,MC-025,3D Printer,14.7,Evening,OP0011,M. Naidu,Consumer Plastics,Polycarbonate,Global Alloys,150,656,613,6,B,Not Recorded,27.2,57.75,75.1,39.2,0.82,20.67,8.47,48.07,8.72,58.9,26,Not Scheduled,unknown issue,93.45,0.98
1670,ORD-74032,2026-04-12,Plant B,MC-028,Laser Cutter,8.2,Unknown,OP0099,P. Rao,Automotive Parts,Cast Iron,Global Alloys,150,296,250,8,A,Not Recorded,11.7,38.07,74.3,40.8,0.6,116.42,16.75,110.56,6.55,42.4,18,Due,customer complaint logged,84.46,3.2
1671,ORD-75028,2025-11-09,Plant C,MC-022,Assembly Line,12.0,Morning,OP0049,Unknown,Electronics Housing,Steel,MetalWorks Pvt Ltd,50,537,508,12,Not Graded,Yes,482.7,18.29,77.0,40.3,0.69,123.6,24.37,209.77,10.76,45.1,36,Not Scheduled,OK,94.6,2.36
1672,ORD-71031,2026-06-27,Plant A,MC-018,Injection Molder,4.3,Morning,OP0097,K. Verma,Medical Device Part,Cast Iron,SteelCorp Ltd,50,648,525,7,B,Not Recorded,6.6,55.47,71.4,36.5,2.89,114.46,6.12,22.58,7.01,92.0,13,Scheduled,OK,81.02,1.33
1673,ORD-49104,2026-08-21,Plant D,MC-018,Press Brake,3.7,Evening,OP0097,R. Sharma,Medical Device Part,Aluminum,SteelCorp Ltd,50,588,559,12,B,Yes,398.5,40.25,85.7,40.8,0.72,86.56,43.77,292.67,7.58,73.3,8,Overdue,Material shortage,95.07,2.15
1674,ORD-15833,2026-05-16,Plant E,MC-021,CNC Mill,0.9,Evening,OP0095,R. Sharma,Industrial Fastener,Steel,Global Alloys,150,472,483,9,C,Yes,5.5,51.45,65.7,40.4,1.49,38.6,21.56,177.07,6.27,76.3,0,Scheduled,Line stopped briefly,102.33,1.86
1675,ORD-92860,2026-01-29,Plant A,MC-023,3D Printer,1.4,Morning,OP0117,M. Naidu,Metal Bracket,Steel,Precision Components Co,150,306,344,5,Reject,Yes,19.6,58.45,69.7,47.5,2.6,58.58,19.23,64.32,9.17,57.6,25,Not Scheduled,unknown issue,112.42,1.45
1676,ORD-32532,2026-03-17,Plant B,MC-037,Laser Cutter,7.1,Morning,OP0003,K. Verma,Metal Bracket,Steel,Global Alloys,150,521,497,10,Reject,Yes,23.7,42.58,73.3,47.8,3.02,116.93,44.74,336.74,7.42,59.4,18,Not Scheduled,OK,95.39,2.01
1677,ORD-84596,2025-11-22,Plant A,MC-037,Press Brake,2.4,Morning,OP0039,K. Verma,Home Appliance Component,Polycarbonate,Precision Components Co,50,416,396,11,A+,No,34.9,26.53,79.1,37.4,0.52,144.33,9.68,65.52,11.18,58.9,9,Not Scheduled,Late shift start,95.19,2.78
1678,ORD-93574,2025-11-30,Plant C,MC-022,CNC Mill,1.7,Night,OP0083,M. Naidu,Industrial Fastener,Copper,SteelCorp Ltd,50,534,499,9,A,Not Recorded,1.7,42.87,62.1,36.5,0.15,111.92,43.86,248.34,7.64,84.0,23,Overdue,OK,93.45,1.8
1679,ORD-85053,2026-01-09,Plant B,MC-024,CNC Lathe,1.3,Morning,OP0090,Unknown,Home Appliance Component,Polycarbonate,SteelCorp Ltd,300,576,513,14,B,Yes,32.9,40.28,53.7,42.5,2.91,183.19,10.39,95.39,6.34,85.9,20,Due,Line stopped briefly,89.06,2.73
1680,ORD-62180,2026-02-17,Plant A,MC-028,3D Printer,2.5,Evening,OP0070,R. Sharma,Packaging Unit,Cast Iron,Poly Materials Inc,200,441,422,5,A+,Yes,41.6,47.7,74.8,50.3,1.69,84.94,43.62,130.48,6.83,79.3,37,Due,Power fluctuation,95.69,1.18
1681,ORD-22207,2026-08-04,Plant C,MC-001,Welding Robot,1.9,Morning,OP0111,Unknown,Automotive Parts,ABS Plastic,Precision Components Co,200,417,352,4,B,Yes,29.4,54.19,64.5,34.0,2.01,199.26,9.13,27.99,7.92,50.0,30,Due,Line stopped briefly,84.41,1.14
1682,ORD-63655,2025-10-06,Plant A,MC-026,Conveyor Unit,6.9,Morning,OP0023,A. Iyer,Metal Bracket,Polycarbonate,Global Alloys,50,642,679,7,C,Yes,39.9,35.83,56.9,40.8,5.32,78.81,30.61,167.19,8.65,46.5,24,Not Scheduled,customer complaint logged,105.76,1.03
1683,ORD-36437,2026-02-10,Plant C,MC-021,Stamping Press,7.6,Night,OP0092,Unknown,Metal Bracket,Copper,Poly Materials Inc,150,462,467,7,C,Not Recorded,68.0,56.73,46.5,38.2,0.26,86.73,8.45,39.88,3.78,69.8,61,OK,Routine check,101.08,1.5
1684,ORD-21715,2026-06-03,Plant A,MC-038,Injection Molder,10.7,Morning,OP0031,R. Sharma,Industrial Fastener,Copper,SteelCorp Ltd,250,295,272,7,B,Yes,7.4,41.24,73.6,68.8,2.26,112.41,6.1,31.82,6.99,92.4,32,Scheduled,Routine check,92.2,2.57
1685,ORD-39295,2025-12-06,Plant C,MC-019,CNC Lathe,12.1,Unknown,OP0048,N. Fernandes,Industrial Fastener,ABS Plastic,Global Alloys,200,553,578,17,B,Not Recorded,16.2,48.6,75.3,52.0,2.24,98.52,31.97,514.82,8.15,43.5,12,OK,No Remarks,104.52,2.94
1686,ORD-13010,2026-08-18,Plant A,MC-006,CNC Mill,8.8,Night,OP0088,M. Naidu,Home Appliance Component,Cast Iron,Global Alloys,250,433,426,10,Not Graded,Not Recorded,9.7,59.15,73.4,20.7,2.36,108.83,10.33,61.04,7.25,43.3,17,Overdue,OK,98.38,2.35
1687,ord6040,2026-09-10,Plant B,MC-016,3D Printer,9.1,Evening,OP0013,P. Rao,Electronics Housing,Polycarbonate,Global Alloys,200,196,165,3,C,Not Recorded,21.4,29.39,81.0,60.3,0.46,131.64,26.05,66.16,7.12,78.0,33,Due,No Remarks,84.18,1.82
1688,ORD-78439,2026-06-09,Unknown,MC-006,Injection Molder,12.4,Evening,OP0025,P. Rao,Home Appliance Component,ABS Plastic,Global Alloys,250,541,547,8,C,Yes,56.4,46.05,86.7,35.2,4.95,86.98,35.97,262.85,6.62,65.9,44,OK,Power fluctuation,101.11,1.46
1689,ORD-15460,2025-10-23,Plant D,MC-033,CNC Lathe,5.4,Morning,OP0104,M. Naidu,Medical Device Part,Polycarbonate,SteelCorp Ltd,300,590,670,13,A,Not Recorded,25.3,37.61,75.6,34.6,2.3,101.73,18.0,172.82,8.57,70.5,42,Overdue,OK,113.56,1.94
1690,ORD-60339,2026-05-14,Plant B,MC-027,CNC Lathe,5.2,Morning,OP0051,M. Naidu,Home Appliance Component,Steel,Poly Materials Inc,150,485,390,9,Not Graded,Yes,1.3,34.61,75.5,42.2,2.72,137.74,40.95,200.71,11.13,43.3,32,Not Scheduled,Line stopped briefly,80.41,2.31
1691,ORD-12805,2025-11-11,Plant C,MC-040,CNC Mill,6.5,Morning,OP0067,P. Rao,Consumer Plastics,Polycarbonate,Unknown,150,603,574,13,B,Not Recorded,22.5,36.34,86.5,37.6,3.18,57.99,19.32,175.54,8.28,61.7,1,OK,Power fluctuation,95.19,2.26
1692,ORD-21170,2026-06-05,Plant E,MC-005,Press Brake,7.0,Evening,OP0059,M. Naidu,Aerospace Component,Steel,Global Alloys,100,533,483,9,A,Yes,570.3,66.79,74.3,23.7,3.0,129.93,21.68,130.61,6.87,95.6,46,OK,No Remarks,90.62,1.86
1693,ORD-60425,2026-07-12,Plant A,MC-024,3D Printer,11.3,Unknown,OP0010,R. Sharma,Home Appliance Component,Cast Iron,Poly Materials Inc,150,464,414,14,A+,Yes,6.0,36.26,71.4,48.7,3.65,75.97,8.1,80.84,7.36,80.9,50,Overdue,No Remarks,89.22,3.38
1694,ORD-83418,2026-08-23,Plant C,MC-023,Injection Molder,14.5,Morning,Unknown,A. Iyer,Packaging Unit,Aluminum,SteelCorp Ltd,50,545,495,7,Reject,Yes,16.9,28.13,71.7,62.9,4.14,103.23,41.3,190.57,7.4,78.8,16,Not Scheduled,Routine check,90.83,1.41
1695,ORD-80675,2026-09-04,Plant B,MC-019,Press Brake,9.8,Night,OP0117,L. D'Souza,Packaging Unit,ABS Plastic,Precision Components Co,300,709,612,13,B,No,13.9,51.86,48.2,58.0,2.3,52.75,19.17,171.29,10.72,41.9,25,Scheduled,No Remarks,86.32,2.12
1696,ORD-23238,2025-12-19,Plant A,MC-022,CNC Mill,2.0,Morning,OP0104,R. Sharma,Metal Bracket,Unknown,Unknown,200,597,482,8,B,No,13.8,49.51,62.6,41.5,1.32,184.83,41.15,176.05,7.99,55.0,16,Not Scheduled,Line stopped briefly,80.74,1.66
1697,ORD-88488,2026-07-06,Plant E,MC-013,Conveyor Unit,4.8,Evening,OP0079,P. Rao,Industrial Fastener,Aluminum,Precision Components Co,200,569,483,5,B,Not Recorded,3.0,32.51,78.6,35.4,2.83,143.39,7.79,34.87,8.68,42.6,18,Overdue,Line stopped briefly,84.89,1.04
1698,ORD-37450,2026-06-17,Plant E,MC-022,Conveyor Unit,4.5,Morning,OP0038,M. Naidu,Aerospace Component,Steel,Precision Components Co,250,579,565,10,Not Graded,No,38.9,44.54,62.5,52.1,2.63,132.49,26.97,216.54,6.23,77.4,33,Overdue,Power fluctuation,97.58,1.77
1699,ord2911,2026-06-15,Plant A,MC-030,Injection Molder,6.4,Morning,OP0113,P. Rao,Automotive Parts,Cast Iron,Global Alloys,50,506,458,7,Not Graded,No,23.9,60.14,62.0,36.2,3.52,134.89,30.94,136.37,7.41,66.0,45,Due,No Remarks,90.51,1.53
1700,ORD-25874,2025-11-20,Plant A,MC-011,Conveyor Unit,0.9,Morning,OP0060,Unknown,Consumer Plastics,Aluminum,Poly Materials Inc,150,290,290,7,Reject,Not Recorded,29.5,33.82,66.4,40.7,0.5,158.28,5.18,25.31,9.35,44.3,17,OK,No Remarks,100.0,2.41
1701,ORD-44079,2026-08-18,Plant C,MC-035,Injection Molder,11.4,Night,OP0009,R. Sharma,Automotive Parts,Unknown,MetalWorks Pvt Ltd,100,492,435,6,Reject,Yes,55.0,54.63,75.8,28.0,0.6,20.63,41.8,194.18,6.27,43.3,5,Not Scheduled,Late shift start,88.41,1.38
1702,ORD-39334,2025-11-12,Plant E,MC-008,Stamping Press,13.4,Morning,OP0059,A. Iyer,Packaging Unit,Aluminum,MetalWorks Pvt Ltd,150,367,363,10,B,Yes,12.2,27.63,85.4,33.7,0.33,112.55,6.92,59.4,8.81,85.5,29,Due,No Remarks,98.91,2.75
1703,ORD-57463,2025-10-29,Plant B,MC-004,Welding Robot,11.5,Night,OP0094,L. D'Souza,Medical Device Part,Cast Iron,Precision Components Co,50,428,399,8,C,No,2.1,40.7,75.2,57.9,1.49,123.9,27.46,211.46,8.15,57.6,38,Due,Line stopped briefly,93.22,2.01
1704,ORD-36813,2026-01-11,Plant D,MC-035,Injection Molder,6.2,Morning,OP0017,R. Sharma,Packaging Unit,Unknown,Global Alloys,250,663,588,17,B,No,11.7,38.2,69.1,42.5,0.71,36.69,18.19,223.93,7.54,71.8,75,OK,Power fluctuation,88.69,2.89
1705,ORD-28338,2026-03-14,Plant B,MC-015,Conveyor Unit,13.5,Morning,OP0081,Unknown,Metal Bracket,ABS Plastic,SteelCorp Ltd,150,296,255,1,A+,Not Recorded,19.8,44.92,63.5,47.4,3.45,133.79,10.5,6.47,7.89,43.9,14,OK,OK,86.15,0.39
1706,ORD-79370,2026-05-02,Plant B,MC-036,Assembly Line,9.1,Morning,OP0046,M. Naidu,Electronics Housing,Steel,SteelCorp Ltd,200,743,627,7,Reject,Yes,25.0,20.23,58.7,60.3,2.11,93.91,25.49,128.37,6.28,57.0,15,Not Scheduled,No Remarks,84.39,1.12
1707,ORD-23422,2026-08-20,Plant D,MC-021,Laser Cutter,8.5,Morning,OP0068,L. D'Souza,Home Appliance Component,Unknown,MetalWorks Pvt Ltd,150,469,399,7,B,Not Recorded,14.2,63.96,63.1,28.2,3.15,116.64,20.2,75.22,7.2,96.0,27,Due,unknown issue,85.07,1.75
1708,ORD-36330,2026-09-11,Plant D,MC-020,Conveyor Unit,1.7,Night,OP0047,Unknown,Industrial Fastener,Steel,Global Alloys,250,567,526,12,A,Yes,37.3,29.68,58.1,29.2,2.34,152.31,26.14,162.11,7.67,50.0,17,Not Scheduled,customer complaint logged,92.77,2.28
1709,ORD-58094,2026-02-05,Plant A,MC-009,Laser Cutter,6.7,Morning,OP0114,N. Fernandes,Metal Bracket,ABS Plastic,Global Alloys,175,628,519,11,A+,Not Recorded,58.8,44.62,70.3,37.4,2.66,94.9,24.04,239.77,7.59,47.3,4,Not Scheduled,Power fluctuation,82.64,2.12
1710,ORD-27416,2026-01-24,Plant A,MC-018,Assembly Line,0.4,Morning,OP0083,P. Rao,Home Appliance Component,Polycarbonate,Global Alloys,50,530,507,14,B,Yes,35.1,29.17,67.0,44.8,4.9,108.46,9.22,84.39,9.81,65.0,67,OK,Late shift start,95.66,2.76
1711,ORD-95175,2025-10-06,Plant B,MC-027,Injection Molder,3.3,Morning,OP0004,Unknown,Medical Device Part,Aluminum,Global Alloys,150,594,499,11,A+,Yes,2.2,38.63,79.3,31.2,3.09,119.96,12.53,87.45,6.29,97.6,5,Scheduled,Late shift start,84.01,2.2
1712,ORD-68079,2026-03-08,Plant C,MC-012,Injection Molder,12.1,Evening,OP0004,A. Iyer,Home Appliance Component,Aluminum,MetalWorks Pvt Ltd,300,313,281,6,A+,No,13.1,52.45,69.6,29.0,2.59,141.37,38.59,121.86,9.59,54.5,62,Not Scheduled,unknown issue,89.78,2.14
1713,ORD-40365,2025-11-16,Plant A,MC-039,3D Printer,5.4,Evening,OP0005,M. Naidu,Metal Bracket,Unknown,Precision Components Co,250,399,342,0,B,Yes,22.4,49.5,80.2,53.3,1.92,78.56,41.63,0.0,6.64,42.3,29,OK,OK,85.71,0.0
1714,ORD-47598,2025-12-03,Plant C,MC-023,Laser Cutter,1.6,Night,OP0050,N. Fernandes,Packaging Unit,Cast Iron,Precision Components Co,300,510,460,13,Reject,Not Recorded,13.0,32.78,71.4,30.3,1.69,186.91,31.49,365.07,7.91,85.8,9,OK,OK,90.2,2.83
1715,ORD-10250,2026-07-09,Plant B,MC-028,3D Printer,10.4,Morning,OP0008,R. Sharma,Home Appliance Component,Copper,Global Alloys,150,433,376,5,C,Yes,561.3,59.32,72.3,46.9,2.99,64.8,44.14,130.15,7.6,68.6,53,Scheduled,Routine check,86.84,1.33
1716,ORD-29415,2026-05-11,Plant B,MC-036,CNC Lathe,10.5,Morning,OP0027,R. Sharma,Medical Device Part,Unknown,Precision Components Co,250,497,487,7,A,Yes,42.3,54.07,63.5,54.8,2.22,146.08,43.43,154.0,8.37,47.1,5,Due,No Remarks,97.99,1.44
1717,ORD-35805,2026-03-15,Plant A,MC-027,Welding Robot,7.0,Night,OP0098,R. Sharma,Aerospace Component,Steel,MetalWorks Pvt Ltd,100,462,475,5,B,Yes,1.1,45.26,75.1,46.6,2.16,137.3,5.26,26.17,8.6,67.0,33,Not Scheduled,Line stopped briefly,102.81,1.05
1718,ORD-77826,2026-09-06,Plant A,MC-022,CNC Mill,4.1,Night,OP0057,N. Fernandes,Automotive Parts,ABS Plastic,SteelCorp Ltd,150,502,501,16,B,Yes,47.7,39.3,67.3,59.9,2.78,70.9,9.06,96.94,7.08,40.3,49,OK,customer complaint logged,99.8,3.19
1719,ORD-44966,2025-10-12,Plant D,MC-024,Press Brake,8.7,Night,OP0045,R. Sharma,Automotive Parts,Aluminum,Global Alloys,300,382,357,7,A+,Not Recorded,3.3,42.74,69.8,45.8,2.28,124.6,37.27,254.0,8.74,50.6,33,OK,No Remarks,93.46,1.96
1720,ORD-79534,2025-12-07,Plant A,MC-029,CNC Lathe,7.0,Evening,OP0055,S. Kumar,Electronics Housing,Aluminum,Unknown,250,310,310,3,A,No,2.9,46.76,82.5,55.8,1.75,88.81,20.31,55.24,7.54,83.6,7,Not Scheduled,unknown issue,100.0,0.97
1721,ORD-24832,2026-08-01,Plant C,MC-014,Laser Cutter,9.3,Morning,OP0034,Unknown,Aerospace Component,Steel,MetalWorks Pvt Ltd,250,401,405,11,A,Yes,62.2,26.99,69.0,65.8,2.87,149.27,42.28,262.02,7.62,47.9,36,Not Scheduled,No Remarks,101.0,2.72
1722,ORD-16125,2026-01-16,Plant B,MC-026,Welding Robot,13.9,Morning,OP0042,N. Fernandes,Medical Device Part,Aluminum,Poly Materials Inc,100,525,470,8,Not Graded,Yes,11.8,42.79,78.9,45.1,2.52,154.89,21.8,168.56,8.0,56.1,55,Not Scheduled,No Remarks,89.52,1.7
1723,ORD-19532,2026-08-22,Plant A,MC-037,CNC Lathe,8.3,Morning,OP0082,A. Iyer,Electronics Housing,Aluminum,Unknown,150,479,389,14,Reject,No,37.4,42.63,55.7,34.1,0.57,98.57,12.09,150.99,7.49,74.7,37,OK,Line stopped briefly,81.21,3.6
1724,ORD-32820,2026-03-03,Plant B,MC-004,Injection Molder,6.4,Morning,OP0062,M. Naidu,Medical Device Part,Aluminum,Poly Materials Inc,100,735,585,14,B,Yes,11.6,54.45,76.4,28.4,4.37,65.44,31.86,225.06,6.2,86.4,27,Due,Material shortage,79.59,2.39
1725,ORD-58996,2026-07-19,Plant A,MC-034,Conveyor Unit,10.2,Morning,OP0055,L. D'Souza,Aerospace Component,Unknown,Global Alloys,150,606,534,4,A+,Yes,13.1,38.51,75.1,38.2,2.7,100.47,21.39,64.58,5.07,47.4,43,Not Scheduled,Power fluctuation,88.12,0.75
1726,ORD-51628,2026-03-25,Unknown,MC-008,CNC Mill,10.0,Morning,OP0056,S. Kumar,Electronics Housing,Aluminum,Unknown,150,301,270,4,B,Yes,22.6,36.41,81.7,54.4,0.17,113.22,19.87,78.03,7.13,100.0,1,OK,Power fluctuation,89.7,1.48
1727,ORD-32138,2026-07-23,Plant A,MC-034,Stamping Press,6.3,Evening,OP0073,R. Sharma,Packaging Unit,Aluminum,Unknown,200,522,598,10,B,Yes,1.7,38.24,75.3,53.6,2.09,155.92,15.01,141.99,9.12,72.7,35,Due,unknown issue,114.56,1.67
1728,ORD-93620,2026-07-14,Plant A,MC-022,Stamping Press,0.7,Evening,OP0078,N. Fernandes,Packaging Unit,Copper,SteelCorp Ltd,150,302,280,5,A,No,33.3,60.6,68.6,41.0,2.99,143.02,4.41,15.77,12.13,72.6,9,Overdue,Late shift start,92.72,1.79
1729,ORD-81860,2026-07-06,Plant A,MC-020,Injection Molder,3.8,Unknown,OP0090,K. Verma,Industrial Fastener,Steel,Global Alloys,100,569,620,12,C,Yes,48.8,40.02,71.0,52.7,2.33,104.31,35.47,421.93,7.09,77.6,5,OK,Power fluctuation,108.96,1.94
1730,ORD-65421,2026-04-29,Plant B,MC-028,Welding Robot,8.3,Morning,OP0091,Unknown,Medical Device Part,Polycarbonate,SteelCorp Ltd,150,652,563,13,A,Not Recorded,18.5,36.13,70.5,38.9,3.54,74.94,13.63,174.0,9.29,91.2,1,Scheduled,No Remarks,86.35,2.31
1731,ORD-81791,2026-01-15,Plant C,MC-026,Assembly Line,0.5,Morning,OP0067,L. D'Souza,Packaging Unit,Cast Iron,Unknown,300,404,368,10,Reject,Yes,12.9,37.17,63.0,40.6,0.58,143.73,16.04,160.27,6.88,65.8,13,OK,No Remarks,91.09,2.72
1732,ORD-36444,2026-07-03,Plant C,MC-028,Conveyor Unit,3.7,Night,OP0076,R. Sharma,Automotive Parts,Aluminum,Global Alloys,200,401,394,5,A+,No,0.8,31.56,75.3,71.2,1.6,96.18,32.42,143.05,5.95,52.6,19,Scheduled,No Remarks,98.25,1.27
1733,ORD-80547,2025-10-15,Plant A,MC-017,Assembly Line,6.7,Evening,OP0101,R. Sharma,Industrial Fastener,Cast Iron,Global Alloys,300,623,547,10,B,Not Recorded,61.1,46.34,62.5,40.6,0.39,141.7,28.86,261.97,11.32,71.6,27,Overdue,No Remarks,87.8,1.83
1734,ORD-42679,2025-12-11,Plant E,MC-036,Assembly Line,1.2,Morning,Unknown,M. Naidu,Metal Bracket,Polycarbonate,Precision Components Co,100,484,449,11,Not Graded,No,35.1,38.38,44.6,47.4,0.07,160.07,3.7,23.93,6.13,74.4,43,Overdue,Late shift start,92.77,2.45
1735,ORD-59710,2026-06-15,Plant E,MC-012,CNC Mill,7.9,Night,OP0068,P. Rao,Industrial Fastener,Polycarbonate,Global Alloys,200,695,699,18,A+,Not Recorded,14.8,60.75,78.0,37.2,3.33,143.87,16.45,273.58,7.71,65.2,1,Due,No Remarks,100.58,2.58
1736,ORD-76965,2025-11-19,Plant A,MC-017,CNC Mill,8.8,Night,OP0017,A. Iyer,Automotive Parts,Cast Iron,MetalWorks Pvt Ltd,100,282,239,4,B,Yes,11.5,55.53,75.1,44.7,0.2,224.75,37.4,81.01,8.48,65.3,13,Due,customer complaint logged,84.75,1.67
1737,ORD-85196,2026-05-27,Plant E,MC-022,Press Brake,12.7,Morning,OP0071,N. Fernandes,Home Appliance Component,Aluminum,SteelCorp Ltd,50,620,549,12,Not Graded,Not Recorded,44.1,43.95,75.7,40.6,2.23,114.95,9.53,75.89,6.08,81.0,23,OK,OK,88.55,2.19
1738,ORD-16029,2026-06-25,Plant B,MC-002,CNC Mill,14.4,Morning,OP0116,S. Kumar,Home Appliance Component,Aluminum,Precision Components Co,150,451,454,11,Reject,Yes,18.7,55.53,73.9,52.5,2.36,61.34,43.4,341.19,7.1,57.4,36,Due,Late shift start,100.67,2.42
1739,ORD-98842,2026-04-04,Plant B,MC-010,Press Brake,10.6,Morning,OP0014,A. Iyer,Industrial Fastener,Unknown,Poly Materials Inc,200,615,538,11,B,No,0.3,42.77,61.4,68.7,0.07,219.17,10.54,60.75,6.75,73.3,47,Not Scheduled,Material shortage,87.48,2.04
1740,ORD-57325,2026-07-10,Plant E,MC-026,Conveyor Unit,7.1,Night,OP0078,N. Fernandes,Electronics Housing,Polycarbonate,MetalWorks Pvt Ltd,200,591,602,10,A,Yes,10.9,64.44,73.1,29.1,1.98,111.39,11.15,83.09,7.54,84.6,20,OK,No Remarks,101.86,1.66
1741,ORD-54235,2026-04-27,Plant D,MC-011,Press Brake,1.8,Night,OP0036,K. Verma,Electronics Housing,Aluminum,Global Alloys,100,461,434,5,B,No,9.3,52.39,67.9,42.6,1.06,121.22,31.95,155.01,7.77,90.3,44,Due,No Remarks,94.14,1.15
1742,ORD-64020,2026-08-26,Plant B,MC-008,Press Brake,9.3,Night,OP0092,R. Sharma,Packaging Unit,Cast Iron,Global Alloys,200,461,438,7,Not Graded,Not Recorded,3.8,54.51,54.7,57.7,1.41,106.4,27.58,151.26,6.11,57.3,32,OK,Line stopped briefly,95.01,1.6
1743,ORD-14100,2025-10-29,Plant B,MC-023,Assembly Line,4.8,Night,OP0098,R. Sharma,Consumer Plastics,Unknown,Unknown,300,104,106,0,A+,Yes,29.6,40.41,59.9,36.2,0.56,72.68,44.63,0.0,8.08,60.6,38,Not Scheduled,Line stopped briefly,101.92,0.0
1744,ORD-80486,2026-08-15,Plant B,MC-004,Assembly Line,5.9,Night,OP0115,Unknown,Metal Bracket,Aluminum,Precision Components Co,250,501,443,12,Reject,Yes,21.8,30.26,56.9,40.6,0.06,91.61,27.3,312.12,7.93,76.6,93,Due,unknown issue,88.42,2.71
1745,ORD-38606,2025-12-27,Plant C,MC-026,CNC Mill,4.2,Evening,Unknown,S. Kumar,Aerospace Component,Aluminum,SteelCorp Ltd,200,448,400,9,C,Not Recorded,11.4,56.09,63.7,27.7,1.33,131.42,37.67,248.8,7.13,41.4,27,OK,customer complaint logged,89.29,2.25
1746,ORD-58710,2026-05-06,Plant C,MC-001,Injection Molder,3.5,Morning,OP0015,R. Sharma,Industrial Fastener,Cast Iron,Precision Components Co,250,412,368,8,C,Yes,516.5,43.59,74.3,62.6,1.63,162.54,25.38,174.61,9.09,72.8,103,Not Scheduled,No Remarks,89.32,2.17
1747,ORD-13663,2026-05-19,Plant A,MC-012,Welding Robot,6.4,Night,OP0022,Unknown,Electronics Housing,ABS Plastic,Poly Materials Inc,200,470,446,6,C,Yes,0.0,26.59,58.6,28.1,1.8,143.89,6.07,35.11,8.98,80.8,48,Overdue,No Remarks,94.89,1.35
1748,ORD-49361,2025-10-01,Plant C,MC-039,CNC Lathe,3.2,Unknown,Unknown,N. Fernandes,Consumer Plastics,Steel,MetalWorks Pvt Ltd,50,356,356,10,A,Not Recorded,17.9,66.2,51.5,35.6,3.59,127.34,37.49,216.71,8.64,72.3,34,Due,Routine check,100.0,2.81
1749,ORD-97972,2026-03-03,Unknown,MC-022,CNC Lathe,13.6,Night,OP0112,L. D'Souza,Industrial Fastener,ABS Plastic,Precision Components Co,200,550,585,13,A+,No,1.4,65.11,60.9,49.2,3.05,102.12,41.9,428.4,8.06,80.7,17,Due,No Remarks,106.36,2.22
1750,ORD-30576,2026-07-11,Plant B,MC-034,CNC Mill,12.8,Evening,OP0027,A. Iyer,Home Appliance Component,Polycarbonate,MetalWorks Pvt Ltd,50,233,203,7,B,Not Recorded,34.5,39.9,64.6,54.7,0.35,45.0,28.72,126.57,7.54,70.6,48,OK,Material shortage,87.12,3.45
1751,ORD-72763,2026-02-26,Plant E,MC-003,CNC Mill,13.3,Evening,OP0041,L. D'Souza,Aerospace Component,Unknown,Global Alloys,100,517,521,12,A+,No,31.7,51.06,54.4,33.0,3.17,125.53,33.69,354.65,10.27,55.3,49,OK,No Remarks,100.77,2.3
1752,ord2270,2026-02-15,Plant B,MC-028,3D Printer,11.9,Night,OP0049,Unknown,Electronics Housing,Copper,Precision Components Co,200,441,373,7,Not Graded,Yes,3.1,49.17,53.1,51.3,0.51,130.99,9.96,55.7,8.73,55.9,37,Due,No Remarks,84.58,1.88
1753,ORD-87676,2026-07-17,Plant C,MC-031,Welding Robot,3.5,Night,OP0021,A. Iyer,Industrial Fastener,Copper,Poly Materials Inc,200,469,504,10,B,Yes,10.4,54.73,90.7,61.4,0.41,113.08,31.81,246.25,8.83,73.2,36,Not Scheduled,No Remarks,107.46,1.98
1754,ORD-21835,2026-05-26,Plant D,MC-029,Conveyor Unit,14.5,Unknown,OP0081,K. Verma,Metal Bracket,Cast Iron,Poly Materials Inc,250,640,678,14,B,Not Recorded,2.1,37.81,73.0,37.5,1.46,114.12,32.08,326.04,7.14,48.9,65,Not Scheduled,Line stopped briefly,105.94,2.06
1755,ORD-20084,2026-04-30,Unknown,MC-029,Injection Molder,12.4,Evening,OP0104,M. Naidu,Consumer Plastics,Polycarbonate,SteelCorp Ltd,150,495,449,5,Reject,No,42.0,52.25,80.5,51.9,0.64,90.66,6.05,28.15,8.67,93.9,78,Due,Line stopped briefly,90.71,1.11
1756,ORD-66208,2026-03-12,Plant C,MC-005,CNC Mill,10.3,Morning,OP0098,K. Verma,Medical Device Part,Copper,SteelCorp Ltd,250,140,129,3,A+,Yes,0.4,40.29,58.7,34.3,2.66,124.61,16.3,40.18,10.38,89.1,15,Not Scheduled,Power fluctuation,92.14,2.33
1757,ORD-63266,2026-02-02,Plant C,MC-013,Laser Cutter,3.9,Morning,OP0082,Unknown,Home Appliance Component,ABS Plastic,SteelCorp Ltd,50,498,419,9,C,No,5.2,65.13,64.1,29.2,2.38,103.36,39.25,309.7,7.45,68.6,11,Overdue,Routine check,84.14,2.15
1758,ORD-14149,2026-02-19,Plant B,MC-004,Assembly Line,4.5,Night,OP0100,Unknown,Aerospace Component,Cast Iron,SteelCorp Ltd,150,364,304,2,B,Yes,54.1,43.11,70.2,48.3,4.16,99.85,30.07,45.19,7.41,86.5,33,OK,No Remarks,83.52,0.66
1759,ORD-65878,2025-11-03,Unknown,MC-010,Press Brake,2.9,Night,OP0008,L. D'Souza,Packaging Unit,Unknown,SteelCorp Ltd,200,420,370,9,B,No,62.8,29.1,85.9,54.1,2.64,85.54,32.67,188.56,9.82,42.8,10,Scheduled,Late shift start,88.1,2.43
1760,ORD-48748,2026-04-12,Plant E,MC-008,Press Brake,13.7,Evening,OP0060,K. Verma,Packaging Unit,Cast Iron,Poly Materials Inc,100,397,404,6,A,Not Recorded,22.1,42.68,80.1,46.2,2.96,122.92,28.07,121.18,7.72,79.1,19,Not Scheduled,No Remarks,101.76,1.49
1761,ORD-51353,2026-02-03,Plant D,MC-032,Assembly Line,5.5,Morning,OP0113,R. Sharma,Medical Device Part,Aluminum,SteelCorp Ltd,250,643,641,9,B,Yes,43.7,60.28,77.5,49.2,3.52,117.97,13.43,72.7,8.67,72.7,35,OK,Line stopped briefly,99.69,1.4
1762,ORD-27380,2026-04-14,Plant C,MC-027,Assembly Line,6.4,Night,OP0010,K. Verma,Industrial Fastener,Steel,SteelCorp Ltd,150,674,614,9,B,Yes,8.8,65.81,58.9,55.4,3.0,109.33,10.1,71.81,8.31,42.1,7,Due,Material shortage,91.1,1.47
1763,ORD-25473,2026-08-29,Plant A,MC-028,Press Brake,2.6,Morning,OP0079,Unknown,Packaging Unit,Polycarbonate,SteelCorp Ltd,200,304,313,6,C,No,28.7,45.08,64.1,43.7,1.99,107.05,40.75,222.8,7.47,46.7,15,Due,Late shift start,102.96,1.92
1764,ORD-38613,2026-07-15,Plant B,MC-034,Assembly Line,3.5,Morning,OP0004,S. Kumar,Aerospace Component,Steel,Poly Materials Inc,100,553,551,8,A+,No,1.4,56.93,61.1,41.4,4.15,118.33,44.65,343.12,6.78,51.4,7,Not Scheduled,Line stopped briefly,99.64,1.45
1765,ORD-22545,2025-12-11,Plant D,MC-034,CNC Lathe,7.9,Morning,OP0048,A. Iyer,Industrial Fastener,Aluminum,MetalWorks Pvt Ltd,100,816,723,17,Not Graded,Yes,60.6,53.05,64.9,56.8,4.43,118.49,26.49,325.2,7.63,86.2,34,Due,Routine check,88.6,2.35
1766,ORD-50438,2025-12-31,Plant D,MC-025,3D Printer,3.6,Evening,OP0056,L. D'Souza,Medical Device Part,Steel,Precision Components Co,150,726,675,9,Reject,Not Recorded,68.4,40.96,65.2,40.8,1.26,94.47,21.12,166.92,6.32,85.0,71,Not Scheduled,OK,92.98,1.33
1767,ORD-61401,2026-06-04,Plant A,MC-015,Assembly Line,9.6,Morning,OP0119,L. D'Souza,Aerospace Component,Cast Iron,SteelCorp Ltd,150,519,507,15,A,No,7.7,47.73,52.7,34.3,0.09,145.38,29.44,276.81,7.47,52.5,54,OK,No Remarks,97.69,2.96
1768,ORD-15615,2026-09-10,Plant B,MC-037,Press Brake,12.8,Night,OP0083,Unknown,Automotive Parts,Aluminum,SteelCorp Ltd,150,380,299,4,A+,Yes,17.6,38.12,64.1,31.4,3.12,71.45,30.94,118.43,11.23,41.7,47,Not Scheduled,customer complaint logged,78.68,1.34
1769,ORD-36104,2026-01-07,Plant B,MC-005,CNC Lathe,1.3,Morning,OP0015,P. Rao,Medical Device Part,Unknown,Unknown,50,556,544,10,B,Yes,7.6,41.0,64.7,37.4,2.28,108.66,26.81,216.22,7.73,96.0,27,Due,unknown issue,97.84,1.84
1770,ORD-89377,2026-07-17,Plant E,MC-036,Stamping Press,9.6,Morning,OP0019,R. Sharma,Metal Bracket,Aluminum,Global Alloys,250,444,351,6,A+,No,43.0,72.84,69.8,34.2,0.09,129.03,13.22,43.89,7.97,57.9,79,Due,OK,79.05,1.71
1771,ORD-42285,2025-12-12,Plant E,MC-017,3D Printer,12.7,Morning,OP0097,Unknown,Automotive Parts,Cast Iron,MetalWorks Pvt Ltd,150,376,338,6,A+,Yes,48.3,22.67,69.0,55.3,1.55,80.41,39.34,225.86,9.94,100.0,63,Due,OK,89.89,1.78
1772,ORD-21542,2026-07-22,Plant A,MC-018,Conveyor Unit,9.8,Morning,OP0057,P. Rao,Aerospace Component,Aluminum,Poly Materials Inc,150,422,355,7,Not Graded,No,53.1,51.47,58.7,42.7,0.96,71.6,44.43,232.55,9.41,75.1,17,Due,No Remarks,84.12,1.97
1773,ORD-68313,2026-02-23,Plant A,MC-033,Laser Cutter,7.1,Night,OP0037,L. D'Souza,Electronics Housing,ABS Plastic,Poly Materials Inc,200,602,620,13,Reject,Yes,9.6,55.31,72.2,51.1,2.33,88.08,3.88,33.21,8.9,78.2,67,Not Scheduled,unknown issue,102.99,2.1
1774,ORD-15110,2026-08-08,Plant E,MC-016,CNC Lathe,1.4,Morning,OP0066,K. Verma,Electronics Housing,Cast Iron,Poly Materials Inc,100,362,314,10,A,Not Recorded,58.0,62.06,59.3,58.6,2.61,97.09,24.69,202.6,7.75,77.9,15,Due,Line stopped briefly,86.74,3.18
1775,ORD-14808,2025-12-05,Plant B,MC-014,Stamping Press,7.6,Unknown,OP0102,P. Rao,Home Appliance Component,ABS Plastic,Unknown,200,566,518,6,A+,Not Recorded,50.7,54.36,68.3,38.3,1.07,124.29,34.81,142.04,8.13,73.4,25,Due,OK,91.52,1.16
1776,ORD-70238,2026-06-07,Plant D,MC-006,Laser Cutter,4.4,Night,OP0051,N. Fernandes,Electronics Housing,Copper,Precision Components Co,50,384,358,9,Not Graded,Yes,4.0,18.51,66.0,20.2,2.69,76.6,2.73,23.27,5.81,40.4,32,Due,unknown issue,93.23,2.51
1777,ORD-89876,2026-02-18,Plant D,MC-034,Press Brake,8.5,Morning,OP0081,Unknown,Electronics Housing,Cast Iron,SteelCorp Ltd,100,437,387,7,B,No,3.2,45.11,69.1,36.2,3.42,126.19,29.94,163.75,5.99,42.6,34,Not Scheduled,Power fluctuation,88.56,1.81
1778,ORD-24240,2026-05-02,Plant C,MC-029,3D Printer,10.3,Evening,OP0068,N. Fernandes,Packaging Unit,Copper,MetalWorks Pvt Ltd,250,352,312,5,A,Yes,16.2,42.68,56.6,58.0,0.62,75.39,12.0,53.76,7.08,44.7,42,OK,customer complaint logged,88.64,1.6
1779,ORD-43006,2026-02-11,Plant B,MC-020,Laser Cutter,12.1,Evening,OP0058,P. Rao,Electronics Housing,ABS Plastic,SteelCorp Ltd,150,595,533,8,C,No,25.3,47.36,73.0,54.5,4.05,92.84,4.5,34.44,9.71,78.3,49,Not Scheduled,Material shortage,89.58,1.5
1780,ORD-25520,2026-03-13,Plant A,MC-033,Conveyor Unit,2.2,Morning,OP0052,M. Naidu,Metal Bracket,ABS Plastic,Poly Materials Inc,100,421,404,4,A+,Yes,44.4,67.01,52.1,30.2,1.06,103.56,43.37,91.4,6.41,73.6,10,Scheduled,Material shortage,95.96,0.99
1781,ORD-68419,2026-07-22,Plant B,MC-018,Assembly Line,7.9,Morning,OP0053,Unknown,Metal Bracket,Cast Iron,MetalWorks Pvt Ltd,50,636,504,13,Reject,Yes,40.8,43.96,65.5,44.7,2.56,120.53,44.85,312.54,7.66,94.8,46,Due,Material shortage,79.25,2.58
1782,ORD-45818,2025-10-27,Plant C,MC-023,CNC Mill,1.8,Morning,OP0014,K. Verma,Aerospace Component,Aluminum,Global Alloys,300,559,528,13,B,Not Recorded,0.6,46.46,91.0,43.8,3.59,95.39,23.56,157.16,7.5,79.9,34,OK,Late shift start,94.45,2.46
1783,ORD-33769,2026-08-24,Unknown,MC-035,Injection Molder,2.8,Evening,OP0068,Unknown,Home Appliance Component,Steel,Global Alloys,250,473,466,14,B,Not Recorded,2.0,39.0,56.7,33.4,3.26,131.62,41.03,479.07,7.28,55.7,4,OK,OK,98.52,3.0
1784,ORD-89886,2026-08-09,Plant E,MC-002,Injection Molder,8.3,Morning,OP0015,N. Fernandes,Electronics Housing,Steel,Unknown,100,535,489,10,A+,No,9.3,33.45,50.7,25.9,2.24,101.31,19.57,192.16,6.84,44.1,63,Scheduled,Line stopped briefly,91.4,2.04
1785,ORD-94512,2026-03-13,Plant A,MC-032,Laser Cutter,12.7,Evening,OP0022,Unknown,Electronics Housing,Aluminum,Global Alloys,50,353,368,6,A,Not Recorded,16.7,65.41,51.3,28.0,3.26,59.09,5.67,31.33,7.94,69.6,21,OK,No Remarks,104.25,1.63
1786,ORD-32402,2025-10-05,Plant A,MC-023,Stamping Press,9.8,Evening,OP0089,Unknown,Aerospace Component,Steel,Poly Materials Inc,50,659,579,11,Not Graded,Yes,32.9,58.75,54.7,50.4,3.96,100.38,23.74,186.9,9.23,83.3,2,Due,OK,87.86,1.9
1787,ORD-93237,2025-10-24,Plant B,MC-009,Press Brake,3.2,Morning,OP0092,A. Iyer,Automotive Parts,Aluminum,SteelCorp Ltd,100,397,356,7,B,Yes,28.3,32.12,69.0,44.6,2.52,124.08,44.56,220.08,9.23,49.1,19,Scheduled,Power fluctuation,89.67,1.97
1788,ORD-78941,2026-05-16,Plant A,MC-034,CNC Mill,5.9,Night,OP0109,L. D'Souza,Electronics Housing,Aluminum,Precision Components Co,300,578,522,13,A,Yes,14.2,56.31,50.1,58.5,0.12,155.33,6.52,45.46,5.55,71.8,6,Scheduled,customer complaint logged,90.31,2.49
1789,ORD-99130,2025-10-03,Plant C,MC-006,3D Printer,11.4,Morning,OP0068,L. D'Souza,Packaging Unit,Steel,SteelCorp Ltd,200,470,456,16,C,Yes,11.9,60.08,74.2,52.9,3.49,133.69,10.64,145.53,8.15,94.7,41,Overdue,No Remarks,97.02,3.51
1790,ORD-65987,2026-05-28,Plant B,MC-013,CNC Mill,6.1,Night,OP0114,S. Kumar,Consumer Plastics,Aluminum,Global Alloys,100,415,459,2,C,No,36.7,68.13,63.6,45.7,3.14,117.98,35.82,46.34,8.86,70.1,61,Scheduled,No Remarks,110.6,0.44
1791,ORD-72105,2026-04-30,Plant A,MC-037,Assembly Line,12.8,Evening,OP0042,Unknown,Metal Bracket,Aluminum,Precision Components Co,250,536,512,9,A,Yes,35.0,44.62,70.7,41.6,0.72,111.65,37.1,212.24,5.66,40.6,8,Scheduled,Material shortage,95.52,1.76
1792,ORD-78506,2026-05-20,Plant B,MC-002,Press Brake,3.3,Morning,OP0041,P. Rao,Consumer Plastics,Steel,Global Alloys,200,637,651,9,A+,Yes,71.3,48.88,77.6,60.7,0.62,130.04,34.77,136.86,7.73,72.1,37,Not Scheduled,Material shortage,102.2,1.38
1793,ORD-62184,2026-06-10,Plant B,MC-035,Injection Molder,6.2,Evening,OP0096,S. Kumar,Medical Device Part,Aluminum,Precision Components Co,150,496,439,8,Not Graded,No,22.2,41.94,66.7,51.3,3.18,73.57,3.65,19.9,9.91,52.9,53,Not Scheduled,unknown issue,88.51,1.82
1794,ORD-97613,2026-03-27,Plant D,MC-030,CNC Lathe,13.4,Morning,OP0011,S. Kumar,Home Appliance Component,Copper,MetalWorks Pvt Ltd,200,731,682,15,A+,No,20.2,39.39,47.6,52.6,3.6,66.6,19.59,161.6,7.98,45.9,62,Due,Routine check,93.3,2.2
1795,ORD-24919,2026-05-25,Plant B,MC-029,Injection Molder,4.6,Morning,OP0040,Unknown,Electronics Housing,Copper,Precision Components Co,200,232,210,4,Not Graded,Yes,12.3,28.51,69.7,40.1,1.19,244.48,39.93,150.7,9.42,82.3,22,Due,Material shortage,90.52,1.9
1796,ORD-84927,2025-12-24,Plant B,MC-027,CNC Mill,12.6,Night,OP0103,P. Rao,Industrial Fastener,Steel,Poly Materials Inc,250,448,413,8,A,Yes,39.2,63.08,54.1,40.8,3.44,113.27,18.95,103.74,8.54,41.1,26,Due,unknown issue,92.19,1.94
1797,ORD-90392,2026-07-24,Unknown,MC-006,Stamping Press,1.8,Night,OP0089,P. Rao,Metal Bracket,Steel,MetalWorks Pvt Ltd,250,474,404,10,B,Yes,20.4,50.23,79.2,48.8,4.1,151.89,34.91,263.34,7.62,89.3,8,Not Scheduled,customer complaint logged,85.23,2.48
1798,ORD-89202,2025-10-11,Plant D,MC-009,3D Printer,1.0,Morning,OP0033,N. Fernandes,Packaging Unit,Aluminum,Poly Materials Inc,250,334,275,3,Reject,No,30.5,30.13,57.8,40.2,1.7,155.35,11.85,26.33,7.18,90.7,22,Not Scheduled,unknown issue,82.34,1.09
1799,ORD-71484,2026-09-14,Plant A,MC-028,Press Brake,2.3,Night,OP0005,Unknown,Consumer Plastics,Steel,Precision Components Co,200,524,520,11,Not Graded,No,11.4,64.95,75.7,52.3,0.13,126.05,7.75,43.41,7.97,62.3,30,Due,No Remarks,99.24,2.12
1800,ORD-49037,2025-10-16,Plant B,MC-012,Welding Robot,5.6,Night,OP0053,R. Sharma,Packaging Unit,Aluminum,Global Alloys,300,589,623,14,C,No,28.9,42.87,64.4,44.8,0.96,107.42,39.48,330.63,8.1,75.4,22,Not Scheduled,Material shortage,105.77,2.25
1801,ORD-62863,2026-05-02,Plant A,MC-014,Laser Cutter,11.6,Morning,OP0115,R. Sharma,Consumer Plastics,Aluminum,Precision Components Co,50,392,368,7,Reject,No,20.2,38.3,66.7,52.8,3.76,122.52,31.66,138.97,9.51,71.8,7,Due,Line stopped briefly,93.88,1.9
1802,ORD-41868,2026-04-20,Unknown,MC-026,CNC Lathe,7.7,Evening,OP0099,P. Rao,Home Appliance Component,Copper,SteelCorp Ltd,100,233,261,5,A,Yes,21.1,50.34,71.7,33.7,3.56,148.2,15.41,46.21,9.73,97.0,42,Due,Late shift start,112.02,1.92
1803,ORD-86486,2025-10-19,Plant A,MC-030,3D Printer,14.7,Morning,OP0046,Unknown,Aerospace Component,Cast Iron,Unknown,50,624,653,10,Not Graded,Yes,39.3,43.67,79.0,48.1,3.52,162.0,7.05,41.18,7.04,85.3,48,Due,unknown issue,104.65,1.53
1804,ORD-73335,2025-11-10,Plant C,MC-040,Press Brake,6.1,Night,OP0033,L. D'Souza,Industrial Fastener,Steel,Global Alloys,50,615,619,14,Not Graded,Not Recorded,25.8,48.37,58.5,38.8,2.32,149.24,9.02,89.93,7.92,74.0,46,Due,Routine check,100.65,2.26
1805,ORD-70764,2026-06-30,Unknown,MC-018,CNC Lathe,13.4,Morning,OP0116,Unknown,Consumer Plastics,Aluminum,Poly Materials Inc,250,674,566,8,Reject,No,55.5,68.92,74.8,54.4,1.35,188.16,33.16,158.85,5.28,71.9,48,Not Scheduled,customer complaint logged,83.98,1.41
1806,ORD-90786,2025-11-22,Plant B,MC-037,Injection Molder,0.5,Morning,OP0090,M. Naidu,Metal Bracket,Steel,Poly Materials Inc,175,390,415,8,C,Yes,434.7,29.4,61.7,46.9,2.23,125.23,14.2,85.83,5.79,92.8,57,Scheduled,No Remarks,106.41,1.93
1807,ORD-78019,2026-03-29,Plant D,MC-037,Injection Molder,14.8,Night,OP0067,Unknown,Industrial Fastener,Steel,MetalWorks Pvt Ltd,200,387,395,5,Not Graded,Yes,32.0,42.61,52.6,49.0,3.41,164.87,4.71,14.3,6.22,46.6,51,Due,customer complaint logged,102.07,1.27
1808,ORD-58994,2026-07-27,Unknown,MC-008,CNC Mill,12.0,Unknown,OP0076,P. Rao,Medical Device Part,Aluminum,SteelCorp Ltd,200,457,469,15,A+,Yes,45.5,65.87,64.8,35.7,0.39,129.26,34.28,389.03,5.99,56.3,25,Due,Power fluctuation,102.63,3.2
1809,ORD-30316,2026-06-30,Plant C,MC-024,CNC Mill,5.1,Morning,OP0071,A. Iyer,Aerospace Component,Steel,SteelCorp Ltd,150,563,416,6,A,No,3.2,43.2,63.6,43.8,1.51,138.34,11.81,63.91,8.86,44.2,39,Due,OK,73.89,1.44
1810,ORD-87789,2025-11-26,Plant E,MC-011,Press Brake,3.4,Night,Unknown,S. Kumar,Electronics Housing,Steel,Poly Materials Inc,200,437,424,11,A,No,20.8,37.51,61.6,48.2,3.61,151.55,13.08,86.06,7.42,100.0,24,Due,Power fluctuation,97.03,2.59
1811,ORD-82985,2026-08-02,Plant D,MC-008,Conveyor Unit,2.2,Morning,OP0080,Unknown,Packaging Unit,Steel,Precision Components Co,250,399,381,8,C,Yes,25.5,36.9,72.5,35.0,1.58,186.18,32.27,255.77,6.25,46.6,1,Not Scheduled,No Remarks,95.49,2.1
1812,ORD-34921,2026-02-07,Plant A,MC-019,Press Brake,6.5,Morning,OP0025,A. Iyer,Medical Device Part,Aluminum,SteelCorp Ltd,150,361,338,3,A,Not Recorded,38.2,23.75,62.8,41.9,1.27,100.22,3.01,5.35,9.25,70.1,1,OK,unknown issue,93.63,0.89
1813,ORD-22586,2025-12-31,Plant A,MC-033,Laser Cutter,4.6,Evening,OP0107,K. Verma,Electronics Housing,Steel,SteelCorp Ltd,200,521,496,6,Not Graded,Yes,6.3,42.14,44.0,37.5,0.12,127.6,28.5,99.82,6.62,94.0,26,Due,No Remarks,95.2,1.21
1814,ORD-60197,2025-10-16,Plant A,MC-018,Stamping Press,5.3,Morning,OP0066,K. Verma,Electronics Housing,Cast Iron,SteelCorp Ltd,100,488,462,15,C,Yes,11.6,34.52,56.6,34.6,2.18,137.29,21.37,160.69,8.36,76.3,3,Scheduled,No Remarks,94.67,3.25
1815,ORD-33838,2026-03-04,Plant B,MC-023,CNC Mill,3.7,Night,OP0104,A. Iyer,Metal Bracket,ABS Plastic,SteelCorp Ltd,175,569,460,11,C,Yes,53.7,48.84,79.0,46.6,1.98,108.34,43.05,337.99,7.86,52.9,10,Scheduled,No Remarks,80.84,2.39
1816,ORD-69596,2026-09-13,Plant B,MC-032,Assembly Line,3.4,Evening,OP0050,Unknown,Aerospace Component,Aluminum,SteelCorp Ltd,200,580,588,11,Reject,Not Recorded,16.4,33.01,70.5,49.1,0.67,121.56,38.05,228.54,10.35,95.1,1,Not Scheduled,unknown issue,101.38,1.87
1817,ORD-97343,2026-09-10,Plant E,MC-023,Laser Cutter,3.6,Night,OP0033,P. Rao,Automotive Parts,ABS Plastic,MetalWorks Pvt Ltd,200,343,299,5,A,Yes,16.3,25.65,62.3,57.7,5.17,121.27,21.49,86.09,10.63,87.0,39,Not Scheduled,Power fluctuation,87.17,1.67
1818,ORD-57428,2026-04-13,Plant E,MC-033,Stamping Press,9.5,Morning,OP0095,R. Sharma,Electronics Housing,Steel,Precision Components Co,50,374,386,9,Not Graded,Not Recorded,32.8,45.56,79.0,36.8,1.44,33.04,20.41,93.76,10.18,82.8,18,Due,OK,103.21,2.33
1819,ORD-71377,2026-03-09,Plant A,MC-035,Laser Cutter,0.5,Morning,OP0007,A. Iyer,Automotive Parts,Aluminum,Precision Components Co,50,499,454,7,C,No,36.3,70.45,73.2,14.9,2.05,121.74,40.35,278.73,9.61,74.6,35,Not Scheduled,Material shortage,90.98,1.54
1821,ORD-64318,2026-01-10,Plant E,MC-022,3D Printer,4.0,Morning,Unknown,Unknown,Home Appliance Component,Polycarbonate,Global Alloys,150,372,324,7,Reject,Yes,8.1,45.82,65.5,45.5,1.78,180.13,9.24,50.94,8.13,67.0,33,Not Scheduled,No Remarks,87.1,2.16
1822,ORD-49529,2026-01-11,Plant C,MC-016,Injection Molder,10.5,Morning,OP0033,K. Verma,Industrial Fastener,Aluminum,Poly Materials Inc,200,486,467,6,C,Yes,16.7,56.8,72.3,45.7,5.06,134.22,27.33,140.61,6.85,92.3,83,Due,unknown issue,96.09,1.28
1823,ORD-17678,2026-09-15,Plant B,MC-016,Stamping Press,13.8,Night,OP0047,P. Rao,Automotive Parts,Steel,Global Alloys,250,729,745,15,B,No,23.0,57.03,82.0,21.6,0.39,165.83,2.69,29.59,6.75,93.6,39,Due,No Remarks,102.19,2.01
1824,ORD-53386,2025-12-16,Plant B,MC-033,Assembly Line,3.5,Evening,OP0076,Unknown,Industrial Fastener,ABS Plastic,Global Alloys,200,406,382,13,Reject,No,3.9,29.1,72.2,40.7,2.85,96.52,31.93,289.02,8.44,52.6,32,OK,No Remarks,94.09,3.4
1825,ORD-40339,2025-11-07,Plant B,MC-008,CNC Mill,3.4,Evening,OP0010,A. Iyer,Industrial Fastener,Aluminum,Poly Materials Inc,200,650,580,12,A,No,3.6,29.39,70.7,42.4,2.5,88.69,6.82,57.22,10.16,73.8,9,Scheduled,Late shift start,89.23,2.07
1826,ORD-39256,2026-08-07,Plant E,MC-031,Stamping Press,8.1,Morning,OP0101,S. Kumar,Automotive Parts,Aluminum,SteelCorp Ltd,150,706,647,10,Not Graded,No,19.4,29.44,69.1,50.2,2.73,93.13,10.05,56.96,7.17,89.8,8,Not Scheduled,Late shift start,91.64,1.55
1827,ORD-38342,2026-01-09,Plant B,MC-015,CNC Lathe,1.6,Morning,OP0019,L. D'Souza,Electronics Housing,Steel,Precision Components Co,200,709,572,4,B,Yes,4.9,38.92,66.8,44.4,3.73,188.9,5.21,17.8,9.73,57.2,15,OK,Power fluctuation,80.68,0.7
1828,ORD-57988,2026-03-06,Plant D,MC-023,Injection Molder,10.7,Evening,OP0065,K. Verma,Packaging Unit,Steel,Unknown,300,661,634,12,B,Yes,3.0,37.5,76.5,44.9,3.57,73.63,19.6,128.51,10.19,96.1,38,Not Scheduled,Power fluctuation,95.92,1.89
1829,ORD-30457,2025-11-15,Plant C,MC-033,Laser Cutter,9.4,Morning,Unknown,M. Naidu,Packaging Unit,Steel,Unknown,50,640,562,14,B,Not Recorded,25.7,54.16,62.2,70.8,1.02,90.56,7.03,55.14,7.57,93.6,2,Due,Power fluctuation,87.81,2.49
1830,ORD-20399,2025-12-04,Plant B,MC-028,Stamping Press,13.3,Morning,OP0103,L. D'Souza,Aerospace Component,Cast Iron,SteelCorp Ltd,300,583,614,12,A,Yes,43.5,12.96,82.0,36.3,1.79,135.44,34.35,385.79,5.96,77.1,23,Not Scheduled,Late shift start,105.32,1.95
1831,ORD-61228,2026-07-08,Plant A,MC-008,Stamping Press,3.0,Night,OP0111,R. Sharma,Automotive Parts,Copper,SteelCorp Ltd,150,615,505,14,A,Yes,4.9,61.35,62.5,46.5,2.62,146.41,26.37,189.72,7.02,64.4,7,Overdue,No Remarks,82.11,2.77
1832,ORD-59808,2026-08-30,Plant C,MC-003,Injection Molder,3.6,Night,OP0057,A. Iyer,Electronics Housing,Steel,Unknown,150,604,545,10,C,Yes,36.0,32.9,51.2,40.8,2.12,178.68,25.6,178.88,9.23,92.6,24,Not Scheduled,unknown issue,90.23,1.83
1833,ORD-26027,2026-07-09,Plant B,MC-026,Press Brake,6.7,Morning,OP0071,A. Iyer,Metal Bracket,Steel,SteelCorp Ltd,150,583,610,9,Reject,Yes,37.7,58.08,62.0,54.6,4.66,95.9,7.37,49.44,10.14,85.3,54,OK,customer complaint logged,104.63,1.48
1834,ORD-45500,2026-09-04,Plant A,MC-027,Injection Molder,0.2,Morning,OP0021,S. Kumar,Medical Device Part,Steel,Global Alloys,100,401,325,3,A,Yes,41.1,56.15,67.5,60.2,0.52,185.7,42.35,66.89,10.59,74.5,43,Not Scheduled,Line stopped briefly,81.05,0.92
1835,ORD-45296,2026-03-11,Unknown,MC-038,Injection Molder,1.1,Evening,OP0043,A. Iyer,Packaging Unit,Steel,Poly Materials Inc,200,402,342,8,A+,Yes,45.9,36.31,68.5,39.0,1.5,59.75,18.87,128.48,9.55,46.5,34,Overdue,Routine check,85.07,2.34
1836,ORD-54648,2026-01-25,Plant A,MC-023,Injection Molder,11.5,Night,OP0018,Unknown,Packaging Unit,Aluminum,Global Alloys,100,328,313,5,C,Yes,18.7,31.24,71.8,34.7,0.16,63.18,23.97,91.75,7.99,74.4,74,Scheduled,No Remarks,95.43,1.6
1837,ORD-79066,2026-02-27,Plant B,MC-009,Stamping Press,8.2,Night,OP0041,R. Sharma,Packaging Unit,Steel,MetalWorks Pvt Ltd,100,361,322,6,B,No,42.0,64.8,54.8,40.6,0.23,90.75,5.13,18.83,10.67,41.0,25,OK,Power fluctuation,89.2,1.86
1838,ORD-54532,2026-05-22,Plant A,MC-013,Laser Cutter,11.9,Unknown,OP0020,R. Sharma,Industrial Fastener,Copper,Global Alloys,250,466,411,10,B,No,17.3,40.66,74.6,52.1,3.57,67.84,36.49,190.34,9.93,70.7,86,Overdue,customer complaint logged,88.2,2.43
1839,ORD-16422,2026-04-13,Plant A,MC-028,Laser Cutter,2.8,Night,OP0114,N. Fernandes,Automotive Parts,Steel,Precision Components Co,150,451,458,12,Reject,Yes,34.3,63.07,64.1,31.3,1.1,85.67,22.96,158.32,8.12,79.4,31,Due,No Remarks,101.55,2.62
1840,ORD-98430,2026-07-30,Plant C,MC-011,CNC Lathe,5.6,Night,OP0062,S. Kumar,Automotive Parts,Steel,SteelCorp Ltd,150,597,566,15,B,Yes,18.1,27.5,82.7,49.4,1.33,76.13,34.59,504.0,8.83,83.5,28,Due,Power fluctuation,94.81,2.65
1841,ORD-73173,2026-03-14,Plant B,MC-035,Press Brake,4.5,Evening,OP0045,M. Naidu,Medical Device Part,Cast Iron,Global Alloys,150,497,432,9,C,No,21.4,65.71,73.2,41.8,2.1,137.71,35.04,183.4,8.54,87.5,17,Scheduled,Material shortage,86.92,2.08
1842,ORD-75211,2025-11-10,Plant A,MC-015,Press Brake,1.0,Night,OP0065,Unknown,Home Appliance Component,Cast Iron,Global Alloys,50,322,325,4,C,No,72.3,67.41,57.5,64.0,1.58,124.52,40.23,99.7,5.21,46.1,83,Scheduled,Material shortage,100.93,1.23
1843,ORD-94874,2026-02-04,Plant C,MC-013,Laser Cutter,10.1,Night,OP0095,L. D'Souza,Packaging Unit,ABS Plastic,Poly Materials Inc,200,584,514,9,A,Yes,18.6,30.0,68.9,32.2,1.72,64.47,38.36,300.0,9.3,69.7,23,OK,OK,88.01,1.75
1844,ORD-22128,2026-02-12,Plant D,MC-029,CNC Lathe,3.5,Morning,Unknown,P. Rao,Aerospace Component,Steel,Unknown,200,542,418,12,B,No,39.6,28.04,70.3,65.6,1.97,136.92,6.47,72.31,8.39,72.1,43,Overdue,OK,77.12,2.87
1845,ORD-79936,2026-05-27,Plant A,MC-036,Laser Cutter,4.9,Evening,OP0074,M. Naidu,Consumer Plastics,ABS Plastic,MetalWorks Pvt Ltd,150,412,383,11,C,Yes,24.4,65.62,82.0,30.4,1.88,149.28,5.63,58.53,4.98,68.9,0,Scheduled,customer complaint logged,92.96,2.87
1846,ORD-76935,2026-05-18,Plant C,MC-026,Stamping Press,13.4,Evening,OP0102,K. Verma,Packaging Unit,Aluminum,SteelCorp Ltd,300,448,457,14,A,Yes,35.8,39.87,65.6,50.8,1.39,101.95,21.21,197.7,8.64,75.7,6,Scheduled,Line stopped briefly,102.01,3.06
1847,ORD-71307,2026-01-25,Plant E,MC-040,Assembly Line,14.3,Evening,OP0045,K. Verma,Industrial Fastener,Aluminum,Global Alloys,100,257,215,5,Reject,Yes,4.5,56.99,78.8,41.5,1.77,95.31,34.69,91.37,9.22,43.5,56,Not Scheduled,unknown issue,83.66,2.33
1848,ORD-58063,2025-10-27,Plant A,MC-007,3D Printer,3.4,Night,OP0020,P. Rao,Electronics Housing,Copper,SteelCorp Ltd,100,272,263,10,Reject,Not Recorded,51.6,55.7,60.7,53.0,1.77,159.53,43.6,351.69,8.19,99.2,57,OK,No Remarks,96.69,3.8
1849,ORD-24641,2026-08-18,Plant A,MC-012,Press Brake,2.3,Evening,Unknown,Unknown,Automotive Parts,ABS Plastic,MetalWorks Pvt Ltd,50,528,490,9,B,Yes,2.0,57.53,60.1,40.7,2.65,99.72,17.62,107.91,7.01,44.3,9,Due,Material shortage,92.8,1.84
1850,ORD-11805,2026-03-16,Plant C,MC-014,Assembly Line,14.4,Evening,OP0081,S. Kumar,Metal Bracket,Unknown,SteelCorp Ltd,250,405,402,6,A,Yes,20.0,44.81,71.4,66.2,1.33,121.51,6.71,39.25,8.74,52.1,35,Overdue,Line stopped briefly,99.26,1.49
1851,ORD-28294,2026-04-23,Plant E,MC-010,CNC Lathe,4.4,Night,OP0030,R. Sharma,Aerospace Component,ABS Plastic,SteelCorp Ltd,50,424,406,9,B,Yes,25.4,45.97,69.6,42.9,3.39,145.77,17.79,148.91,7.59,43.7,43,Scheduled,Late shift start,95.75,2.22
1852,ORD-80818,2026-04-21,Plant E,MC-037,Welding Robot,2.0,Morning,OP0116,K. Verma,Packaging Unit,Steel,SteelCorp Ltd,250,538,500,8,A,Yes,6.1,31.35,62.3,41.5,0.36,92.48,15.34,112.45,7.49,81.4,46,Due,Line stopped briefly,92.94,1.6
1853,ORD-67252,2025-11-23,Plant A,MC-008,Laser Cutter,13.9,Evening,OP0056,R. Sharma,Automotive Parts,Cast Iron,SteelCorp Ltd,50,479,405,9,Reject,Yes,1.0,46.09,81.4,51.2,1.92,47.68,9.17,142.76,7.99,81.1,33,Due,No Remarks,84.55,2.22
1854,ORD-50481,2026-03-22,Plant B,MC-039,Injection Molder,6.2,Night,OP0086,L. D'Souza,Aerospace Component,Steel,Poly Materials Inc,250,604,607,8,B,Yes,3.1,35.09,61.8,28.8,2.0,61.04,38.05,194.42,8.23,69.7,16,Not Scheduled,No Remarks,100.5,1.32
1855,ORD-19951,2025-10-16,Plant B,MC-036,Stamping Press,1.8,Morning,OP0107,L. D'Souza,Consumer Plastics,Aluminum,Poly Materials Inc,300,579,497,10,A,No,4.0,36.72,81.3,51.6,2.94,106.29,23.06,179.76,8.3,70.1,19,Overdue,Line stopped briefly,85.84,2.01
1856,ORD-55974,2026-05-17,Plant A,MC-025,Conveyor Unit,3.6,Night,OP0046,K. Verma,Packaging Unit,Copper,SteelCorp Ltd,50,434,432,9,C,Yes,32.1,48.48,89.0,49.8,1.92,90.02,37.03,279.47,5.47,83.1,30,Not Scheduled,No Remarks,99.54,2.08
1857,ORD-49077,2026-08-01,Plant B,MC-035,Welding Robot,4.8,Morning,OP0070,R. Sharma,Medical Device Part,ABS Plastic,Poly Materials Inc,250,312,343,6,A,Yes,17.6,21.36,65.8,57.7,2.92,135.14,37.9,195.47,6.18,42.6,10,Scheduled,Late shift start,109.94,1.75
1858,ORD-26548,2026-01-25,Plant C,MC-028,Assembly Line,3.5,Morning,OP0109,K. Verma,Automotive Parts,Aluminum,Poly Materials Inc,300,402,346,8,A,Not Recorded,8.8,38.93,67.1,31.5,1.93,77.78,2.54,17.92,8.31,90.4,1,Not Scheduled,Line stopped briefly,86.07,2.31
1859,ORD-26712,2026-08-12,Plant E,MC-010,Assembly Line,1.2,Morning,OP0008,P. Rao,Medical Device Part,Cast Iron,SteelCorp Ltd,150,361,325,10,Not Graded,Yes,1.3,59.92,55.5,37.3,3.67,137.3,24.87,175.78,8.15,54.9,20,OK,Power fluctuation,90.03,3.08
1860,ORD-93864,2026-03-26,Plant A,MC-016,Press Brake,13.6,Night,OP0114,K. Verma,Industrial Fastener,Polycarbonate,Poly Materials Inc,100,548,498,15,Reject,No,21.8,49.21,70.1,48.0,3.87,56.97,11.41,165.89,8.08,82.4,30,Not Scheduled,No Remarks,90.88,3.01
1861,ORD-54068,2026-05-21,Plant B,MC-003,Welding Robot,5.3,Evening,OP0110,Unknown,Electronics Housing,Cast Iron,Precision Components Co,200,279,279,3,A,Yes,5.8,53.43,56.0,59.1,0.2,96.6,24.24,47.46,7.03,94.7,69,Not Scheduled,No Remarks,100.0,1.08
1862,ORD-37103,2026-04-24,Unknown,MC-036,3D Printer,12.0,Night,OP0109,R. Sharma,Electronics Housing,Steel,Global Alloys,100,449,353,9,A,No,15.5,44.61,48.6,30.4,1.88,113.95,15.04,82.32,9.87,94.1,35,OK,customer complaint logged,78.62,2.55
1863,ORD-60265,2026-06-11,Plant A,MC-014,Conveyor Unit,0.7,Morning,OP0053,S. Kumar,Industrial Fastener,Polycarbonate,SteelCorp Ltd,300,545,471,11,B,Yes,30.9,50.4,76.1,28.6,2.36,117.17,32.77,204.24,8.43,50.2,0,OK,unknown issue,86.42,2.34
1864,ORD-77465,2026-06-06,Plant C,MC-007,Stamping Press,8.5,Evening,OP0070,N. Fernandes,Home Appliance Component,Copper,Precision Components Co,150,314,316,8,A+,Yes,22.8,23.65,65.1,71.1,1.83,166.44,22.86,128.15,6.8,57.5,40,Scheduled,customer complaint logged,100.64,2.53
1865,ORD-53422,2026-05-01,Plant D,MC-028,3D Printer,12.3,Morning,OP0040,R. Sharma,Aerospace Component,Copper,MetalWorks Pvt Ltd,250,208,179,3,A,Yes,515.0,60.22,72.5,46.0,3.16,111.82,6.1,14.46,9.87,100.0,65,Due,Late shift start,86.06,1.68
1866,ORD-18668,2026-08-04,Plant E,MC-026,CNC Mill,2.7,Night,OP0060,P. Rao,Home Appliance Component,Unknown,Global Alloys,150,358,320,5,B,Yes,21.2,39.01,75.1,52.1,3.58,117.14,36.4,91.82,7.41,53.3,15,Due,No Remarks,89.39,1.56
1867,ORD-74235,2026-02-01,Plant C,MC-025,Laser Cutter,1.5,Evening,OP0045,M. Naidu,Industrial Fastener,Aluminum,SteelCorp Ltd,200,502,472,10,C,Yes,35.8,44.43,61.4,44.8,2.65,69.12,37.15,317.33,6.79,46.4,15,Not Scheduled,unknown issue,94.02,2.12
1868,ORD-71439,2025-12-26,Plant D,MC-023,3D Printer,2.5,Night,OP0027,R. Sharma,Medical Device Part,Aluminum,Poly Materials Inc,50,417,377,9,Reject,Not Recorded,11.6,68.76,73.2,51.4,0.04,107.24,20.51,104.28,6.19,78.0,5,Not Scheduled,No Remarks,90.41,2.39
1869,ORD-63188,2026-05-21,Plant C,MC-010,Laser Cutter,5.0,Evening,OP0094,S. Kumar,Home Appliance Component,Polycarbonate,Precision Components Co,200,444,433,5,C,Yes,14.7,33.26,54.5,53.7,3.0,175.46,20.36,94.25,7.3,73.5,43,Scheduled,unknown issue,97.52,1.15
1870,ord5827,2026-01-22,Plant A,MC-019,CNC Lathe,8.7,Morning,OP0045,Unknown,Home Appliance Component,Cast Iron,SteelCorp Ltd,50,493,505,14,B,Yes,22.3,76.41,54.6,46.5,1.52,128.21,24.86,201.82,8.21,47.9,50,Scheduled,Power fluctuation,102.43,2.77
1871,ORD-87774,2025-11-17,Plant C,MC-004,CNC Lathe,8.3,Morning,OP0047,K. Verma,Consumer Plastics,Steel,SteelCorp Ltd,150,252,250,5,C,No,17.6,39.58,59.2,44.5,2.84,108.65,32.85,97.91,7.78,80.8,11,Due,Power fluctuation,99.21,2.0
1872,ORD-28815,2026-03-31,Plant C,MC-016,Conveyor Unit,9.9,Evening,OP0034,A. Iyer,Metal Bracket,Aluminum,Global Alloys,150,411,343,11,A,Yes,24.5,30.55,68.6,52.9,0.92,140.62,9.37,66.46,6.9,46.4,20,Not Scheduled,unknown issue,83.45,3.21
1873,ORD-23513,2025-10-13,Plant B,MC-010,Press Brake,8.6,Night,OP0042,S. Kumar,Medical Device Part,Unknown,SteelCorp Ltd,250,664,555,11,C,Yes,43.6,24.21,57.4,48.2,5.44,72.46,3.57,33.13,6.78,60.6,46,OK,Power fluctuation,83.58,1.98
1874,ORD-73176,2026-06-17,Plant A,MC-030,Welding Robot,6.3,Morning,OP0032,P. Rao,Packaging Unit,Cast Iron,Global Alloys,50,550,527,10,A,No,2.4,33.55,64.3,31.5,2.38,146.83,28.66,203.87,5.89,42.3,37,Due,Material shortage,95.82,1.9
1875,ORD-95317,2025-11-03,Plant B,MC-029,CNC Lathe,6.1,Morning,OP0008,Unknown,Electronics Housing,Polycarbonate,SteelCorp Ltd,300,479,414,12,A+,Not Recorded,6.9,53.89,69.2,21.2,3.32,106.37,18.89,156.85,5.99,93.1,21,Not Scheduled,OK,86.43,2.9
1876,ORD-10728,2026-03-21,Plant D,MC-025,3D Printer,3.9,Morning,OP0096,A. Iyer,Consumer Plastics,Steel,Global Alloys,250,467,373,10,A,No,19.0,38.0,55.9,49.4,1.3,127.97,24.22,123.95,9.46,93.1,5,Due,Material shortage,79.87,2.68
1877,ORD-49988,2026-02-09,Plant E,MC-004,Injection Molder,0.5,Morning,OP0120,S. Kumar,Consumer Plastics,Steel,Poly Materials Inc,300,534,510,13,C,Not Recorded,40.3,52.08,56.7,59.2,3.16,111.05,32.51,241.3,8.1,97.6,33,Due,No Remarks,95.51,2.55
1878,ORD-66522,2025-10-20,Unknown,MC-027,Laser Cutter,8.0,Night,OP0075,M. Naidu,Electronics Housing,Aluminum,Global Alloys,200,436,395,10,Not Graded,Not Recorded,50.3,64.73,62.9,37.5,2.15,101.01,33.32,327.43,8.1,55.3,49,OK,Late shift start,90.6,2.53
1879,ORD-96945,2025-10-07,Plant A,MC-002,Injection Molder,10.1,Morning,OP0055,S. Kumar,Packaging Unit,Cast Iron,Global Alloys,250,472,473,7,Reject,Not Recorded,8.0,35.51,78.0,51.0,3.03,139.98,44.7,294.77,9.4,50.6,7,OK,Late shift start,100.21,1.48
1880,ORD-11498,2026-07-20,Plant B,MC-014,CNC Mill,4.3,Morning,OP0116,Unknown,Home Appliance Component,Polycarbonate,SteelCorp Ltd,300,385,337,8,A,Yes,37.5,65.26,82.6,56.0,0.14,183.97,31.93,238.56,9.08,53.5,11,Not Scheduled,unknown issue,87.53,2.37
1881,ORD-61947,2026-04-13,Plant B,MC-011,Assembly Line,3.6,Night,OP0091,S. Kumar,Aerospace Component,Copper,Poly Materials Inc,300,494,402,5,B,Yes,11.5,37.1,66.4,47.1,4.57,140.33,24.27,95.88,8.04,49.1,52,Not Scheduled,No Remarks,81.38,1.24
1882,ORD-21328,2026-07-07,Plant A,MC-024,Stamping Press,11.3,Evening,OP0014,S. Kumar,Automotive Parts,Unknown,SteelCorp Ltd,50,420,435,8,C,Yes,15.1,39.1,69.1,47.0,0.34,112.69,9.36,59.75,6.76,68.2,1,OK,Routine check,103.57,1.84
1883,ORD-43414,2026-01-06,Plant D,MC-023,Conveyor Unit,8.5,Morning,OP0072,L. D'Souza,Consumer Plastics,Steel,MetalWorks Pvt Ltd,50,472,470,10,Not Graded,Yes,13.3,53.33,78.8,58.4,2.57,148.68,10.4,69.65,9.25,46.4,54,Overdue,No Remarks,99.58,2.13
1884,ORD-59985,2026-04-02,Plant B,MC-015,Press Brake,3.5,Morning,OP0023,R. Sharma,Metal Bracket,Copper,Poly Materials Inc,300,632,595,12,A+,Yes,466.1,42.88,74.7,60.5,0.77,103.49,6.4,44.2,9.21,59.5,15,Not Scheduled,Line stopped briefly,94.15,2.02
1885,ORD-17790,2026-02-26,Plant B,MC-004,Assembly Line,3.0,Unknown,OP0093,R. Sharma,Medical Device Part,Cast Iron,MetalWorks Pvt Ltd,50,418,432,9,A+,Yes,30.6,45.75,69.0,44.6,0.03,129.15,3.43,27.76,6.31,65.8,26,Not Scheduled,Routine check,103.35,2.08
1886,ORD-34888,2026-07-30,Plant D,MC-003,Stamping Press,4.0,Evening,OP0041,N. Fernandes,Aerospace Component,Steel,SteelCorp Ltd,150,589,474,9,A,Yes,1.0,30.72,72.9,58.5,2.62,168.4,35.15,163.43,8.63,44.3,43,Not Scheduled,No Remarks,80.48,1.9
1887,ORD-52205,2025-10-26,Plant A,MC-010,Injection Molder,3.0,Morning,OP0090,N. Fernandes,Metal Bracket,Steel,SteelCorp Ltd,100,387,305,6,C,Yes,18.2,31.2,61.2,54.2,1.54,152.1,5.43,23.55,7.85,59.0,56,Scheduled,No Remarks,78.81,1.97
1888,ORD-71435,2026-03-04,Plant E,MC-018,Laser Cutter,4.5,Evening,OP0010,P. Rao,Home Appliance Component,Copper,MetalWorks Pvt Ltd,200,487,487,3,A,Yes,17.0,61.82,73.1,48.0,2.42,230.21,21.58,44.97,7.04,49.5,54,Scheduled,customer complaint logged,100.0,0.62
1889,ORD-15535,2026-01-13,Plant B,MC-019,Injection Molder,11.6,Morning,OP0020,N. Fernandes,Packaging Unit,Copper,SteelCorp Ltd,300,421,392,6,B,Yes,12.5,43.7,62.6,48.8,2.94,140.36,37.96,117.2,6.76,73.5,37,Not Scheduled,No Remarks,93.11,1.53
1890,ORD-34097,2026-05-17,Plant A,MC-033,Stamping Press,6.4,Morning,OP0052,S. Kumar,Electronics Housing,Aluminum,Poly Materials Inc,300,458,393,5,C,Yes,18.6,35.92,81.3,27.6,1.66,95.64,6.12,17.55,6.14,42.7,30,Due,No Remarks,85.81,1.27
1891,ord8715,2025-11-24,Plant A,MC-022,Injection Molder,6.7,Evening,OP0060,L. D'Souza,Packaging Unit,Aluminum,Poly Materials Inc,50,356,408,6,A,Yes,459.6,43.78,63.2,63.2,1.94,192.49,17.37,102.34,5.76,77.5,9,OK,No Remarks,114.61,1.47
1892,ORD-12360,2025-12-14,Plant B,MC-020,Stamping Press,1.5,Night,OP0092,L. D'Souza,Packaging Unit,Copper,Unknown,200,393,387,7,B,Not Recorded,28.4,15.56,58.0,45.6,1.78,108.55,17.91,93.89,6.39,69.1,7,Due,Line stopped briefly,98.47,1.81
1893,ORD-87245,2026-07-29,Plant A,MC-022,Welding Robot,6.2,Morning,OP0084,N. Fernandes,Electronics Housing,Copper,SteelCorp Ltd,50,325,281,13,A,Not Recorded,4.5,25.84,59.7,45.4,1.47,130.64,38.29,298.85,10.09,100.0,26,Scheduled,No Remarks,86.46,4.63
1894,ORD-99040,2026-05-24,Plant A,MC-020,3D Printer,8.8,Morning,OP0061,Unknown,Aerospace Component,Unknown,Poly Materials Inc,200,489,437,12,B,Yes,21.5,39.18,62.4,38.0,0.25,104.03,25.33,156.47,4.84,51.8,9,Overdue,unknown issue,89.37,2.75
1895,ORD-75383,2026-05-12,Plant C,MC-010,Injection Molder,7.8,Morning,OP0029,N. Fernandes,Home Appliance Component,ABS Plastic,Global Alloys,150,267,281,7,Not Graded,Yes,1.7,41.69,70.2,37.3,3.35,109.64,29.02,150.77,6.55,86.4,56,Not Scheduled,Late shift start,105.24,2.49
1896,ORD-39251,2026-08-31,Plant A,MC-007,CNC Mill,5.9,Evening,OP0021,N. Fernandes,Consumer Plastics,Steel,MetalWorks Pvt Ltd,150,394,371,7,A,No,19.2,47.76,68.7,49.1,4.95,209.65,42.15,172.03,7.24,74.6,85,OK,Material shortage,94.16,1.89
1897,ORD-68456,2026-01-06,Plant B,MC-030,3D Printer,1.0,Morning,OP0013,M. Naidu,Metal Bracket,Cast Iron,Global Alloys,200,585,524,10,C,Not Recorded,18.6,50.95,69.1,26.3,0.03,94.63,38.68,196.17,8.13,53.7,63,Not Scheduled,customer complaint logged,89.57,1.91
1898,ORD-98121,2025-10-05,Plant B,MC-003,CNC Mill,5.5,Unknown,OP0029,R. Sharma,Consumer Plastics,Unknown,Precision Components Co,150,483,416,8,A+,No,3.7,56.44,71.8,41.2,1.73,122.52,5.18,40.79,8.81,74.4,69,Overdue,No Remarks,86.13,1.92
1899,ORD-19838,2026-01-04,Plant C,MC-005,Stamping Press,12.5,Morning,OP0115,L. D'Souza,Automotive Parts,Aluminum,Unknown,250,379,393,9,B,Yes,19.8,28.29,82.5,63.1,0.4,54.85,21.18,146.61,7.98,77.7,37,OK,Late shift start,103.69,2.29
1900,ORD-99175,2025-12-24,Plant A,MC-032,Assembly Line,14.7,Morning,OP0064,P. Rao,Industrial Fastener,ABS Plastic,MetalWorks Pvt Ltd,300,634,623,16,A+,Yes,25.5,60.66,73.5,22.9,3.8,118.49,6.74,79.95,7.26,85.1,66,OK,Routine check,98.26,2.57
1901,ORD-36707,2026-08-12,Plant C,MC-004,Conveyor Unit,11.0,Evening,OP0023,M. Naidu,Packaging Unit,Unknown,Global Alloys,50,469,386,8,C,Not Recorded,36.1,54.06,50.5,45.0,0.03,96.74,25.02,176.36,7.21,56.8,13,Not Scheduled,Material shortage,82.3,2.07
1902,ORD-50653,2026-02-09,Plant A,MC-036,Press Brake,11.3,Evening,OP0081,M. Naidu,Consumer Plastics,Cast Iron,Poly Materials Inc,100,386,342,10,A,Yes,18.4,68.48,75.1,48.7,3.28,115.3,16.34,97.13,7.59,97.0,92,Not Scheduled,unknown issue,88.6,2.92
1903,ORD-39936,2026-06-16,Plant E,MC-015,Stamping Press,12.3,Night,OP0061,Unknown,Automotive Parts,Steel,Unknown,50,484,477,7,A+,Yes,37.4,51.67,76.8,66.1,2.2,194.08,23.14,141.48,8.14,85.9,50,Due,Line stopped briefly,98.55,1.47
1904,ORD-90495,2026-07-18,Plant D,MC-022,Conveyor Unit,14.7,Evening,OP0080,Unknown,Industrial Fastener,Unknown,Global Alloys,150,431,430,9,Reject,Not Recorded,49.9,50.34,68.3,43.1,2.53,146.24,43.87,237.52,9.45,56.7,15,OK,Line stopped briefly,99.77,2.09
1905,ORD-58001,2025-12-22,Plant B,MC-033,Assembly Line,4.6,Evening,OP0096,P. Rao,Aerospace Component,Cast Iron,Global Alloys,250,141,133,1,C,Not Recorded,21.6,68.41,68.0,57.8,2.94,99.37,4.65,3.79,6.08,42.1,29,Scheduled,Power fluctuation,94.33,0.75
1906,ORD-85011,2025-11-08,Plant A,MC-039,CNC Lathe,5.8,Morning,OP0013,M. Naidu,Medical Device Part,Cast Iron,Global Alloys,200,714,641,14,A,Not Recorded,49.1,47.27,82.2,59.5,2.21,131.41,3.09,32.04,9.92,67.1,56,Due,customer complaint logged,89.78,2.18
1907,ORD-69169,2026-03-14,Plant A,MC-038,CNC Lathe,4.8,Morning,OP0112,S. Kumar,Metal Bracket,Cast Iron,Precision Components Co,50,426,349,7,Reject,Yes,17.2,40.29,63.0,22.8,1.36,145.03,37.68,222.55,9.82,61.7,29,Scheduled,unknown issue,81.92,2.01
1908,ORD-21800,2026-08-24,Plant A,MC-031,Stamping Press,13.5,Evening,OP0010,M. Naidu,Medical Device Part,Steel,SteelCorp Ltd,300,420,349,8,A,Yes,23.9,30.03,69.2,43.5,2.35,118.42,28.08,223.84,5.89,87.5,30,Not Scheduled,Routine check,83.1,2.29
1909,ORD-15248,2026-06-02,Plant A,MC-022,Press Brake,14.2,Morning,OP0046,Unknown,Aerospace Component,Aluminum,Poly Materials Inc,50,582,513,9,C,Yes,43.6,39.99,61.8,22.0,1.24,126.2,38.17,186.16,12.12,90.2,37,Not Scheduled,Late shift start,88.14,1.75
1910,ORD-79125,2026-07-21,Plant A,MC-019,Conveyor Unit,7.9,Night,OP0109,P. Rao,Home Appliance Component,ABS Plastic,Global Alloys,150,619,539,10,B,Yes,15.6,41.83,67.5,47.7,0.32,76.13,23.98,173.45,7.76,69.4,55,Due,Routine check,87.08,1.86
1911,ORD-60259,2026-06-26,Plant C,MC-022,Press Brake,13.8,Night,OP0010,S. Kumar,Medical Device Part,Copper,Poly Materials Inc,100,623,562,16,A+,Yes,74.9,44.76,62.2,38.2,1.62,166.41,22.79,231.52,7.63,62.9,24,Scheduled,unknown issue,90.21,2.85
1912,ORD-70393,2026-09-09,Plant E,MC-021,Stamping Press,8.6,Morning,OP0014,N. Fernandes,Home Appliance Component,ABS Plastic,SteelCorp Ltd,300,488,443,13,Reject,No,39.3,29.46,57.3,51.9,2.02,104.07,21.17,248.65,8.28,83.3,70,Due,Material shortage,90.78,2.93
1913,ORD-59734,2026-07-05,Plant A,MC-032,3D Printer,10.2,Night,Unknown,Unknown,Metal Bracket,Cast Iron,Precision Components Co,250,461,477,5,A,Yes,0.3,48.97,60.7,32.7,0.58,162.76,15.07,45.89,7.98,43.9,22,Scheduled,Late shift start,103.47,1.05
1914,ORD-98918,2025-10-23,Plant A,MC-026,Assembly Line,10.5,Morning,OP0064,R. Sharma,Packaging Unit,Unknown,Unknown,50,545,460,3,A,Yes,29.2,66.52,62.1,36.4,2.11,168.24,43.74,120.82,7.58,72.8,9,Due,No Remarks,84.4,0.65
1915,ORD-38545,2026-04-14,Plant A,MC-016,3D Printer,3.9,Night,OP0095,A. Iyer,Automotive Parts,Cast Iron,MetalWorks Pvt Ltd,50,695,618,16,A+,No,18.8,60.06,65.9,59.0,3.05,112.53,24.35,288.54,9.83,57.9,28,Due,No Remarks,88.92,2.59
